[2026-05-10T15:11:11.171+0000] {manager.py:470} INFO - Processing files using up to 2 processes at a time 
[2026-05-10T15:11:11.174+0000] {manager.py:471} INFO - Process each file at most once every 30 seconds
[2026-05-10T15:11:11.175+0000] {manager.py:472} INFO - Checking for new files in /opt/airflow/dags every 300 seconds
[2026-05-10T15:11:11.177+0000] {manager.py:737} INFO - Searching for files in /opt/airflow/dags
[2026-05-10T15:11:11.228+0000] {manager.py:740} INFO - There are 1 files in /opt/airflow/dags
[2026-05-10T15:11:11.396+0000] {manager.py:878} INFO - 
================================================================================
DAG File Processing Stats

File Path                                 PID  Runtime      # DAGs    # Errors  Last Runtime    Last Run
--------------------------------------  -----  ---------  --------  ----------  --------------  ----------
/opt/airflow/dags/sneakerz_pipeline.py    172  0.07s             0           0
================================================================================
[2026-05-10T15:11:41.591+0000] {manager.py:878} INFO - 
================================================================================
DAG File Processing Stats

File Path                               PID    Runtime      # DAGs    # Errors  Last Runtime    Last Run
--------------------------------------  -----  ---------  --------  ----------  --------------  -------------------
/opt/airflow/dags/sneakerz_pipeline.py                           1           0  0.58s           2026-05-10T15:11:11
================================================================================
[2026-05-10T15:12:12.318+0000] {manager.py:878} INFO - 
================================================================================
DAG File Processing Stats

File Path                               PID    Runtime      # DAGs    # Errors  Last Runtime    Last Run
--------------------------------------  -----  ---------  --------  ----------  --------------  -------------------
/opt/airflow/dags/sneakerz_pipeline.py                           1           0  0.24s           2026-05-10T15:11:42
================================================================================
[2026-05-10T15:12:42.776+0000] {manager.py:878} INFO - 
================================================================================
DAG File Processing Stats

File Path                               PID    Runtime      # DAGs    # Errors  Last Runtime    Last Run
--------------------------------------  -----  ---------  --------  ----------  --------------  -------------------
/opt/airflow/dags/sneakerz_pipeline.py                           1           0  0.29s           2026-05-10T15:12:12
================================================================================
[2026-05-10T15:13:13.263+0000] {manager.py:878} INFO - 
================================================================================
DAG File Processing Stats

File Path                                 PID  Runtime      # DAGs    # Errors  Last Runtime    Last Run
--------------------------------------  -----  ---------  --------  ----------  --------------  -------------------
/opt/airflow/dags/sneakerz_pipeline.py    192  0.01s             1           0  0.21s           2026-05-10T15:12:43
================================================================================
[2026-05-10T15:13:43.601+0000] {manager.py:878} INFO - 
================================================================================
DAG File Processing Stats

File Path                               PID    Runtime      # DAGs    # Errors  Last Runtime    Last Run
--------------------------------------  -----  ---------  --------  ----------  --------------  -------------------
/opt/airflow/dags/sneakerz_pipeline.py                           1           0  0.39s           2026-05-10T15:13:13
================================================================================
[2026-05-10T15:14:14.055+0000] {manager.py:878} INFO - 
================================================================================
DAG File Processing Stats

File Path                               PID    Runtime      # DAGs    # Errors  Last Runtime    Last Run
--------------------------------------  -----  ---------  --------  ----------  --------------  -------------------
/opt/airflow/dags/sneakerz_pipeline.py                           1           0  0.29s           2026-05-10T15:13:44
================================================================================
[2026-05-10T15:14:44.534+0000] {manager.py:878} INFO - 
================================================================================
DAG File Processing Stats

File Path                               PID    Runtime      # DAGs    # Errors  Last Runtime    Last Run
--------------------------------------  -----  ---------  --------  ----------  --------------  -------------------
/opt/airflow/dags/sneakerz_pipeline.py                           1           0  0.26s           2026-05-10T15:14:14
================================================================================
[2026-05-10T15:15:14.984+0000] {manager.py:878} INFO - 
================================================================================
DAG File Processing Stats

File Path                               PID    Runtime      # DAGs    # Errors  Last Runtime    Last Run
--------------------------------------  -----  ---------  --------  ----------  --------------  -------------------
/opt/airflow/dags/sneakerz_pipeline.py                           1           0  0.23s           2026-05-10T15:14:45
================================================================================
[2026-05-10T15:15:45.411+0000] {manager.py:878} INFO - 
================================================================================
DAG File Processing Stats

File Path                               PID    Runtime      # DAGs    # Errors  Last Runtime    Last Run
--------------------------------------  -----  ---------  --------  ----------  --------------  -------------------
/opt/airflow/dags/sneakerz_pipeline.py                           1           0  0.30s           2026-05-10T15:15:15
================================================================================
[2026-05-10T15:16:11.882+0000] {manager.py:737} INFO - Searching for files in /opt/airflow/dags
[2026-05-10T15:16:11.918+0000] {manager.py:740} INFO - There are 1 files in /opt/airflow/dags
[2026-05-10T15:16:15.996+0000] {manager.py:878} INFO - 
================================================================================
DAG File Processing Stats

File Path                                 PID  Runtime      # DAGs    # Errors  Last Runtime    Last Run
--------------------------------------  -----  ---------  --------  ----------  --------------  -------------------
/opt/airflow/dags/sneakerz_pipeline.py    234  0.01s             1           0  0.24s           2026-05-10T15:15:45
================================================================================
[2026-05-10T15:16:46.358+0000] {manager.py:878} INFO - 
================================================================================
DAG File Processing Stats

File Path                                 PID  Runtime      # DAGs    # Errors  Last Runtime    Last Run
--------------------------------------  -----  ---------  --------  ----------  --------------  -------------------
/opt/airflow/dags/sneakerz_pipeline.py    239  0.01s             1           0  0.22s           2026-05-10T15:16:16
================================================================================
[2026-05-10T15:17:16.590+0000] {manager.py:878} INFO - 
================================================================================
DAG File Processing Stats

File Path                               PID    Runtime      # DAGs    # Errors  Last Runtime    Last Run
--------------------------------------  -----  ---------  --------  ----------  --------------  -------------------
/opt/airflow/dags/sneakerz_pipeline.py                           1           0  0.24s           2026-05-10T15:16:46
================================================================================
[2026-05-10T15:17:46.990+0000] {manager.py:878} INFO - 
================================================================================
DAG File Processing Stats

File Path                               PID    Runtime      # DAGs    # Errors  Last Runtime    Last Run
--------------------------------------  -----  ---------  --------  ----------  --------------  -------------------
/opt/airflow/dags/sneakerz_pipeline.py                           1           0  0.27s           2026-05-10T15:17:17
================================================================================
[2026-05-10T15:18:17.449+0000] {manager.py:878} INFO - 
================================================================================
DAG File Processing Stats

File Path                               PID    Runtime      # DAGs    # Errors  Last Runtime    Last Run
--------------------------------------  -----  ---------  --------  ----------  --------------  -------------------
/opt/airflow/dags/sneakerz_pipeline.py                           1           0  0.24s           2026-05-10T15:17:47
================================================================================
[2026-05-10T15:18:47.874+0000] {manager.py:878} INFO - 
================================================================================
DAG File Processing Stats

File Path                               PID    Runtime      # DAGs    # Errors  Last Runtime    Last Run
--------------------------------------  -----  ---------  --------  ----------  --------------  -------------------
/opt/airflow/dags/sneakerz_pipeline.py                           1           0  0.23s           2026-05-10T15:18:17
================================================================================
[2026-05-10T15:19:18.330+0000] {manager.py:878} INFO - 
================================================================================
DAG File Processing Stats

File Path                               PID    Runtime      # DAGs    # Errors  Last Runtime    Last Run
--------------------------------------  -----  ---------  --------  ----------  --------------  -------------------
/opt/airflow/dags/sneakerz_pipeline.py                           1           0  0.22s           2026-05-10T15:18:48
================================================================================
[2026-05-10T15:19:48.752+0000] {manager.py:878} INFO - 
================================================================================
DAG File Processing Stats

File Path                                 PID  Runtime      # DAGs    # Errors  Last Runtime    Last Run
--------------------------------------  -----  ---------  --------  ----------  --------------  -------------------
/opt/airflow/dags/sneakerz_pipeline.py    269  0.01s             1           0  0.20s           2026-05-10T15:19:18
================================================================================
[2026-05-10T15:20:19.151+0000] {manager.py:878} INFO - 
================================================================================
DAG File Processing Stats

File Path                                 PID  Runtime      # DAGs    # Errors  Last Runtime    Last Run
--------------------------------------  -----  ---------  --------  ----------  --------------  -------------------
/opt/airflow/dags/sneakerz_pipeline.py    274  0.01s             1           0  0.31s           2026-05-10T15:19:49
================================================================================
[2026-05-10T15:20:49.496+0000] {manager.py:878} INFO - 
================================================================================
DAG File Processing Stats

File Path                                 PID  Runtime      # DAGs    # Errors  Last Runtime    Last Run
--------------------------------------  -----  ---------  --------  ----------  --------------  -------------------
/opt/airflow/dags/sneakerz_pipeline.py    279  0.01s             1           0  0.19s           2026-05-10T15:20:19
================================================================================
[2026-05-10T15:20:50.025+0000] {manager.py:452} INFO - Exiting gracefully upon receiving signal 15
[2026-05-10T15:21:11.819+0000] {manager.py:470} INFO - Processing files using up to 2 processes at a time 
[2026-05-10T15:21:11.822+0000] {manager.py:471} INFO - Process each file at most once every 30 seconds
[2026-05-10T15:21:11.823+0000] {manager.py:472} INFO - Checking for new files in /opt/airflow/dags every 300 seconds
[2026-05-10T15:21:11.825+0000] {manager.py:737} INFO - Searching for files in /opt/airflow/dags
[2026-05-10T15:21:11.857+0000] {manager.py:740} INFO - There are 1 files in /opt/airflow/dags
[2026-05-10T15:21:12.012+0000] {manager.py:878} INFO - 
================================================================================
DAG File Processing Stats

File Path                                 PID  Runtime      # DAGs    # Errors  Last Runtime    Last Run
--------------------------------------  -----  ---------  --------  ----------  --------------  ----------
/opt/airflow/dags/sneakerz_pipeline.py    172  0.06s             0           0
================================================================================
[2026-05-10T15:21:42.223+0000] {manager.py:878} INFO - 
================================================================================
DAG File Processing Stats

File Path                               PID    Runtime      # DAGs    # Errors  Last Runtime    Last Run
--------------------------------------  -----  ---------  --------  ----------  --------------  -------------------
/opt/airflow/dags/sneakerz_pipeline.py                           1           0  0.54s           2026-05-10T15:21:12
================================================================================
[2026-05-10T15:22:12.250+0000] {manager.py:878} INFO - 
================================================================================
DAG File Processing Stats

File Path                               PID    Runtime      # DAGs    # Errors  Last Runtime    Last Run
--------------------------------------  -----  ---------  --------  ----------  --------------  -------------------
/opt/airflow/dags/sneakerz_pipeline.py                           1           0  0.37s           2026-05-10T15:21:43
================================================================================
[2026-05-10T15:22:42.478+0000] {manager.py:878} INFO - 
================================================================================
DAG File Processing Stats

File Path                               PID    Runtime      # DAGs    # Errors  Last Runtime    Last Run
--------------------------------------  -----  ---------  --------  ----------  --------------  -------------------
/opt/airflow/dags/sneakerz_pipeline.py                           1           0  0.34s           2026-05-10T15:22:13
================================================================================
[2026-05-10T15:23:12.509+0000] {manager.py:878} INFO - 
================================================================================
DAG File Processing Stats

File Path                               PID    Runtime      # DAGs    # Errors  Last Runtime    Last Run
--------------------------------------  -----  ---------  --------  ----------  --------------  -------------------
/opt/airflow/dags/sneakerz_pipeline.py                           1           0  0.50s           2026-05-10T15:22:44
================================================================================
[2026-05-10T15:23:42.721+0000] {manager.py:878} INFO - 
================================================================================
DAG File Processing Stats

File Path                               PID    Runtime      # DAGs    # Errors  Last Runtime    Last Run
--------------------------------------  -----  ---------  --------  ----------  --------------  -------------------
/opt/airflow/dags/sneakerz_pipeline.py                           1           0  0.23s           2026-05-10T15:23:14
================================================================================
[2026-05-10T15:24:13.173+0000] {manager.py:878} INFO - 
================================================================================
DAG File Processing Stats

File Path                               PID    Runtime      # DAGs    # Errors  Last Runtime    Last Run
--------------------------------------  -----  ---------  --------  ----------  --------------  -------------------
/opt/airflow/dags/sneakerz_pipeline.py                           1           0  0.26s           2026-05-10T15:23:45
================================================================================
[2026-05-10T15:24:43.589+0000] {manager.py:878} INFO - 
================================================================================
DAG File Processing Stats

File Path                               PID    Runtime      # DAGs    # Errors  Last Runtime    Last Run
--------------------------------------  -----  ---------  --------  ----------  --------------  -------------------
/opt/airflow/dags/sneakerz_pipeline.py                           1           0  0.22s           2026-05-10T15:24:15
================================================================================
[2026-05-10T15:25:13.984+0000] {manager.py:878} INFO - 
================================================================================
DAG File Processing Stats

File Path                               PID    Runtime      # DAGs    # Errors  Last Runtime    Last Run
--------------------------------------  -----  ---------  --------  ----------  --------------  -------------------
/opt/airflow/dags/sneakerz_pipeline.py                           1           0  0.26s           2026-05-10T15:24:46
================================================================================
[2026-05-10T15:25:44.457+0000] {manager.py:878} INFO - 
================================================================================
DAG File Processing Stats

File Path                               PID    Runtime      # DAGs    # Errors  Last Runtime    Last Run
--------------------------------------  -----  ---------  --------  ----------  --------------  -------------------
/opt/airflow/dags/sneakerz_pipeline.py                           1           0  0.20s           2026-05-10T15:25:16
================================================================================
[2026-05-10T15:26:11.838+0000] {manager.py:737} INFO - Searching for files in /opt/airflow/dags
[2026-05-10T15:26:11.866+0000] {manager.py:740} INFO - There are 1 files in /opt/airflow/dags
[2026-05-10T15:26:14.813+0000] {manager.py:878} INFO - 
================================================================================
DAG File Processing Stats

File Path                               PID    Runtime      # DAGs    # Errors  Last Runtime    Last Run
--------------------------------------  -----  ---------  --------  ----------  --------------  -------------------
/opt/airflow/dags/sneakerz_pipeline.py                           1           0  0.22s           2026-05-10T15:25:46
================================================================================
[2026-05-10T15:26:45.096+0000] {manager.py:878} INFO - 
================================================================================
DAG File Processing Stats

File Path                               PID    Runtime      # DAGs    # Errors  Last Runtime    Last Run
--------------------------------------  -----  ---------  --------  ----------  --------------  -------------------
/opt/airflow/dags/sneakerz_pipeline.py                           1           0  0.20s           2026-05-10T15:26:17
================================================================================
[2026-05-10T15:27:15.403+0000] {manager.py:878} INFO - 
================================================================================
DAG File Processing Stats

File Path                               PID    Runtime      # DAGs    # Errors  Last Runtime    Last Run
--------------------------------------  -----  ---------  --------  ----------  --------------  -------------------
/opt/airflow/dags/sneakerz_pipeline.py                           1           0  0.25s           2026-05-10T15:26:47
================================================================================
[2026-05-10T15:27:45.709+0000] {manager.py:878} INFO - 
================================================================================
DAG File Processing Stats

File Path                               PID    Runtime      # DAGs    # Errors  Last Runtime    Last Run
--------------------------------------  -----  ---------  --------  ----------  --------------  -------------------
/opt/airflow/dags/sneakerz_pipeline.py                           1           0  0.22s           2026-05-10T15:27:17
================================================================================
[2026-05-10T15:28:16.007+0000] {manager.py:878} INFO - 
================================================================================
DAG File Processing Stats

File Path                               PID    Runtime      # DAGs    # Errors  Last Runtime    Last Run
--------------------------------------  -----  ---------  --------  ----------  --------------  -------------------
/opt/airflow/dags/sneakerz_pipeline.py                           1           0  0.21s           2026-05-10T15:27:47
================================================================================
[2026-05-10T15:28:46.302+0000] {manager.py:878} INFO - 
================================================================================
DAG File Processing Stats

File Path                               PID    Runtime      # DAGs    # Errors  Last Runtime    Last Run
--------------------------------------  -----  ---------  --------  ----------  --------------  -------------------
/opt/airflow/dags/sneakerz_pipeline.py                           1           0  0.23s           2026-05-10T15:28:18
================================================================================
[2026-05-10T15:29:16.655+0000] {manager.py:878} INFO - 
================================================================================
DAG File Processing Stats

File Path                               PID    Runtime      # DAGs    # Errors  Last Runtime    Last Run
--------------------------------------  -----  ---------  --------  ----------  --------------  -------------------
/opt/airflow/dags/sneakerz_pipeline.py                           1           0  0.24s           2026-05-10T15:28:48
================================================================================
[2026-05-10T15:29:46.929+0000] {manager.py:878} INFO - 
================================================================================
DAG File Processing Stats

File Path                               PID    Runtime      # DAGs    # Errors  Last Runtime    Last Run
--------------------------------------  -----  ---------  --------  ----------  --------------  -------------------
/opt/airflow/dags/sneakerz_pipeline.py                           1           0  0.20s           2026-05-10T15:29:18
================================================================================
[2026-05-10T15:30:17.228+0000] {manager.py:878} INFO - 
================================================================================
DAG File Processing Stats

File Path                               PID    Runtime      # DAGs    # Errors  Last Runtime    Last Run
--------------------------------------  -----  ---------  --------  ----------  --------------  -------------------
/opt/airflow/dags/sneakerz_pipeline.py                           1           0  0.29s           2026-05-10T15:29:49
================================================================================
[2026-05-10T15:30:47.630+0000] {manager.py:878} INFO - 
================================================================================
DAG File Processing Stats

File Path                               PID    Runtime      # DAGs    # Errors  Last Runtime    Last Run
--------------------------------------  -----  ---------  --------  ----------  --------------  -------------------
/opt/airflow/dags/sneakerz_pipeline.py                           1           0  0.24s           2026-05-10T15:30:19
================================================================================
[2026-05-10T15:31:12.024+0000] {manager.py:737} INFO - Searching for files in /opt/airflow/dags
[2026-05-10T15:31:12.057+0000] {manager.py:740} INFO - There are 1 files in /opt/airflow/dags
[2026-05-10T15:31:18.114+0000] {manager.py:878} INFO - 
================================================================================
DAG File Processing Stats

File Path                               PID    Runtime      # DAGs    # Errors  Last Runtime    Last Run
--------------------------------------  -----  ---------  --------  ----------  --------------  -------------------
/opt/airflow/dags/sneakerz_pipeline.py                           1           0  0.21s           2026-05-10T15:30:50
================================================================================
[2026-05-10T15:31:48.457+0000] {manager.py:878} INFO - 
================================================================================
DAG File Processing Stats

File Path                               PID    Runtime      # DAGs    # Errors  Last Runtime    Last Run
--------------------------------------  -----  ---------  --------  ----------  --------------  -------------------
/opt/airflow/dags/sneakerz_pipeline.py                           1           0  0.21s           2026-05-10T15:31:20
================================================================================
[2026-05-10T15:32:18.730+0000] {manager.py:878} INFO - 
================================================================================
DAG File Processing Stats

File Path                               PID    Runtime      # DAGs    # Errors  Last Runtime    Last Run
--------------------------------------  -----  ---------  --------  ----------  --------------  -------------------
/opt/airflow/dags/sneakerz_pipeline.py                           1           0  0.25s           2026-05-10T15:31:50
================================================================================
[2026-05-10T15:32:49.116+0000] {manager.py:878} INFO - 
================================================================================
DAG File Processing Stats

File Path                               PID    Runtime      # DAGs    # Errors  Last Runtime    Last Run
--------------------------------------  -----  ---------  --------  ----------  --------------  -------------------
/opt/airflow/dags/sneakerz_pipeline.py                           1           0  0.23s           2026-05-10T15:32:20
================================================================================
[2026-05-10T15:33:19.338+0000] {manager.py:878} INFO - 
================================================================================
DAG File Processing Stats

File Path                               PID    Runtime      # DAGs    # Errors  Last Runtime    Last Run
--------------------------------------  -----  ---------  --------  ----------  --------------  -------------------
/opt/airflow/dags/sneakerz_pipeline.py                           1           0  0.20s           2026-05-10T15:32:51
================================================================================
[2026-05-10T15:33:49.723+0000] {manager.py:878} INFO - 
================================================================================
DAG File Processing Stats

File Path                               PID    Runtime      # DAGs    # Errors  Last Runtime    Last Run
--------------------------------------  -----  ---------  --------  ----------  --------------  -------------------
/opt/airflow/dags/sneakerz_pipeline.py                           1           0  0.23s           2026-05-10T15:33:21
================================================================================
[2026-05-10T15:34:19.999+0000] {manager.py:878} INFO - 
================================================================================
DAG File Processing Stats

File Path                               PID    Runtime      # DAGs    # Errors  Last Runtime    Last Run
--------------------------------------  -----  ---------  --------  ----------  --------------  -------------------
/opt/airflow/dags/sneakerz_pipeline.py                           1           0  0.38s           2026-05-10T15:33:52
================================================================================
[2026-05-10T15:34:50.547+0000] {manager.py:878} INFO - 
================================================================================
DAG File Processing Stats

File Path                               PID    Runtime      # DAGs    # Errors  Last Runtime    Last Run
--------------------------------------  -----  ---------  --------  ----------  --------------  -------------------
/opt/airflow/dags/sneakerz_pipeline.py                           1           0  0.22s           2026-05-10T15:34:22
================================================================================
[2026-05-10T15:35:20.967+0000] {manager.py:878} INFO - 
================================================================================
DAG File Processing Stats

File Path                               PID    Runtime      # DAGs    # Errors  Last Runtime    Last Run
--------------------------------------  -----  ---------  --------  ----------  --------------  -------------------
/opt/airflow/dags/sneakerz_pipeline.py                           1           0  0.23s           2026-05-10T15:34:53
================================================================================
[2026-05-10T15:35:51.387+0000] {manager.py:878} INFO - 
================================================================================
DAG File Processing Stats

File Path                               PID    Runtime      # DAGs    # Errors  Last Runtime    Last Run
--------------------------------------  -----  ---------  --------  ----------  --------------  -------------------
/opt/airflow/dags/sneakerz_pipeline.py                           1           0  0.22s           2026-05-10T15:35:23
================================================================================
[2026-05-10T15:36:12.764+0000] {manager.py:737} INFO - Searching for files in /opt/airflow/dags
[2026-05-10T15:36:12.807+0000] {manager.py:740} INFO - There are 1 files in /opt/airflow/dags
[2026-05-10T15:36:21.900+0000] {manager.py:878} INFO - 
================================================================================
DAG File Processing Stats

File Path                               PID    Runtime      # DAGs    # Errors  Last Runtime    Last Run
--------------------------------------  -----  ---------  --------  ----------  --------------  -------------------
/opt/airflow/dags/sneakerz_pipeline.py                           1           0  0.25s           2026-05-10T15:35:53
================================================================================
[2026-05-10T15:36:52.256+0000] {manager.py:878} INFO - 
================================================================================
DAG File Processing Stats

File Path                               PID    Runtime      # DAGs    # Errors  Last Runtime    Last Run
--------------------------------------  -----  ---------  --------  ----------  --------------  -------------------
/opt/airflow/dags/sneakerz_pipeline.py                           1           0  0.23s           2026-05-10T15:36:24
================================================================================
[2026-05-10T15:37:22.508+0000] {manager.py:878} INFO - 
================================================================================
DAG File Processing Stats

File Path                               PID    Runtime      # DAGs    # Errors  Last Runtime    Last Run
--------------------------------------  -----  ---------  --------  ----------  --------------  -------------------
/opt/airflow/dags/sneakerz_pipeline.py                           1           0  0.22s           2026-05-10T15:36:54
================================================================================
[2026-05-10T15:37:52.862+0000] {manager.py:878} INFO - 
================================================================================
DAG File Processing Stats

File Path                               PID    Runtime      # DAGs    # Errors  Last Runtime    Last Run
--------------------------------------  -----  ---------  --------  ----------  --------------  -------------------
/opt/airflow/dags/sneakerz_pipeline.py                           1           0  0.21s           2026-05-10T15:37:24
================================================================================
[2026-05-10T15:38:23.114+0000] {manager.py:878} INFO - 
================================================================================
DAG File Processing Stats

File Path                               PID    Runtime      # DAGs    # Errors  Last Runtime    Last Run
--------------------------------------  -----  ---------  --------  ----------  --------------  -------------------
/opt/airflow/dags/sneakerz_pipeline.py                           1           0  0.21s           2026-05-10T15:37:55
================================================================================
[2026-05-10T15:38:53.459+0000] {manager.py:878} INFO - 
================================================================================
DAG File Processing Stats

File Path                               PID    Runtime      # DAGs    # Errors  Last Runtime    Last Run
--------------------------------------  -----  ---------  --------  ----------  --------------  -------------------
/opt/airflow/dags/sneakerz_pipeline.py                           1           0  0.22s           2026-05-10T15:38:25
================================================================================
[2026-05-10T15:39:23.703+0000] {manager.py:878} INFO - 
================================================================================
DAG File Processing Stats

File Path                               PID    Runtime      # DAGs    # Errors  Last Runtime    Last Run
--------------------------------------  -----  ---------  --------  ----------  --------------  -------------------
/opt/airflow/dags/sneakerz_pipeline.py                           1           0  0.21s           2026-05-10T15:38:55
================================================================================
[2026-05-10T15:39:54.061+0000] {manager.py:878} INFO - 
================================================================================
DAG File Processing Stats

File Path                               PID    Runtime      # DAGs    # Errors  Last Runtime    Last Run
--------------------------------------  -----  ---------  --------  ----------  --------------  -------------------
/opt/airflow/dags/sneakerz_pipeline.py                           1           0  0.21s           2026-05-10T15:39:25
================================================================================
[2026-05-10T15:40:24.336+0000] {manager.py:878} INFO - 
================================================================================
DAG File Processing Stats

File Path                               PID    Runtime      # DAGs    # Errors  Last Runtime    Last Run
--------------------------------------  -----  ---------  --------  ----------  --------------  -------------------
/opt/airflow/dags/sneakerz_pipeline.py                           1           0  0.35s           2026-05-10T15:39:56
================================================================================
[2026-05-10T15:40:54.843+0000] {manager.py:878} INFO - 
================================================================================
DAG File Processing Stats

File Path                               PID    Runtime      # DAGs    # Errors  Last Runtime    Last Run
--------------------------------------  -----  ---------  --------  ----------  --------------  -------------------
/opt/airflow/dags/sneakerz_pipeline.py                           1           0  0.24s           2026-05-10T15:40:26
================================================================================
[2026-05-10T15:41:13.223+0000] {manager.py:737} INFO - Searching for files in /opt/airflow/dags
[2026-05-10T15:41:13.268+0000] {manager.py:740} INFO - There are 1 files in /opt/airflow/dags
[2026-05-10T15:41:25.371+0000] {manager.py:878} INFO - 
================================================================================
DAG File Processing Stats

File Path                               PID    Runtime      # DAGs    # Errors  Last Runtime    Last Run
--------------------------------------  -----  ---------  --------  ----------  --------------  -------------------
/opt/airflow/dags/sneakerz_pipeline.py                           1           0  0.25s           2026-05-10T15:40:57
================================================================================
[2026-05-10T15:41:55.706+0000] {manager.py:878} INFO - 
================================================================================
DAG File Processing Stats

File Path                               PID    Runtime      # DAGs    # Errors  Last Runtime    Last Run
--------------------------------------  -----  ---------  --------  ----------  --------------  -------------------
/opt/airflow/dags/sneakerz_pipeline.py                           1           0  0.21s           2026-05-10T15:41:27
================================================================================
[2026-05-10T15:42:25.985+0000] {manager.py:878} INFO - 
================================================================================
DAG File Processing Stats

File Path                               PID    Runtime      # DAGs    # Errors  Last Runtime    Last Run
--------------------------------------  -----  ---------  --------  ----------  --------------  -------------------
/opt/airflow/dags/sneakerz_pipeline.py                           1           0  0.21s           2026-05-10T15:41:57
================================================================================
[2026-05-10T15:42:56.293+0000] {manager.py:878} INFO - 
================================================================================
DAG File Processing Stats

File Path                               PID    Runtime      # DAGs    # Errors  Last Runtime    Last Run
--------------------------------------  -----  ---------  --------  ----------  --------------  -------------------
/opt/airflow/dags/sneakerz_pipeline.py                           1           0  0.20s           2026-05-10T15:42:28
================================================================================
[2026-05-10T15:43:26.571+0000] {manager.py:878} INFO - 
================================================================================
DAG File Processing Stats

File Path                               PID    Runtime      # DAGs    # Errors  Last Runtime    Last Run
--------------------------------------  -----  ---------  --------  ----------  --------------  -------------------
/opt/airflow/dags/sneakerz_pipeline.py                           1           0  0.21s           2026-05-10T15:42:58
================================================================================
[2026-05-10T15:43:56.899+0000] {manager.py:878} INFO - 
================================================================================
DAG File Processing Stats

File Path                               PID    Runtime      # DAGs    # Errors  Last Runtime    Last Run
--------------------------------------  -----  ---------  --------  ----------  --------------  -------------------
/opt/airflow/dags/sneakerz_pipeline.py                           1           0  0.20s           2026-05-10T15:43:28
================================================================================
[2026-05-10T15:44:27.191+0000] {manager.py:878} INFO - 
================================================================================
DAG File Processing Stats

File Path                               PID    Runtime      # DAGs    # Errors  Last Runtime    Last Run
--------------------------------------  -----  ---------  --------  ----------  --------------  -------------------
/opt/airflow/dags/sneakerz_pipeline.py                           1           0  0.28s           2026-05-10T15:43:59
================================================================================
[2026-05-10T15:44:57.571+0000] {manager.py:878} INFO - 
================================================================================
DAG File Processing Stats

File Path                               PID    Runtime      # DAGs    # Errors  Last Runtime    Last Run
--------------------------------------  -----  ---------  --------  ----------  --------------  -------------------
/opt/airflow/dags/sneakerz_pipeline.py                           1           0  0.20s           2026-05-10T15:44:29
================================================================================
[2026-05-10T15:45:27.957+0000] {manager.py:878} INFO - 
================================================================================
DAG File Processing Stats

File Path                               PID    Runtime      # DAGs    # Errors  Last Runtime    Last Run
--------------------------------------  -----  ---------  --------  ----------  --------------  -------------------
/opt/airflow/dags/sneakerz_pipeline.py                           1           0  0.22s           2026-05-10T15:44:59
================================================================================
[2026-05-10T15:45:58.374+0000] {manager.py:878} INFO - 
================================================================================
DAG File Processing Stats

File Path                               PID    Runtime      # DAGs    # Errors  Last Runtime    Last Run
--------------------------------------  -----  ---------  --------  ----------  --------------  -------------------
/opt/airflow/dags/sneakerz_pipeline.py                           1           0  0.20s           2026-05-10T15:45:30
================================================================================
[2026-05-10T15:46:13.666+0000] {manager.py:737} INFO - Searching for files in /opt/airflow/dags
[2026-05-10T15:46:13.695+0000] {manager.py:740} INFO - There are 1 files in /opt/airflow/dags
[2026-05-10T15:46:28.814+0000] {manager.py:878} INFO - 
================================================================================
DAG File Processing Stats

File Path                               PID    Runtime      # DAGs    # Errors  Last Runtime    Last Run
--------------------------------------  -----  ---------  --------  ----------  --------------  -------------------
/opt/airflow/dags/sneakerz_pipeline.py                           1           0  0.22s           2026-05-10T15:46:00
================================================================================
[2026-05-10T15:46:59.184+0000] {manager.py:878} INFO - 
================================================================================
DAG File Processing Stats

File Path                               PID    Runtime      # DAGs    # Errors  Last Runtime    Last Run
--------------------------------------  -----  ---------  --------  ----------  --------------  -------------------
/opt/airflow/dags/sneakerz_pipeline.py                           1           0  0.28s           2026-05-10T15:46:31
================================================================================
[2026-05-10T15:47:29.518+0000] {manager.py:878} INFO - 
================================================================================
DAG File Processing Stats

File Path                               PID    Runtime      # DAGs    # Errors  Last Runtime    Last Run
--------------------------------------  -----  ---------  --------  ----------  --------------  -------------------
/opt/airflow/dags/sneakerz_pipeline.py                           1           0  0.26s           2026-05-10T15:47:01
================================================================================
[2026-05-10T15:47:59.862+0000] {manager.py:878} INFO - 
================================================================================
DAG File Processing Stats

File Path                               PID    Runtime      # DAGs    # Errors  Last Runtime    Last Run
--------------------------------------  -----  ---------  --------  ----------  --------------  -------------------
/opt/airflow/dags/sneakerz_pipeline.py                           1           0  0.27s           2026-05-10T15:47:31
================================================================================
[2026-05-10T15:48:30.208+0000] {manager.py:878} INFO - 
================================================================================
DAG File Processing Stats

File Path                               PID    Runtime      # DAGs    # Errors  Last Runtime    Last Run
--------------------------------------  -----  ---------  --------  ----------  --------------  -------------------
/opt/airflow/dags/sneakerz_pipeline.py                           1           0  0.22s           2026-05-10T15:48:02
================================================================================
[2026-05-10T15:49:00.500+0000] {manager.py:878} INFO - 
================================================================================
DAG File Processing Stats

File Path                               PID    Runtime      # DAGs    # Errors  Last Runtime    Last Run
--------------------------------------  -----  ---------  --------  ----------  --------------  -------------------
/opt/airflow/dags/sneakerz_pipeline.py                           1           0  0.25s           2026-05-10T15:48:32
================================================================================
[2026-05-10T15:49:30.862+0000] {manager.py:878} INFO - 
================================================================================
DAG File Processing Stats

File Path                               PID    Runtime      # DAGs    # Errors  Last Runtime    Last Run
--------------------------------------  -----  ---------  --------  ----------  --------------  -------------------
/opt/airflow/dags/sneakerz_pipeline.py                           1           0  0.40s           2026-05-10T15:49:02
================================================================================
[2026-05-10T15:50:01.346+0000] {manager.py:878} INFO - 
================================================================================
DAG File Processing Stats

File Path                               PID    Runtime      # DAGs    # Errors  Last Runtime    Last Run
--------------------------------------  -----  ---------  --------  ----------  --------------  -------------------
/opt/airflow/dags/sneakerz_pipeline.py                           1           0  0.24s           2026-05-10T15:49:33
================================================================================
[2026-05-10T15:50:31.767+0000] {manager.py:878} INFO - 
================================================================================
DAG File Processing Stats

File Path                               PID    Runtime      # DAGs    # Errors  Last Runtime    Last Run
--------------------------------------  -----  ---------  --------  ----------  --------------  -------------------
/opt/airflow/dags/sneakerz_pipeline.py                           1           0  0.21s           2026-05-10T15:50:03
================================================================================
[2026-05-10T15:51:02.155+0000] {manager.py:878} INFO - 
================================================================================
DAG File Processing Stats

File Path                               PID    Runtime      # DAGs    # Errors  Last Runtime    Last Run
--------------------------------------  -----  ---------  --------  ----------  --------------  -------------------
/opt/airflow/dags/sneakerz_pipeline.py                           1           0  0.23s           2026-05-10T15:50:34
================================================================================
[2026-05-10T15:51:13.684+0000] {manager.py:737} INFO - Searching for files in /opt/airflow/dags
[2026-05-10T15:51:13.711+0000] {manager.py:740} INFO - There are 1 files in /opt/airflow/dags
[2026-05-10T15:51:32.584+0000] {manager.py:878} INFO - 
================================================================================
DAG File Processing Stats

File Path                               PID    Runtime      # DAGs    # Errors  Last Runtime    Last Run
--------------------------------------  -----  ---------  --------  ----------  --------------  -------------------
/opt/airflow/dags/sneakerz_pipeline.py                           1           0  0.24s           2026-05-10T15:51:04
================================================================================
[2026-05-10T15:52:03.047+0000] {manager.py:878} INFO - 
================================================================================
DAG File Processing Stats

File Path                               PID    Runtime      # DAGs    # Errors  Last Runtime    Last Run
--------------------------------------  -----  ---------  --------  ----------  --------------  -------------------
/opt/airflow/dags/sneakerz_pipeline.py                           1           0  0.21s           2026-05-10T15:51:35
================================================================================
[2026-05-10T15:52:33.456+0000] {manager.py:878} INFO - 
================================================================================
DAG File Processing Stats

File Path                               PID    Runtime      # DAGs    # Errors  Last Runtime    Last Run
--------------------------------------  -----  ---------  --------  ----------  --------------  -------------------
/opt/airflow/dags/sneakerz_pipeline.py                           1           0  0.24s           2026-05-10T15:52:05
================================================================================
[2026-05-10T15:53:03.869+0000] {manager.py:878} INFO - 
================================================================================
DAG File Processing Stats

File Path                               PID    Runtime      # DAGs    # Errors  Last Runtime    Last Run
--------------------------------------  -----  ---------  --------  ----------  --------------  -------------------
/opt/airflow/dags/sneakerz_pipeline.py                           1           0  0.22s           2026-05-10T15:52:35
================================================================================
[2026-05-10T15:53:34.273+0000] {manager.py:878} INFO - 
================================================================================
DAG File Processing Stats

File Path                               PID    Runtime      # DAGs    # Errors  Last Runtime    Last Run
--------------------------------------  -----  ---------  --------  ----------  --------------  -------------------
/opt/airflow/dags/sneakerz_pipeline.py                           1           0  0.21s           2026-05-10T15:53:06
================================================================================
[2026-05-10T15:54:04.700+0000] {manager.py:878} INFO - 
================================================================================
DAG File Processing Stats

File Path                               PID    Runtime      # DAGs    # Errors  Last Runtime    Last Run
--------------------------------------  -----  ---------  --------  ----------  --------------  -------------------
/opt/airflow/dags/sneakerz_pipeline.py                           1           0  0.23s           2026-05-10T15:53:36
================================================================================
[2026-05-10T15:54:35.086+0000] {manager.py:878} INFO - 
================================================================================
DAG File Processing Stats

File Path                               PID    Runtime      # DAGs    # Errors  Last Runtime    Last Run
--------------------------------------  -----  ---------  --------  ----------  --------------  -------------------
/opt/airflow/dags/sneakerz_pipeline.py                           1           0  0.21s           2026-05-10T15:54:07
================================================================================
[2026-05-10T15:55:05.481+0000] {manager.py:878} INFO - 
================================================================================
DAG File Processing Stats

File Path                               PID    Runtime      # DAGs    # Errors  Last Runtime    Last Run
--------------------------------------  -----  ---------  --------  ----------  --------------  -------------------
/opt/airflow/dags/sneakerz_pipeline.py                           1           0  0.20s           2026-05-10T15:54:37
================================================================================
[2026-05-10T15:55:35.887+0000] {manager.py:878} INFO - 
================================================================================
DAG File Processing Stats

File Path                               PID    Runtime      # DAGs    # Errors  Last Runtime    Last Run
--------------------------------------  -----  ---------  --------  ----------  --------------  -------------------
/opt/airflow/dags/sneakerz_pipeline.py                           1           0  0.21s           2026-05-10T15:55:07
================================================================================
[2026-05-10T15:56:06.275+0000] {manager.py:878} INFO - 
================================================================================
DAG File Processing Stats

File Path                               PID    Runtime      # DAGs    # Errors  Last Runtime    Last Run
--------------------------------------  -----  ---------  --------  ----------  --------------  -------------------
/opt/airflow/dags/sneakerz_pipeline.py                           1           0  0.23s           2026-05-10T15:55:38
================================================================================
[2026-05-10T15:56:13.828+0000] {manager.py:737} INFO - Searching for files in /opt/airflow/dags
[2026-05-10T15:56:13.867+0000] {manager.py:740} INFO - There are 1 files in /opt/airflow/dags
[2026-05-10T15:56:36.745+0000] {manager.py:878} INFO - 
================================================================================
DAG File Processing Stats

File Path                               PID    Runtime      # DAGs    # Errors  Last Runtime    Last Run
--------------------------------------  -----  ---------  --------  ----------  --------------  -------------------
/opt/airflow/dags/sneakerz_pipeline.py                           1           0  0.25s           2026-05-10T15:56:08
================================================================================
[2026-05-10T15:57:07.263+0000] {manager.py:878} INFO - 
================================================================================
DAG File Processing Stats

File Path                               PID    Runtime      # DAGs    # Errors  Last Runtime    Last Run
--------------------------------------  -----  ---------  --------  ----------  --------------  -------------------
/opt/airflow/dags/sneakerz_pipeline.py                           1           0  0.20s           2026-05-10T15:56:39
================================================================================
[2026-05-10T15:57:37.629+0000] {manager.py:878} INFO - 
================================================================================
DAG File Processing Stats

File Path                               PID    Runtime      # DAGs    # Errors  Last Runtime    Last Run
--------------------------------------  -----  ---------  --------  ----------  --------------  -------------------
/opt/airflow/dags/sneakerz_pipeline.py                           1           0  0.24s           2026-05-10T15:57:09
================================================================================
[2026-05-10T15:58:07.877+0000] {manager.py:878} INFO - 
================================================================================
DAG File Processing Stats

File Path                               PID    Runtime      # DAGs    # Errors  Last Runtime    Last Run
--------------------------------------  -----  ---------  --------  ----------  --------------  -------------------
/opt/airflow/dags/sneakerz_pipeline.py                           1           0  0.23s           2026-05-10T15:57:39
================================================================================
[2026-05-10T15:58:38.281+0000] {manager.py:878} INFO - 
================================================================================
DAG File Processing Stats

File Path                               PID    Runtime      # DAGs    # Errors  Last Runtime    Last Run
--------------------------------------  -----  ---------  --------  ----------  --------------  -------------------
/opt/airflow/dags/sneakerz_pipeline.py                           1           0  0.26s           2026-05-10T15:58:10
================================================================================
[2026-05-10T15:59:08.709+0000] {manager.py:878} INFO - 
================================================================================
DAG File Processing Stats

File Path                               PID    Runtime      # DAGs    # Errors  Last Runtime    Last Run
--------------------------------------  -----  ---------  --------  ----------  --------------  -------------------
/opt/airflow/dags/sneakerz_pipeline.py                           1           0  0.22s           2026-05-10T15:58:40
================================================================================
[2026-05-10T15:59:39.128+0000] {manager.py:878} INFO - 
================================================================================
DAG File Processing Stats

File Path                               PID    Runtime      # DAGs    # Errors  Last Runtime    Last Run
--------------------------------------  -----  ---------  --------  ----------  --------------  -------------------
/opt/airflow/dags/sneakerz_pipeline.py                           1           0  0.20s           2026-05-10T15:59:11
================================================================================
[2026-05-10T16:00:09.510+0000] {manager.py:878} INFO - 
================================================================================
DAG File Processing Stats

File Path                               PID    Runtime      # DAGs    # Errors  Last Runtime    Last Run
--------------------------------------  -----  ---------  --------  ----------  --------------  -------------------
/opt/airflow/dags/sneakerz_pipeline.py                           1           0  0.21s           2026-05-10T15:59:41
================================================================================
[2026-05-10T16:00:39.926+0000] {manager.py:878} INFO - 
================================================================================
DAG File Processing Stats

File Path                               PID    Runtime      # DAGs    # Errors  Last Runtime    Last Run
--------------------------------------  -----  ---------  --------  ----------  --------------  -------------------
/opt/airflow/dags/sneakerz_pipeline.py                           1           0  0.22s           2026-05-10T16:00:11
================================================================================
[2026-05-10T16:01:10.333+0000] {manager.py:878} INFO - 
================================================================================
DAG File Processing Stats

File Path                               PID    Runtime      # DAGs    # Errors  Last Runtime    Last Run
--------------------------------------  -----  ---------  --------  ----------  --------------  -------------------
/opt/airflow/dags/sneakerz_pipeline.py                           1           0  0.23s           2026-05-10T16:00:42
================================================================================
[2026-05-10T16:01:14.590+0000] {manager.py:737} INFO - Searching for files in /opt/airflow/dags
[2026-05-10T16:01:14.620+0000] {manager.py:740} INFO - There are 1 files in /opt/airflow/dags
[2026-05-10T16:01:40.815+0000] {manager.py:878} INFO - 
================================================================================
DAG File Processing Stats

File Path                               PID    Runtime      # DAGs    # Errors  Last Runtime    Last Run
--------------------------------------  -----  ---------  --------  ----------  --------------  -------------------
/opt/airflow/dags/sneakerz_pipeline.py                           1           0  0.21s           2026-05-10T16:01:12
================================================================================
[2026-05-10T16:02:11.165+0000] {manager.py:878} INFO - 
================================================================================
DAG File Processing Stats

File Path                               PID    Runtime      # DAGs    # Errors  Last Runtime    Last Run
--------------------------------------  -----  ---------  --------  ----------  --------------  -------------------
/opt/airflow/dags/sneakerz_pipeline.py                           1           0  0.22s           2026-05-10T16:01:43
================================================================================
[2026-05-10T16:02:41.406+0000] {manager.py:878} INFO - 
================================================================================
DAG File Processing Stats

File Path                               PID    Runtime      # DAGs    # Errors  Last Runtime    Last Run
--------------------------------------  -----  ---------  --------  ----------  --------------  -------------------
/opt/airflow/dags/sneakerz_pipeline.py                           1           0  0.22s           2026-05-10T16:02:13
================================================================================
[2026-05-10T16:03:11.753+0000] {manager.py:878} INFO - 
================================================================================
DAG File Processing Stats

File Path                               PID    Runtime      # DAGs    # Errors  Last Runtime    Last Run
--------------------------------------  -----  ---------  --------  ----------  --------------  -------------------
/opt/airflow/dags/sneakerz_pipeline.py                           1           0  0.23s           2026-05-10T16:02:43
================================================================================
[2026-05-10T16:03:42.026+0000] {manager.py:878} INFO - 
================================================================================
DAG File Processing Stats

File Path                               PID    Runtime      # DAGs    # Errors  Last Runtime    Last Run
--------------------------------------  -----  ---------  --------  ----------  --------------  -------------------
/opt/airflow/dags/sneakerz_pipeline.py                           1           0  0.24s           2026-05-10T16:03:14
================================================================================
[2026-05-10T16:04:12.360+0000] {manager.py:878} INFO - 
================================================================================
DAG File Processing Stats

File Path                               PID    Runtime      # DAGs    # Errors  Last Runtime    Last Run
--------------------------------------  -----  ---------  --------  ----------  --------------  -------------------
/opt/airflow/dags/sneakerz_pipeline.py                           1           0  0.23s           2026-05-10T16:03:44
================================================================================
[2026-05-10T16:04:42.663+0000] {manager.py:878} INFO - 
================================================================================
DAG File Processing Stats

File Path                               PID    Runtime      # DAGs    # Errors  Last Runtime    Last Run
--------------------------------------  -----  ---------  --------  ----------  --------------  -------------------
/opt/airflow/dags/sneakerz_pipeline.py                           1           0  0.21s           2026-05-10T16:04:14
================================================================================
[2026-05-10T16:05:12.954+0000] {manager.py:878} INFO - 
================================================================================
DAG File Processing Stats

File Path                               PID    Runtime      # DAGs    # Errors  Last Runtime    Last Run
--------------------------------------  -----  ---------  --------  ----------  --------------  -------------------
/opt/airflow/dags/sneakerz_pipeline.py                           1           0  0.22s           2026-05-10T16:04:44
================================================================================
[2026-05-10T16:05:43.293+0000] {manager.py:878} INFO - 
================================================================================
DAG File Processing Stats

File Path                               PID    Runtime      # DAGs    # Errors  Last Runtime    Last Run
--------------------------------------  -----  ---------  --------  ----------  --------------  -------------------
/opt/airflow/dags/sneakerz_pipeline.py                           1           0  0.22s           2026-05-10T16:05:15
================================================================================
[2026-05-10T16:06:13.574+0000] {manager.py:878} INFO - 
================================================================================
DAG File Processing Stats

File Path                               PID    Runtime      # DAGs    # Errors  Last Runtime    Last Run
--------------------------------------  -----  ---------  --------  ----------  --------------  -------------------
/opt/airflow/dags/sneakerz_pipeline.py                           1           0  0.22s           2026-05-10T16:05:45
================================================================================
[2026-05-10T16:06:14.708+0000] {manager.py:737} INFO - Searching for files in /opt/airflow/dags
[2026-05-10T16:06:14.736+0000] {manager.py:740} INFO - There are 1 files in /opt/airflow/dags
[2026-05-10T16:06:43.964+0000] {manager.py:878} INFO - 
================================================================================
DAG File Processing Stats

File Path                               PID    Runtime      # DAGs    # Errors  Last Runtime    Last Run
--------------------------------------  -----  ---------  --------  ----------  --------------  -------------------
/opt/airflow/dags/sneakerz_pipeline.py                           1           0  0.22s           2026-05-10T16:06:15
================================================================================
[2026-05-10T16:07:14.189+0000] {manager.py:878} INFO - 
================================================================================
DAG File Processing Stats

File Path                               PID    Runtime      # DAGs    # Errors  Last Runtime    Last Run
--------------------------------------  -----  ---------  --------  ----------  --------------  -------------------
/opt/airflow/dags/sneakerz_pipeline.py                           1           0  0.19s           2026-05-10T16:06:46
================================================================================
[2026-05-10T16:07:44.553+0000] {manager.py:878} INFO - 
================================================================================
DAG File Processing Stats

File Path                               PID    Runtime      # DAGs    # Errors  Last Runtime    Last Run
--------------------------------------  -----  ---------  --------  ----------  --------------  -------------------
/opt/airflow/dags/sneakerz_pipeline.py                           1           0  0.22s           2026-05-10T16:07:16
================================================================================
[2026-05-10T16:08:14.785+0000] {manager.py:878} INFO - 
================================================================================
DAG File Processing Stats

File Path                               PID    Runtime      # DAGs    # Errors  Last Runtime    Last Run
--------------------------------------  -----  ---------  --------  ----------  --------------  -------------------
/opt/airflow/dags/sneakerz_pipeline.py                           1           0  0.22s           2026-05-10T16:07:46
================================================================================
[2026-05-10T16:08:45.159+0000] {manager.py:878} INFO - 
================================================================================
DAG File Processing Stats

File Path                               PID    Runtime      # DAGs    # Errors  Last Runtime    Last Run
--------------------------------------  -----  ---------  --------  ----------  --------------  -------------------
/opt/airflow/dags/sneakerz_pipeline.py                           1           0  0.36s           2026-05-10T16:08:17
================================================================================
[2026-05-10T16:09:15.549+0000] {manager.py:878} INFO - 
================================================================================
DAG File Processing Stats

File Path                               PID    Runtime      # DAGs    # Errors  Last Runtime    Last Run
--------------------------------------  -----  ---------  --------  ----------  --------------  -------------------
/opt/airflow/dags/sneakerz_pipeline.py                           1           0  0.22s           2026-05-10T16:08:47
================================================================================
[2026-05-10T16:09:45.959+0000] {manager.py:878} INFO - 
================================================================================
DAG File Processing Stats

File Path                               PID    Runtime      # DAGs    # Errors  Last Runtime    Last Run
--------------------------------------  -----  ---------  --------  ----------  --------------  -------------------
/opt/airflow/dags/sneakerz_pipeline.py                           1           0  0.23s           2026-05-10T16:09:17
================================================================================
[2026-05-10T16:10:16.389+0000] {manager.py:878} INFO - 
================================================================================
DAG File Processing Stats

File Path                               PID    Runtime      # DAGs    # Errors  Last Runtime    Last Run
--------------------------------------  -----  ---------  --------  ----------  --------------  -------------------
/opt/airflow/dags/sneakerz_pipeline.py                           1           0  0.23s           2026-05-10T16:09:48
================================================================================
[2026-05-10T16:10:46.819+0000] {manager.py:878} INFO - 
================================================================================
DAG File Processing Stats

File Path                               PID    Runtime      # DAGs    # Errors  Last Runtime    Last Run
--------------------------------------  -----  ---------  --------  ----------  --------------  -------------------
/opt/airflow/dags/sneakerz_pipeline.py                           1           0  0.20s           2026-05-10T16:10:18
================================================================================
[2026-05-10T16:11:15.203+0000] {manager.py:737} INFO - Searching for files in /opt/airflow/dags
[2026-05-10T16:11:15.230+0000] {manager.py:740} INFO - There are 1 files in /opt/airflow/dags
[2026-05-10T16:11:17.261+0000] {manager.py:878} INFO - 
================================================================================
DAG File Processing Stats

File Path                               PID    Runtime      # DAGs    # Errors  Last Runtime    Last Run
--------------------------------------  -----  ---------  --------  ----------  --------------  -------------------
/opt/airflow/dags/sneakerz_pipeline.py                           1           0  0.23s           2026-05-10T16:10:49
================================================================================
[2026-05-10T16:11:47.620+0000] {manager.py:878} INFO - 
================================================================================
DAG File Processing Stats

File Path                               PID    Runtime      # DAGs    # Errors  Last Runtime    Last Run
--------------------------------------  -----  ---------  --------  ----------  --------------  -------------------
/opt/airflow/dags/sneakerz_pipeline.py                           1           0  0.24s           2026-05-10T16:11:19
================================================================================
[2026-05-10T16:12:17.894+0000] {manager.py:878} INFO - 
================================================================================
DAG File Processing Stats

File Path                               PID    Runtime      # DAGs    # Errors  Last Runtime    Last Run
--------------------------------------  -----  ---------  --------  ----------  --------------  -------------------
/opt/airflow/dags/sneakerz_pipeline.py                           1           0  0.22s           2026-05-10T16:11:49
================================================================================
[2026-05-10T16:12:48.224+0000] {manager.py:878} INFO - 
================================================================================
DAG File Processing Stats

File Path                               PID    Runtime      # DAGs    # Errors  Last Runtime    Last Run
--------------------------------------  -----  ---------  --------  ----------  --------------  -------------------
/opt/airflow/dags/sneakerz_pipeline.py                           1           0  0.23s           2026-05-10T16:12:20
================================================================================
[2026-05-10T16:13:18.519+0000] {manager.py:878} INFO - 
================================================================================
DAG File Processing Stats

File Path                               PID    Runtime      # DAGs    # Errors  Last Runtime    Last Run
--------------------------------------  -----  ---------  --------  ----------  --------------  -------------------
/opt/airflow/dags/sneakerz_pipeline.py                           1           0  0.20s           2026-05-10T16:12:50
================================================================================
[2026-05-10T16:13:48.819+0000] {manager.py:878} INFO - 
================================================================================
DAG File Processing Stats

File Path                               PID    Runtime      # DAGs    # Errors  Last Runtime    Last Run
--------------------------------------  -----  ---------  --------  ----------  --------------  -------------------
/opt/airflow/dags/sneakerz_pipeline.py                           1           0  0.19s           2026-05-10T16:13:20
================================================================================
[2026-05-10T16:14:19.067+0000] {manager.py:878} INFO - 
================================================================================
DAG File Processing Stats

File Path                               PID    Runtime      # DAGs    # Errors  Last Runtime    Last Run
--------------------------------------  -----  ---------  --------  ----------  --------------  -------------------
/opt/airflow/dags/sneakerz_pipeline.py                           1           0  0.20s           2026-05-10T16:13:51
================================================================================
[2026-05-10T16:14:49.388+0000] {manager.py:878} INFO - 
================================================================================
DAG File Processing Stats

File Path                               PID    Runtime      # DAGs    # Errors  Last Runtime    Last Run
--------------------------------------  -----  ---------  --------  ----------  --------------  -------------------
/opt/airflow/dags/sneakerz_pipeline.py                           1           0  0.20s           2026-05-10T16:14:21
================================================================================
[2026-05-10T16:15:19.627+0000] {manager.py:878} INFO - 
================================================================================
DAG File Processing Stats

File Path                               PID    Runtime      # DAGs    # Errors  Last Runtime    Last Run
--------------------------------------  -----  ---------  --------  ----------  --------------  -------------------
/opt/airflow/dags/sneakerz_pipeline.py                           1           0  0.24s           2026-05-10T16:14:51
================================================================================
[2026-05-10T16:15:50.005+0000] {manager.py:878} INFO - 
================================================================================
DAG File Processing Stats

File Path                               PID    Runtime      # DAGs    # Errors  Last Runtime    Last Run
--------------------------------------  -----  ---------  --------  ----------  --------------  -------------------
/opt/airflow/dags/sneakerz_pipeline.py                           1           0  0.19s           2026-05-10T16:15:22
================================================================================
[2026-05-10T16:16:15.308+0000] {manager.py:737} INFO - Searching for files in /opt/airflow/dags
[2026-05-10T16:16:15.334+0000] {manager.py:740} INFO - There are 1 files in /opt/airflow/dags
[2026-05-10T16:16:20.380+0000] {manager.py:878} INFO - 
================================================================================
DAG File Processing Stats

File Path                               PID    Runtime      # DAGs    # Errors  Last Runtime    Last Run
--------------------------------------  -----  ---------  --------  ----------  --------------  -------------------
/opt/airflow/dags/sneakerz_pipeline.py                           1           0  0.23s           2026-05-10T16:15:52
================================================================================
[2026-05-10T16:16:50.579+0000] {manager.py:878} INFO - 
================================================================================
DAG File Processing Stats

File Path                               PID    Runtime      # DAGs    # Errors  Last Runtime    Last Run
--------------------------------------  -----  ---------  --------  ----------  --------------  -------------------
/opt/airflow/dags/sneakerz_pipeline.py                           1           0  0.20s           2026-05-10T16:16:22
================================================================================
[2026-05-10T16:17:20.975+0000] {manager.py:878} INFO - 
================================================================================
DAG File Processing Stats

File Path                               PID    Runtime      # DAGs    # Errors  Last Runtime    Last Run
--------------------------------------  -----  ---------  --------  ----------  --------------  -------------------
/opt/airflow/dags/sneakerz_pipeline.py                           1           0  0.20s           2026-05-10T16:16:52
================================================================================
[2026-05-10T16:17:51.318+0000] {manager.py:878} INFO - 
================================================================================
DAG File Processing Stats

File Path                               PID    Runtime      # DAGs    # Errors  Last Runtime    Last Run
--------------------------------------  -----  ---------  --------  ----------  --------------  -------------------
/opt/airflow/dags/sneakerz_pipeline.py                           1           0  0.19s           2026-05-10T16:17:23
================================================================================
[2026-05-10T16:18:21.532+0000] {manager.py:878} INFO - 
================================================================================
DAG File Processing Stats

File Path                               PID    Runtime      # DAGs    # Errors  Last Runtime    Last Run
--------------------------------------  -----  ---------  --------  ----------  --------------  -------------------
/opt/airflow/dags/sneakerz_pipeline.py                           1           0  0.21s           2026-05-10T16:17:53
================================================================================
[2026-05-10T16:18:51.894+0000] {manager.py:878} INFO - 
================================================================================
DAG File Processing Stats

File Path                               PID    Runtime      # DAGs    # Errors  Last Runtime    Last Run
--------------------------------------  -----  ---------  --------  ----------  --------------  -------------------
/opt/airflow/dags/sneakerz_pipeline.py                           1           0  0.25s           2026-05-10T16:18:23
================================================================================
[2026-05-10T16:19:22.318+0000] {manager.py:878} INFO - 
================================================================================
DAG File Processing Stats

File Path                               PID    Runtime      # DAGs    # Errors  Last Runtime    Last Run
--------------------------------------  -----  ---------  --------  ----------  --------------  -------------------
/opt/airflow/dags/sneakerz_pipeline.py                           1           0  0.20s           2026-05-10T16:18:54
================================================================================
[2026-05-10T16:19:52.699+0000] {manager.py:878} INFO - 
================================================================================
DAG File Processing Stats

File Path                               PID    Runtime      # DAGs    # Errors  Last Runtime    Last Run
--------------------------------------  -----  ---------  --------  ----------  --------------  -------------------
/opt/airflow/dags/sneakerz_pipeline.py                           1           0  0.20s           2026-05-10T16:19:24
================================================================================
[2026-05-10T16:20:23.073+0000] {manager.py:878} INFO - 
================================================================================
DAG File Processing Stats

File Path                               PID    Runtime      # DAGs    # Errors  Last Runtime    Last Run
--------------------------------------  -----  ---------  --------  ----------  --------------  -------------------
/opt/airflow/dags/sneakerz_pipeline.py                           1           0  0.19s           2026-05-10T16:19:55
================================================================================
[2026-05-10T16:20:53.441+0000] {manager.py:878} INFO - 
================================================================================
DAG File Processing Stats

File Path                               PID    Runtime      # DAGs    # Errors  Last Runtime    Last Run
--------------------------------------  -----  ---------  --------  ----------  --------------  -------------------
/opt/airflow/dags/sneakerz_pipeline.py                           1           0  0.21s           2026-05-10T16:20:25
================================================================================
[2026-05-10T16:21:15.780+0000] {manager.py:737} INFO - Searching for files in /opt/airflow/dags
[2026-05-10T16:21:15.806+0000] {manager.py:740} INFO - There are 1 files in /opt/airflow/dags
[2026-05-10T16:21:23.873+0000] {manager.py:878} INFO - 
================================================================================
DAG File Processing Stats

File Path                               PID    Runtime      # DAGs    # Errors  Last Runtime    Last Run
--------------------------------------  -----  ---------  --------  ----------  --------------  -------------------
/opt/airflow/dags/sneakerz_pipeline.py                           1           0  0.19s           2026-05-10T16:20:55
================================================================================
[2026-05-10T16:21:54.173+0000] {manager.py:878} INFO - 
================================================================================
DAG File Processing Stats

File Path                               PID    Runtime      # DAGs    # Errors  Last Runtime    Last Run
--------------------------------------  -----  ---------  --------  ----------  --------------  -------------------
/opt/airflow/dags/sneakerz_pipeline.py                           1           0  0.21s           2026-05-10T16:21:26
================================================================================
[2026-05-10T16:22:24.435+0000] {manager.py:878} INFO - 
================================================================================
DAG File Processing Stats

File Path                               PID    Runtime      # DAGs    # Errors  Last Runtime    Last Run
--------------------------------------  -----  ---------  --------  ----------  --------------  -------------------
/opt/airflow/dags/sneakerz_pipeline.py                           1           0  0.19s           2026-05-10T16:21:56
================================================================================
[2026-05-10T16:22:54.732+0000] {manager.py:878} INFO - 
================================================================================
DAG File Processing Stats

File Path                               PID    Runtime      # DAGs    # Errors  Last Runtime    Last Run
--------------------------------------  -----  ---------  --------  ----------  --------------  -------------------
/opt/airflow/dags/sneakerz_pipeline.py                           1           0  0.19s           2026-05-10T16:22:26
================================================================================
[2026-05-10T16:23:24.982+0000] {manager.py:878} INFO - 
================================================================================
DAG File Processing Stats

File Path                               PID    Runtime      # DAGs    # Errors  Last Runtime    Last Run
--------------------------------------  -----  ---------  --------  ----------  --------------  -------------------
/opt/airflow/dags/sneakerz_pipeline.py                           1           0  0.21s           2026-05-10T16:22:56
================================================================================
[2026-05-10T16:23:55.308+0000] {manager.py:878} INFO - 
================================================================================
DAG File Processing Stats

File Path                               PID    Runtime      # DAGs    # Errors  Last Runtime    Last Run
--------------------------------------  -----  ---------  --------  ----------  --------------  -------------------
/opt/airflow/dags/sneakerz_pipeline.py                           1           0  0.20s           2026-05-10T16:23:27
================================================================================
[2026-05-10T16:24:25.527+0000] {manager.py:878} INFO - 
================================================================================
DAG File Processing Stats

File Path                               PID    Runtime      # DAGs    # Errors  Last Runtime    Last Run
--------------------------------------  -----  ---------  --------  ----------  --------------  -------------------
/opt/airflow/dags/sneakerz_pipeline.py                           1           0  0.19s           2026-05-10T16:23:57
================================================================================
[2026-05-10T16:24:55.865+0000] {manager.py:878} INFO - 
================================================================================
DAG File Processing Stats

File Path                               PID    Runtime      # DAGs    # Errors  Last Runtime    Last Run
--------------------------------------  -----  ---------  --------  ----------  --------------  -------------------
/opt/airflow/dags/sneakerz_pipeline.py                           1           0  0.20s           2026-05-10T16:24:27
================================================================================
[2026-05-10T16:25:26.064+0000] {manager.py:878} INFO - 
================================================================================
DAG File Processing Stats

File Path                               PID    Runtime      # DAGs    # Errors  Last Runtime    Last Run
--------------------------------------  -----  ---------  --------  ----------  --------------  -------------------
/opt/airflow/dags/sneakerz_pipeline.py                           1           0  0.19s           2026-05-10T16:24:58
================================================================================
[2026-05-10T16:25:56.419+0000] {manager.py:878} INFO - 
================================================================================
DAG File Processing Stats

File Path                               PID    Runtime      # DAGs    # Errors  Last Runtime    Last Run
--------------------------------------  -----  ---------  --------  ----------  --------------  -------------------
/opt/airflow/dags/sneakerz_pipeline.py                           1           0  0.19s           2026-05-10T16:25:28
================================================================================
[2026-05-10T16:26:15.898+0000] {manager.py:737} INFO - Searching for files in /opt/airflow/dags
[2026-05-10T16:26:15.921+0000] {manager.py:740} INFO - There are 1 files in /opt/airflow/dags
[2026-05-10T16:26:26.799+0000] {manager.py:878} INFO - 
================================================================================
DAG File Processing Stats

File Path                               PID    Runtime      # DAGs    # Errors  Last Runtime    Last Run
--------------------------------------  -----  ---------  --------  ----------  --------------  -------------------
/opt/airflow/dags/sneakerz_pipeline.py                           1           0  0.19s           2026-05-10T16:25:58
================================================================================
[2026-05-10T16:26:57.186+0000] {manager.py:878} INFO - 
================================================================================
DAG File Processing Stats

File Path                               PID    Runtime      # DAGs    # Errors  Last Runtime    Last Run
--------------------------------------  -----  ---------  --------  ----------  --------------  -------------------
/opt/airflow/dags/sneakerz_pipeline.py                           1           0  0.21s           2026-05-10T16:26:29
================================================================================
[2026-05-10T16:27:27.396+0000] {manager.py:878} INFO - 
================================================================================
DAG File Processing Stats

File Path                               PID    Runtime      # DAGs    # Errors  Last Runtime    Last Run
--------------------------------------  -----  ---------  --------  ----------  --------------  -------------------
/opt/airflow/dags/sneakerz_pipeline.py                           1           0  0.19s           2026-05-10T16:26:59
================================================================================
[2026-05-10T16:27:57.726+0000] {manager.py:878} INFO - 
================================================================================
DAG File Processing Stats

File Path                               PID    Runtime      # DAGs    # Errors  Last Runtime    Last Run
--------------------------------------  -----  ---------  --------  ----------  --------------  -------------------
/opt/airflow/dags/sneakerz_pipeline.py                           1           0  0.19s           2026-05-10T16:27:29
================================================================================
[2026-05-10T16:28:27.935+0000] {manager.py:878} INFO - 
================================================================================
DAG File Processing Stats

File Path                               PID    Runtime      # DAGs    # Errors  Last Runtime    Last Run
--------------------------------------  -----  ---------  --------  ----------  --------------  -------------------
/opt/airflow/dags/sneakerz_pipeline.py                           1           0  0.19s           2026-05-10T16:27:59
================================================================================
[2026-05-10T16:28:58.278+0000] {manager.py:878} INFO - 
================================================================================
DAG File Processing Stats

File Path                               PID    Runtime      # DAGs    # Errors  Last Runtime    Last Run
--------------------------------------  -----  ---------  --------  ----------  --------------  -------------------
/opt/airflow/dags/sneakerz_pipeline.py                           1           0  0.20s           2026-05-10T16:28:30
================================================================================
[2026-05-10T16:29:28.486+0000] {manager.py:878} INFO - 
================================================================================
DAG File Processing Stats

File Path                               PID    Runtime      # DAGs    # Errors  Last Runtime    Last Run
--------------------------------------  -----  ---------  --------  ----------  --------------  -------------------
/opt/airflow/dags/sneakerz_pipeline.py                           1           0  0.20s           2026-05-10T16:29:00
================================================================================
[2026-05-10T16:29:58.850+0000] {manager.py:878} INFO - 
================================================================================
DAG File Processing Stats

File Path                               PID    Runtime      # DAGs    # Errors  Last Runtime    Last Run
--------------------------------------  -----  ---------  --------  ----------  --------------  -------------------
/opt/airflow/dags/sneakerz_pipeline.py                           1           0  0.21s           2026-05-10T16:29:30
================================================================================
[2026-05-10T16:30:29.231+0000] {manager.py:878} INFO - 
================================================================================
DAG File Processing Stats

File Path                               PID    Runtime      # DAGs    # Errors  Last Runtime    Last Run
--------------------------------------  -----  ---------  --------  ----------  --------------  -------------------
/opt/airflow/dags/sneakerz_pipeline.py                           1           0  0.20s           2026-05-10T16:30:01
================================================================================
[2026-05-10T16:30:59.602+0000] {manager.py:878} INFO - 
================================================================================
DAG File Processing Stats

File Path                               PID    Runtime      # DAGs    # Errors  Last Runtime    Last Run
--------------------------------------  -----  ---------  --------  ----------  --------------  -------------------
/opt/airflow/dags/sneakerz_pipeline.py                           1           0  0.19s           2026-05-10T16:30:31
================================================================================
[2026-05-10T16:31:16.067+0000] {manager.py:737} INFO - Searching for files in /opt/airflow/dags
[2026-05-10T16:31:16.097+0000] {manager.py:740} INFO - There are 1 files in /opt/airflow/dags
[2026-05-10T16:31:29.968+0000] {manager.py:878} INFO - 
================================================================================
DAG File Processing Stats

File Path                               PID    Runtime      # DAGs    # Errors  Last Runtime    Last Run
--------------------------------------  -----  ---------  --------  ----------  --------------  -------------------
/opt/airflow/dags/sneakerz_pipeline.py                           1           0  0.19s           2026-05-10T16:31:01
================================================================================
[2026-05-10T16:32:00.388+0000] {manager.py:878} INFO - 
================================================================================
DAG File Processing Stats

File Path                               PID    Runtime      # DAGs    # Errors  Last Runtime    Last Run
--------------------------------------  -----  ---------  --------  ----------  --------------  -------------------
/opt/airflow/dags/sneakerz_pipeline.py                           1           0  0.26s           2026-05-10T16:31:32
================================================================================
[2026-05-10T16:32:30.817+0000] {manager.py:878} INFO - 
================================================================================
DAG File Processing Stats

File Path                               PID    Runtime      # DAGs    # Errors  Last Runtime    Last Run
--------------------------------------  -----  ---------  --------  ----------  --------------  -------------------
/opt/airflow/dags/sneakerz_pipeline.py                           1           0  0.19s           2026-05-10T16:32:02
================================================================================
[2026-05-10T16:33:01.214+0000] {manager.py:878} INFO - 
================================================================================
DAG File Processing Stats

File Path                               PID    Runtime      # DAGs    # Errors  Last Runtime    Last Run
--------------------------------------  -----  ---------  --------  ----------  --------------  -------------------
/opt/airflow/dags/sneakerz_pipeline.py                           1           0  0.20s           2026-05-10T16:32:33
================================================================================
[2026-05-10T16:33:31.568+0000] {manager.py:878} INFO - 
================================================================================
DAG File Processing Stats

File Path                               PID    Runtime      # DAGs    # Errors  Last Runtime    Last Run
--------------------------------------  -----  ---------  --------  ----------  --------------  -------------------
/opt/airflow/dags/sneakerz_pipeline.py                           1           0  0.20s           2026-05-10T16:33:03
================================================================================
[2026-05-10T16:34:01.796+0000] {manager.py:878} INFO - 
================================================================================
DAG File Processing Stats

File Path                               PID    Runtime      # DAGs    # Errors  Last Runtime    Last Run
--------------------------------------  -----  ---------  --------  ----------  --------------  -------------------
/opt/airflow/dags/sneakerz_pipeline.py                           1           0  0.22s           2026-05-10T16:33:33
================================================================================
[2026-05-10T16:34:32.153+0000] {manager.py:878} INFO - 
================================================================================
DAG File Processing Stats

File Path                               PID    Runtime      # DAGs    # Errors  Last Runtime    Last Run
--------------------------------------  -----  ---------  --------  ----------  --------------  -------------------
/opt/airflow/dags/sneakerz_pipeline.py                           1           0  0.20s           2026-05-10T16:34:04
================================================================================
[2026-05-10T16:35:02.527+0000] {manager.py:878} INFO - 
================================================================================
DAG File Processing Stats

File Path                               PID    Runtime      # DAGs    # Errors  Last Runtime    Last Run
--------------------------------------  -----  ---------  --------  ----------  --------------  -------------------
/opt/airflow/dags/sneakerz_pipeline.py                           1           0  0.20s           2026-05-10T16:34:34
================================================================================
[2026-05-10T16:35:32.877+0000] {manager.py:878} INFO - 
================================================================================
DAG File Processing Stats

File Path                               PID    Runtime      # DAGs    # Errors  Last Runtime    Last Run
--------------------------------------  -----  ---------  --------  ----------  --------------  -------------------
/opt/airflow/dags/sneakerz_pipeline.py                           1           0  0.22s           2026-05-10T16:35:04
================================================================================
[2026-05-10T16:36:03.096+0000] {manager.py:878} INFO - 
================================================================================
DAG File Processing Stats

File Path                               PID    Runtime      # DAGs    # Errors  Last Runtime    Last Run
--------------------------------------  -----  ---------  --------  ----------  --------------  -------------------
/opt/airflow/dags/sneakerz_pipeline.py                           1           0  0.22s           2026-05-10T16:35:35
================================================================================
[2026-05-10T16:36:16.369+0000] {manager.py:737} INFO - Searching for files in /opt/airflow/dags
[2026-05-10T16:36:16.396+0000] {manager.py:740} INFO - There are 1 files in /opt/airflow/dags
[2026-05-10T16:36:33.515+0000] {manager.py:878} INFO - 
================================================================================
DAG File Processing Stats

File Path                               PID    Runtime      # DAGs    # Errors  Last Runtime    Last Run
--------------------------------------  -----  ---------  --------  ----------  --------------  -------------------
/opt/airflow/dags/sneakerz_pipeline.py                           1           0  0.19s           2026-05-10T16:36:05
================================================================================
[2026-05-10T16:37:03.840+0000] {manager.py:878} INFO - 
================================================================================
DAG File Processing Stats

File Path                               PID    Runtime      # DAGs    # Errors  Last Runtime    Last Run
--------------------------------------  -----  ---------  --------  ----------  --------------  -------------------
/opt/airflow/dags/sneakerz_pipeline.py                           1           0  0.19s           2026-05-10T16:36:35
================================================================================
[2026-05-10T16:37:34.062+0000] {manager.py:878} INFO - 
================================================================================
DAG File Processing Stats

File Path                               PID    Runtime      # DAGs    # Errors  Last Runtime    Last Run
--------------------------------------  -----  ---------  --------  ----------  --------------  -------------------
/opt/airflow/dags/sneakerz_pipeline.py                           1           0  0.20s           2026-05-10T16:37:06
================================================================================
[2026-05-10T16:38:04.395+0000] {manager.py:878} INFO - 
================================================================================
DAG File Processing Stats

File Path                               PID    Runtime      # DAGs    # Errors  Last Runtime    Last Run
--------------------------------------  -----  ---------  --------  ----------  --------------  -------------------
/opt/airflow/dags/sneakerz_pipeline.py                           1           0  0.20s           2026-05-10T16:37:36
================================================================================
[2026-05-10T16:38:34.639+0000] {manager.py:878} INFO - 
================================================================================
DAG File Processing Stats

File Path                               PID    Runtime      # DAGs    # Errors  Last Runtime    Last Run
--------------------------------------  -----  ---------  --------  ----------  --------------  -------------------
/opt/airflow/dags/sneakerz_pipeline.py                           1           0  0.20s           2026-05-10T16:38:06
================================================================================
[2026-05-10T16:39:04.957+0000] {manager.py:878} INFO - 
================================================================================
DAG File Processing Stats

File Path                               PID    Runtime      # DAGs    # Errors  Last Runtime    Last Run
--------------------------------------  -----  ---------  --------  ----------  --------------  -------------------
/opt/airflow/dags/sneakerz_pipeline.py                           1           0  0.19s           2026-05-10T16:38:36
================================================================================
[2026-05-10T16:39:35.180+0000] {manager.py:878} INFO - 
================================================================================
DAG File Processing Stats

File Path                               PID    Runtime      # DAGs    # Errors  Last Runtime    Last Run
--------------------------------------  -----  ---------  --------  ----------  --------------  -------------------
/opt/airflow/dags/sneakerz_pipeline.py                           1           0  0.20s           2026-05-10T16:39:07
================================================================================
[2026-05-10T16:40:05.530+0000] {manager.py:878} INFO - 
================================================================================
DAG File Processing Stats

File Path                               PID    Runtime      # DAGs    # Errors  Last Runtime    Last Run
--------------------------------------  -----  ---------  --------  ----------  --------------  -------------------
/opt/airflow/dags/sneakerz_pipeline.py                           1           0  0.20s           2026-05-10T16:39:37
================================================================================
[2026-05-10T16:40:35.750+0000] {manager.py:878} INFO - 
================================================================================
DAG File Processing Stats

File Path                               PID    Runtime      # DAGs    # Errors  Last Runtime    Last Run
--------------------------------------  -----  ---------  --------  ----------  --------------  -------------------
/opt/airflow/dags/sneakerz_pipeline.py                           1           0  0.21s           2026-05-10T16:40:07
================================================================================
[2026-05-10T16:41:06.107+0000] {manager.py:878} INFO - 
================================================================================
DAG File Processing Stats

File Path                               PID    Runtime      # DAGs    # Errors  Last Runtime    Last Run
--------------------------------------  -----  ---------  --------  ----------  --------------  -------------------
/opt/airflow/dags/sneakerz_pipeline.py                           1           0  0.20s           2026-05-10T16:40:38
================================================================================
[2026-05-10T16:41:16.548+0000] {manager.py:737} INFO - Searching for files in /opt/airflow/dags
[2026-05-10T16:41:16.575+0000] {manager.py:740} INFO - There are 1 files in /opt/airflow/dags
[2026-05-10T16:41:36.482+0000] {manager.py:878} INFO - 
================================================================================
DAG File Processing Stats

File Path                               PID    Runtime      # DAGs    # Errors  Last Runtime    Last Run
--------------------------------------  -----  ---------  --------  ----------  --------------  -------------------
/opt/airflow/dags/sneakerz_pipeline.py                           1           0  0.19s           2026-05-10T16:41:08
================================================================================
[2026-05-10T16:42:06.887+0000] {manager.py:878} INFO - 
================================================================================
DAG File Processing Stats

File Path                               PID    Runtime      # DAGs    # Errors  Last Runtime    Last Run
--------------------------------------  -----  ---------  --------  ----------  --------------  -------------------
/opt/airflow/dags/sneakerz_pipeline.py                           1           0  0.19s           2026-05-10T16:41:38
================================================================================
[2026-05-10T16:42:37.256+0000] {manager.py:878} INFO - 
================================================================================
DAG File Processing Stats

File Path                               PID    Runtime      # DAGs    # Errors  Last Runtime    Last Run
--------------------------------------  -----  ---------  --------  ----------  --------------  -------------------
/opt/airflow/dags/sneakerz_pipeline.py                           1           0  0.19s           2026-05-10T16:42:09
================================================================================
[2026-05-10T16:43:07.640+0000] {manager.py:878} INFO - 
================================================================================
DAG File Processing Stats

File Path                               PID    Runtime      # DAGs    # Errors  Last Runtime    Last Run
--------------------------------------  -----  ---------  --------  ----------  --------------  -------------------
/opt/airflow/dags/sneakerz_pipeline.py                           1           0  0.20s           2026-05-10T16:42:39
================================================================================
[2026-05-10T16:43:38.020+0000] {manager.py:878} INFO - 
================================================================================
DAG File Processing Stats

File Path                               PID    Runtime      # DAGs    # Errors  Last Runtime    Last Run
--------------------------------------  -----  ---------  --------  ----------  --------------  -------------------
/opt/airflow/dags/sneakerz_pipeline.py                           1           0  0.19s           2026-05-10T16:43:10
================================================================================
[2026-05-10T16:44:08.390+0000] {manager.py:878} INFO - 
================================================================================
DAG File Processing Stats

File Path                               PID    Runtime      # DAGs    # Errors  Last Runtime    Last Run
--------------------------------------  -----  ---------  --------  ----------  --------------  -------------------
/opt/airflow/dags/sneakerz_pipeline.py                           1           0  0.20s           2026-05-10T16:43:40
================================================================================
[2026-05-10T16:44:38.767+0000] {manager.py:878} INFO - 
================================================================================
DAG File Processing Stats

File Path                               PID    Runtime      # DAGs    # Errors  Last Runtime    Last Run
--------------------------------------  -----  ---------  --------  ----------  --------------  -------------------
/opt/airflow/dags/sneakerz_pipeline.py                           1           0  0.19s           2026-05-10T16:44:10
================================================================================
[2026-05-10T16:45:09.143+0000] {manager.py:878} INFO - 
================================================================================
DAG File Processing Stats

File Path                               PID    Runtime      # DAGs    # Errors  Last Runtime    Last Run
--------------------------------------  -----  ---------  --------  ----------  --------------  -------------------
/opt/airflow/dags/sneakerz_pipeline.py                           1           0  0.22s           2026-05-10T16:44:41
================================================================================
[2026-05-10T16:45:39.656+0000] {manager.py:878} INFO - 
================================================================================
DAG File Processing Stats

File Path                               PID    Runtime      # DAGs    # Errors  Last Runtime    Last Run
--------------------------------------  -----  ---------  --------  ----------  --------------  -------------------
/opt/airflow/dags/sneakerz_pipeline.py                           1           0  0.19s           2026-05-10T16:45:11
================================================================================
[2026-05-10T16:46:09.929+0000] {manager.py:878} INFO - 
================================================================================
DAG File Processing Stats

File Path                               PID    Runtime      # DAGs    # Errors  Last Runtime    Last Run
--------------------------------------  -----  ---------  --------  ----------  --------------  -------------------
/opt/airflow/dags/sneakerz_pipeline.py                           1           0  0.20s           2026-05-10T16:45:41
================================================================================
[2026-05-10T16:46:17.078+0000] {manager.py:737} INFO - Searching for files in /opt/airflow/dags
[2026-05-10T16:46:17.102+0000] {manager.py:740} INFO - There are 1 files in /opt/airflow/dags
[2026-05-10T16:46:40.264+0000] {manager.py:878} INFO - 
================================================================================
DAG File Processing Stats

File Path                               PID    Runtime      # DAGs    # Errors  Last Runtime    Last Run
--------------------------------------  -----  ---------  --------  ----------  --------------  -------------------
/opt/airflow/dags/sneakerz_pipeline.py                           1           0  0.20s           2026-05-10T16:46:12
================================================================================
[2026-05-10T16:47:10.505+0000] {manager.py:878} INFO - 
================================================================================
DAG File Processing Stats

File Path                               PID    Runtime      # DAGs    # Errors  Last Runtime    Last Run
--------------------------------------  -----  ---------  --------  ----------  --------------  -------------------
/opt/airflow/dags/sneakerz_pipeline.py                           1           0  0.20s           2026-05-10T16:46:42
================================================================================
[2026-05-10T16:47:40.838+0000] {manager.py:878} INFO - 
================================================================================
DAG File Processing Stats

File Path                               PID    Runtime      # DAGs    # Errors  Last Runtime    Last Run
--------------------------------------  -----  ---------  --------  ----------  --------------  -------------------
/opt/airflow/dags/sneakerz_pipeline.py                           1           0  0.21s           2026-05-10T16:47:12
================================================================================
[2026-05-10T16:48:11.051+0000] {manager.py:878} INFO - 
================================================================================
DAG File Processing Stats

File Path                               PID    Runtime      # DAGs    # Errors  Last Runtime    Last Run
--------------------------------------  -----  ---------  --------  ----------  --------------  -------------------
/opt/airflow/dags/sneakerz_pipeline.py                           1           0  0.22s           2026-05-10T16:47:43
================================================================================
[2026-05-10T16:48:41.426+0000] {manager.py:878} INFO - 
================================================================================
DAG File Processing Stats

File Path                               PID    Runtime      # DAGs    # Errors  Last Runtime    Last Run
--------------------------------------  -----  ---------  --------  ----------  --------------  -------------------
/opt/airflow/dags/sneakerz_pipeline.py                           1           0  0.19s           2026-05-10T16:48:13
================================================================================
[2026-05-10T16:49:11.801+0000] {manager.py:878} INFO - 
================================================================================
DAG File Processing Stats

File Path                               PID    Runtime      # DAGs    # Errors  Last Runtime    Last Run
--------------------------------------  -----  ---------  --------  ----------  --------------  -------------------
/opt/airflow/dags/sneakerz_pipeline.py                           1           0  0.20s           2026-05-10T16:48:43
================================================================================
[2026-05-10T16:49:42.157+0000] {manager.py:878} INFO - 
================================================================================
DAG File Processing Stats

File Path                               PID    Runtime      # DAGs    # Errors  Last Runtime    Last Run
--------------------------------------  -----  ---------  --------  ----------  --------------  -------------------
/opt/airflow/dags/sneakerz_pipeline.py                           1           0  0.19s           2026-05-10T16:49:14
================================================================================
[2026-05-10T16:50:12.389+0000] {manager.py:878} INFO - 
================================================================================
DAG File Processing Stats

File Path                               PID    Runtime      # DAGs    # Errors  Last Runtime    Last Run
--------------------------------------  -----  ---------  --------  ----------  --------------  -------------------
/opt/airflow/dags/sneakerz_pipeline.py                           1           0  0.22s           2026-05-10T16:49:44
================================================================================
[2026-05-10T16:50:42.763+0000] {manager.py:878} INFO - 
================================================================================
DAG File Processing Stats

File Path                               PID    Runtime      # DAGs    # Errors  Last Runtime    Last Run
--------------------------------------  -----  ---------  --------  ----------  --------------  -------------------
/opt/airflow/dags/sneakerz_pipeline.py                           1           0  0.20s           2026-05-10T16:50:14
================================================================================
[2026-05-10T16:51:13.163+0000] {manager.py:878} INFO - 
================================================================================
DAG File Processing Stats

File Path                               PID    Runtime      # DAGs    # Errors  Last Runtime    Last Run
--------------------------------------  -----  ---------  --------  ----------  --------------  -------------------
/opt/airflow/dags/sneakerz_pipeline.py                           1           0  0.22s           2026-05-10T16:50:45
================================================================================
[2026-05-10T16:51:17.401+0000] {manager.py:737} INFO - Searching for files in /opt/airflow/dags
[2026-05-10T16:51:17.431+0000] {manager.py:740} INFO - There are 1 files in /opt/airflow/dags
[2026-05-10T16:51:43.608+0000] {manager.py:878} INFO - 
================================================================================
DAG File Processing Stats

File Path                               PID    Runtime      # DAGs    # Errors  Last Runtime    Last Run
--------------------------------------  -----  ---------  --------  ----------  --------------  -------------------
/opt/airflow/dags/sneakerz_pipeline.py                           1           0  0.22s           2026-05-10T16:51:15
================================================================================
[2026-05-10T16:52:13.959+0000] {manager.py:878} INFO - 
================================================================================
DAG File Processing Stats

File Path                               PID    Runtime      # DAGs    # Errors  Last Runtime    Last Run
--------------------------------------  -----  ---------  --------  ----------  --------------  -------------------
/opt/airflow/dags/sneakerz_pipeline.py                           1           0  0.21s           2026-05-10T16:51:45
================================================================================
[2026-05-10T16:52:44.196+0000] {manager.py:878} INFO - 
================================================================================
DAG File Processing Stats

File Path                               PID    Runtime      # DAGs    # Errors  Last Runtime    Last Run
--------------------------------------  -----  ---------  --------  ----------  --------------  -------------------
/opt/airflow/dags/sneakerz_pipeline.py                           1           0  0.22s           2026-05-10T16:52:16
================================================================================
[2026-05-10T16:53:14.562+0000] {manager.py:878} INFO - 
================================================================================
DAG File Processing Stats

File Path                               PID    Runtime      # DAGs    # Errors  Last Runtime    Last Run
--------------------------------------  -----  ---------  --------  ----------  --------------  -------------------
/opt/airflow/dags/sneakerz_pipeline.py                           1           0  0.21s           2026-05-10T16:52:46
================================================================================
[2026-05-10T16:53:44.661+0000] {manager.py:878} INFO - 
================================================================================
DAG File Processing Stats

File Path                               PID    Runtime      # DAGs    # Errors  Last Runtime    Last Run
--------------------------------------  -----  ---------  --------  ----------  --------------  -------------------
/opt/airflow/dags/sneakerz_pipeline.py                           1           0  0.89s           2026-05-10T16:53:17
================================================================================
[2026-05-10T16:54:14.968+0000] {manager.py:878} INFO - 
================================================================================
DAG File Processing Stats

File Path                               PID    Runtime      # DAGs    # Errors  Last Runtime    Last Run
--------------------------------------  -----  ---------  --------  ----------  --------------  -------------------
/opt/airflow/dags/sneakerz_pipeline.py                           1           0  0.21s           2026-05-10T16:53:47
================================================================================
[2026-05-10T16:54:45.258+0000] {manager.py:878} INFO - 
================================================================================
DAG File Processing Stats

File Path                               PID    Runtime      # DAGs    # Errors  Last Runtime    Last Run
--------------------------------------  -----  ---------  --------  ----------  --------------  -------------------
/opt/airflow/dags/sneakerz_pipeline.py                           1           0  0.21s           2026-05-10T16:54:18
================================================================================
[2026-05-10T16:55:15.568+0000] {manager.py:878} INFO - 
================================================================================
DAG File Processing Stats

File Path                               PID    Runtime      # DAGs    # Errors  Last Runtime    Last Run
--------------------------------------  -----  ---------  --------  ----------  --------------  -------------------
/opt/airflow/dags/sneakerz_pipeline.py                           1           0  0.21s           2026-05-10T16:54:48
================================================================================
[2026-05-10T16:55:45.834+0000] {manager.py:878} INFO - 
================================================================================
DAG File Processing Stats

File Path                               PID    Runtime      # DAGs    # Errors  Last Runtime    Last Run
--------------------------------------  -----  ---------  --------  ----------  --------------  -------------------
/opt/airflow/dags/sneakerz_pipeline.py                           1           0  0.42s           2026-05-10T16:55:19
================================================================================
[2026-05-10T16:56:16.389+0000] {manager.py:878} INFO - 
================================================================================
DAG File Processing Stats

File Path                               PID    Runtime      # DAGs    # Errors  Last Runtime    Last Run
--------------------------------------  -----  ---------  --------  ----------  --------------  -------------------
/opt/airflow/dags/sneakerz_pipeline.py                           1           0  0.21s           2026-05-10T16:55:49
================================================================================
[2026-05-10T16:56:17.587+0000] {manager.py:737} INFO - Searching for files in /opt/airflow/dags
[2026-05-10T16:56:17.612+0000] {manager.py:740} INFO - There are 1 files in /opt/airflow/dags
[2026-05-10T16:56:46.824+0000] {manager.py:878} INFO - 
================================================================================
DAG File Processing Stats

File Path                               PID    Runtime      # DAGs    # Errors  Last Runtime    Last Run
--------------------------------------  -----  ---------  --------  ----------  --------------  -------------------
/opt/airflow/dags/sneakerz_pipeline.py                           1           0  0.22s           2026-05-10T16:56:19
================================================================================
[2026-05-10T16:57:17.243+0000] {manager.py:878} INFO - 
================================================================================
DAG File Processing Stats

File Path                               PID    Runtime      # DAGs    # Errors  Last Runtime    Last Run
--------------------------------------  -----  ---------  --------  ----------  --------------  -------------------
/opt/airflow/dags/sneakerz_pipeline.py                           1           0  0.23s           2026-05-10T16:56:50
================================================================================
[2026-05-10T16:57:47.657+0000] {manager.py:878} INFO - 
================================================================================
DAG File Processing Stats

File Path                               PID    Runtime      # DAGs    # Errors  Last Runtime    Last Run
--------------------------------------  -----  ---------  --------  ----------  --------------  -------------------
/opt/airflow/dags/sneakerz_pipeline.py                           1           0  0.20s           2026-05-10T16:57:20
================================================================================
[2026-05-10T16:58:18.038+0000] {manager.py:878} INFO - 
================================================================================
DAG File Processing Stats

File Path                               PID    Runtime      # DAGs    # Errors  Last Runtime    Last Run
--------------------------------------  -----  ---------  --------  ----------  --------------  -------------------
/opt/airflow/dags/sneakerz_pipeline.py                           1           0  0.40s           2026-05-10T16:57:51
================================================================================
[2026-05-10T16:58:48.065+0000] {manager.py:878} INFO - 
================================================================================
DAG File Processing Stats

File Path                               PID    Runtime      # DAGs    # Errors  Last Runtime    Last Run
--------------------------------------  -----  ---------  --------  ----------  --------------  -------------------
/opt/airflow/dags/sneakerz_pipeline.py                           1           0  0.44s           2026-05-10T16:58:21
================================================================================
[2026-05-10T16:59:18.270+0000] {manager.py:878} INFO - 
================================================================================
DAG File Processing Stats

File Path                               PID    Runtime      # DAGs    # Errors  Last Runtime    Last Run
--------------------------------------  -----  ---------  --------  ----------  --------------  -------------------
/opt/airflow/dags/sneakerz_pipeline.py                           1           0  0.21s           2026-05-10T16:58:52
================================================================================
[2026-05-10T16:59:48.658+0000] {manager.py:878} INFO - 
================================================================================
DAG File Processing Stats

File Path                               PID    Runtime      # DAGs    # Errors  Last Runtime    Last Run
--------------------------------------  -----  ---------  --------  ----------  --------------  -------------------
/opt/airflow/dags/sneakerz_pipeline.py                           1           0  0.20s           2026-05-10T16:59:22
================================================================================
[2026-05-10T17:00:19.057+0000] {manager.py:878} INFO - 
================================================================================
DAG File Processing Stats

File Path                               PID    Runtime      # DAGs    # Errors  Last Runtime    Last Run
--------------------------------------  -----  ---------  --------  ----------  --------------  -------------------
/opt/airflow/dags/sneakerz_pipeline.py                           1           0  0.21s           2026-05-10T16:59:53
================================================================================
[2026-05-10T17:00:49.445+0000] {manager.py:878} INFO - 
================================================================================
DAG File Processing Stats

File Path                               PID    Runtime      # DAGs    # Errors  Last Runtime    Last Run
--------------------------------------  -----  ---------  --------  ----------  --------------  -------------------
/opt/airflow/dags/sneakerz_pipeline.py                           1           0  0.21s           2026-05-10T17:00:23
================================================================================
[2026-05-10T17:01:17.833+0000] {manager.py:737} INFO - Searching for files in /opt/airflow/dags
[2026-05-10T17:01:17.860+0000] {manager.py:740} INFO - There are 1 files in /opt/airflow/dags
[2026-05-10T17:01:19.888+0000] {manager.py:878} INFO - 
================================================================================
DAG File Processing Stats

File Path                               PID    Runtime      # DAGs    # Errors  Last Runtime    Last Run
--------------------------------------  -----  ---------  --------  ----------  --------------  -------------------
/opt/airflow/dags/sneakerz_pipeline.py                           1           0  0.50s           2026-05-10T17:00:54
================================================================================
[2026-05-10T17:01:49.907+0000] {manager.py:878} INFO - 
================================================================================
DAG File Processing Stats

File Path                               PID    Runtime      # DAGs    # Errors  Last Runtime    Last Run
--------------------------------------  -----  ---------  --------  ----------  --------------  -------------------
/opt/airflow/dags/sneakerz_pipeline.py                           1           0  0.39s           2026-05-10T17:01:24
================================================================================
[2026-05-10T17:02:20.117+0000] {manager.py:878} INFO - 
================================================================================
DAG File Processing Stats

File Path                               PID    Runtime      # DAGs    # Errors  Last Runtime    Last Run
--------------------------------------  -----  ---------  --------  ----------  --------------  -------------------
/opt/airflow/dags/sneakerz_pipeline.py                           1           0  0.23s           2026-05-10T17:01:55
================================================================================
[2026-05-10T17:02:50.546+0000] {manager.py:878} INFO - 
================================================================================
DAG File Processing Stats

File Path                               PID    Runtime      # DAGs    # Errors  Last Runtime    Last Run
--------------------------------------  -----  ---------  --------  ----------  --------------  -------------------
/opt/airflow/dags/sneakerz_pipeline.py                           1           0  0.22s           2026-05-10T17:02:25
================================================================================
[2026-05-10T17:03:20.942+0000] {manager.py:878} INFO - 
================================================================================
DAG File Processing Stats

File Path                               PID    Runtime      # DAGs    # Errors  Last Runtime    Last Run
--------------------------------------  -----  ---------  --------  ----------  --------------  -------------------
/opt/airflow/dags/sneakerz_pipeline.py                           1           0  0.23s           2026-05-10T17:02:56
================================================================================
[2026-05-10T17:03:51.351+0000] {manager.py:878} INFO - 
================================================================================
DAG File Processing Stats

File Path                               PID    Runtime      # DAGs    # Errors  Last Runtime    Last Run
--------------------------------------  -----  ---------  --------  ----------  --------------  -------------------
/opt/airflow/dags/sneakerz_pipeline.py                           1           0  0.48s           2026-05-10T17:03:26
================================================================================
[2026-05-10T17:04:21.507+0000] {manager.py:878} INFO - 
================================================================================
DAG File Processing Stats

File Path                               PID    Runtime      # DAGs    # Errors  Last Runtime    Last Run
--------------------------------------  -----  ---------  --------  ----------  --------------  -------------------
/opt/airflow/dags/sneakerz_pipeline.py                           1           0  0.46s           2026-05-10T17:03:57
================================================================================
[2026-05-10T17:04:51.717+0000] {manager.py:878} INFO - 
================================================================================
DAG File Processing Stats

File Path                               PID    Runtime      # DAGs    # Errors  Last Runtime    Last Run
--------------------------------------  -----  ---------  --------  ----------  --------------  -------------------
/opt/airflow/dags/sneakerz_pipeline.py                           1           0  0.21s           2026-05-10T17:04:27
================================================================================
[2026-05-10T17:05:22.125+0000] {manager.py:878} INFO - 
================================================================================
DAG File Processing Stats

File Path                               PID    Runtime      # DAGs    # Errors  Last Runtime    Last Run
--------------------------------------  -----  ---------  --------  ----------  --------------  -------------------
/opt/airflow/dags/sneakerz_pipeline.py                           1           0  0.21s           2026-05-10T17:04:58
================================================================================
[2026-05-10T17:05:52.504+0000] {manager.py:878} INFO - 
================================================================================
DAG File Processing Stats

File Path                               PID    Runtime      # DAGs    # Errors  Last Runtime    Last Run
--------------------------------------  -----  ---------  --------  ----------  --------------  -------------------
/opt/airflow/dags/sneakerz_pipeline.py                           1           0  0.21s           2026-05-10T17:05:28
================================================================================
[2026-05-10T17:06:17.873+0000] {manager.py:737} INFO - Searching for files in /opt/airflow/dags
[2026-05-10T17:06:17.902+0000] {manager.py:740} INFO - There are 1 files in /opt/airflow/dags
[2026-05-10T17:06:22.952+0000] {manager.py:878} INFO - 
================================================================================
DAG File Processing Stats

File Path                               PID    Runtime      # DAGs    # Errors  Last Runtime    Last Run
--------------------------------------  -----  ---------  --------  ----------  --------------  -------------------
/opt/airflow/dags/sneakerz_pipeline.py                           1           0  0.20s           2026-05-10T17:05:58
================================================================================
[2026-05-10T17:06:53.278+0000] {manager.py:878} INFO - 
================================================================================
DAG File Processing Stats

File Path                               PID    Runtime      # DAGs    # Errors  Last Runtime    Last Run
--------------------------------------  -----  ---------  --------  ----------  --------------  -------------------
/opt/airflow/dags/sneakerz_pipeline.py                           1           0  0.40s           2026-05-10T17:06:29
================================================================================
[2026-05-10T17:07:23.748+0000] {manager.py:878} INFO - 
================================================================================
DAG File Processing Stats

File Path                               PID    Runtime      # DAGs    # Errors  Last Runtime    Last Run
--------------------------------------  -----  ---------  --------  ----------  --------------  -------------------
/opt/airflow/dags/sneakerz_pipeline.py                           1           0  0.20s           2026-05-10T17:06:59
================================================================================
[2026-05-10T17:07:54.134+0000] {manager.py:878} INFO - 
================================================================================
DAG File Processing Stats

File Path                               PID    Runtime      # DAGs    # Errors  Last Runtime    Last Run
--------------------------------------  -----  ---------  --------  ----------  --------------  -------------------
/opt/airflow/dags/sneakerz_pipeline.py                           1           0  0.21s           2026-05-10T17:07:30
================================================================================
[2026-05-10T17:08:24.526+0000] {manager.py:878} INFO - 
================================================================================
DAG File Processing Stats

File Path                               PID    Runtime      # DAGs    # Errors  Last Runtime    Last Run
--------------------------------------  -----  ---------  --------  ----------  --------------  -------------------
/opt/airflow/dags/sneakerz_pipeline.py                           1           0  0.21s           2026-05-10T17:08:00
================================================================================
[2026-05-10T17:08:54.917+0000] {manager.py:878} INFO - 
================================================================================
DAG File Processing Stats

File Path                               PID    Runtime      # DAGs    # Errors  Last Runtime    Last Run
--------------------------------------  -----  ---------  --------  ----------  --------------  -------------------
/opt/airflow/dags/sneakerz_pipeline.py                           1           0  0.21s           2026-05-10T17:08:30
================================================================================
[2026-05-10T17:09:25.319+0000] {manager.py:878} INFO - 
================================================================================
DAG File Processing Stats

File Path                               PID    Runtime      # DAGs    # Errors  Last Runtime    Last Run
--------------------------------------  -----  ---------  --------  ----------  --------------  -------------------
/opt/airflow/dags/sneakerz_pipeline.py                           1           0  0.40s           2026-05-10T17:09:01
================================================================================
[2026-05-10T17:09:55.919+0000] {manager.py:878} INFO - 
================================================================================
DAG File Processing Stats

File Path                               PID    Runtime      # DAGs    # Errors  Last Runtime    Last Run
--------------------------------------  -----  ---------  --------  ----------  --------------  -------------------
/opt/airflow/dags/sneakerz_pipeline.py                           1           0  0.40s           2026-05-10T17:09:32
================================================================================
[2026-05-10T17:10:26.526+0000] {manager.py:878} INFO - 
================================================================================
DAG File Processing Stats

File Path                               PID    Runtime      # DAGs    # Errors  Last Runtime    Last Run
--------------------------------------  -----  ---------  --------  ----------  --------------  -------------------
/opt/airflow/dags/sneakerz_pipeline.py                           1           0  0.20s           2026-05-10T17:10:02
================================================================================
[2026-05-10T17:10:56.902+0000] {manager.py:878} INFO - 
================================================================================
DAG File Processing Stats

File Path                               PID    Runtime      # DAGs    # Errors  Last Runtime    Last Run
--------------------------------------  -----  ---------  --------  ----------  --------------  -------------------
/opt/airflow/dags/sneakerz_pipeline.py                           1           0  0.21s           2026-05-10T17:10:32
================================================================================
[2026-05-10T17:11:18.247+0000] {manager.py:737} INFO - Searching for files in /opt/airflow/dags
[2026-05-10T17:11:18.276+0000] {manager.py:740} INFO - There are 1 files in /opt/airflow/dags
[2026-05-10T17:11:27.351+0000] {manager.py:878} INFO - 
================================================================================
DAG File Processing Stats

File Path                               PID    Runtime      # DAGs    # Errors  Last Runtime    Last Run
--------------------------------------  -----  ---------  --------  ----------  --------------  -------------------
/opt/airflow/dags/sneakerz_pipeline.py                           1           0  0.20s           2026-05-10T17:11:03
================================================================================
[2026-05-10T17:11:57.661+0000] {manager.py:878} INFO - 
================================================================================
DAG File Processing Stats

File Path                               PID    Runtime      # DAGs    # Errors  Last Runtime    Last Run
--------------------------------------  -----  ---------  --------  ----------  --------------  -------------------
/opt/airflow/dags/sneakerz_pipeline.py                           1           0  0.41s           2026-05-10T17:11:33
================================================================================
[2026-05-10T17:12:28.144+0000] {manager.py:878} INFO - 
================================================================================
DAG File Processing Stats

File Path                               PID    Runtime      # DAGs    # Errors  Last Runtime    Last Run
--------------------------------------  -----  ---------  --------  ----------  --------------  -------------------
/opt/airflow/dags/sneakerz_pipeline.py                           1           0  0.43s           2026-05-10T17:12:04
================================================================================
[2026-05-10T17:12:58.178+0000] {manager.py:878} INFO - 
================================================================================
DAG File Processing Stats

File Path                               PID    Runtime      # DAGs    # Errors  Last Runtime    Last Run
--------------------------------------  -----  ---------  --------  ----------  --------------  -------------------
/opt/airflow/dags/sneakerz_pipeline.py                           1           0  0.40s           2026-05-10T17:12:35
================================================================================
[2026-05-10T17:13:28.392+0000] {manager.py:878} INFO - 
================================================================================
DAG File Processing Stats

File Path                               PID    Runtime      # DAGs    # Errors  Last Runtime    Last Run
--------------------------------------  -----  ---------  --------  ----------  --------------  -------------------
/opt/airflow/dags/sneakerz_pipeline.py                           1           0  0.21s           2026-05-10T17:13:05
================================================================================
[2026-05-10T17:13:58.775+0000] {manager.py:878} INFO - 
================================================================================
DAG File Processing Stats

File Path                               PID    Runtime      # DAGs    # Errors  Last Runtime    Last Run
--------------------------------------  -----  ---------  --------  ----------  --------------  -------------------
/opt/airflow/dags/sneakerz_pipeline.py                           1           0  0.22s           2026-05-10T17:13:35
================================================================================
[2026-05-10T17:14:29.172+0000] {manager.py:878} INFO - 
================================================================================
DAG File Processing Stats

File Path                               PID    Runtime      # DAGs    # Errors  Last Runtime    Last Run
--------------------------------------  -----  ---------  --------  ----------  --------------  -------------------
/opt/airflow/dags/sneakerz_pipeline.py                           1           0  0.44s           2026-05-10T17:14:06
================================================================================
[2026-05-10T17:14:59.201+0000] {manager.py:878} INFO - 
================================================================================
DAG File Processing Stats

File Path                               PID    Runtime      # DAGs    # Errors  Last Runtime    Last Run
--------------------------------------  -----  ---------  --------  ----------  --------------  -------------------
/opt/airflow/dags/sneakerz_pipeline.py                           1           0  0.41s           2026-05-10T17:14:37
================================================================================
[2026-05-10T17:15:29.404+0000] {manager.py:878} INFO - 
================================================================================
DAG File Processing Stats

File Path                               PID    Runtime      # DAGs    # Errors  Last Runtime    Last Run
--------------------------------------  -----  ---------  --------  ----------  --------------  -------------------
/opt/airflow/dags/sneakerz_pipeline.py                           1           0  0.40s           2026-05-10T17:15:07
================================================================================
[2026-05-10T17:15:59.992+0000] {manager.py:878} INFO - 
================================================================================
DAG File Processing Stats

File Path                               PID    Runtime      # DAGs    # Errors  Last Runtime    Last Run
--------------------------------------  -----  ---------  --------  ----------  --------------  -------------------
/opt/airflow/dags/sneakerz_pipeline.py                           1           0  0.40s           2026-05-10T17:15:38
================================================================================
[2026-05-10T17:16:18.525+0000] {manager.py:737} INFO - Searching for files in /opt/airflow/dags
[2026-05-10T17:16:18.555+0000] {manager.py:740} INFO - There are 1 files in /opt/airflow/dags
[2026-05-10T17:16:30.649+0000] {manager.py:878} INFO - 
================================================================================
DAG File Processing Stats

File Path                               PID    Runtime      # DAGs    # Errors  Last Runtime    Last Run
--------------------------------------  -----  ---------  --------  ----------  --------------  -------------------
/opt/airflow/dags/sneakerz_pipeline.py                           1           0  0.20s           2026-05-10T17:16:08
================================================================================
[2026-05-10T17:17:00.974+0000] {manager.py:878} INFO - 
================================================================================
DAG File Processing Stats

File Path                               PID    Runtime      # DAGs    # Errors  Last Runtime    Last Run
--------------------------------------  -----  ---------  --------  ----------  --------------  -------------------
/opt/airflow/dags/sneakerz_pipeline.py                           1           0  0.20s           2026-05-10T17:16:38
================================================================================
[2026-05-10T17:17:31.231+0000] {manager.py:878} INFO - 
================================================================================
DAG File Processing Stats

File Path                               PID    Runtime      # DAGs    # Errors  Last Runtime    Last Run
--------------------------------------  -----  ---------  --------  ----------  --------------  -------------------
/opt/airflow/dags/sneakerz_pipeline.py                           1           0  0.39s           2026-05-10T17:17:09
================================================================================
[2026-05-10T17:18:01.759+0000] {manager.py:878} INFO - 
================================================================================
DAG File Processing Stats

File Path                               PID    Runtime      # DAGs    # Errors  Last Runtime    Last Run
--------------------------------------  -----  ---------  --------  ----------  --------------  -------------------
/opt/airflow/dags/sneakerz_pipeline.py                           1           0  0.39s           2026-05-10T17:17:40
================================================================================
[2026-05-10T17:18:32.552+0000] {manager.py:878} INFO - 
================================================================================
DAG File Processing Stats

File Path                               PID    Runtime      # DAGs    # Errors  Last Runtime    Last Run
--------------------------------------  -----  ---------  --------  ----------  --------------  -------------------
/opt/airflow/dags/sneakerz_pipeline.py                           1           0  0.38s           2026-05-10T17:18:10
================================================================================
[2026-05-10T17:19:02.905+0000] {manager.py:878} INFO - 
================================================================================
DAG File Processing Stats

File Path                               PID    Runtime      # DAGs    # Errors  Last Runtime    Last Run
--------------------------------------  -----  ---------  --------  ----------  --------------  -------------------
/opt/airflow/dags/sneakerz_pipeline.py                           1           0  0.21s           2026-05-10T17:18:40
================================================================================
[2026-05-10T17:19:33.143+0000] {manager.py:878} INFO - 
================================================================================
DAG File Processing Stats

File Path                               PID    Runtime      # DAGs    # Errors  Last Runtime    Last Run
--------------------------------------  -----  ---------  --------  ----------  --------------  -------------------
/opt/airflow/dags/sneakerz_pipeline.py                           1           0  0.22s           2026-05-10T17:19:11
================================================================================
[2026-05-10T17:20:03.499+0000] {manager.py:878} INFO - 
================================================================================
DAG File Processing Stats

File Path                               PID    Runtime      # DAGs    # Errors  Last Runtime    Last Run
--------------------------------------  -----  ---------  --------  ----------  --------------  -------------------
/opt/airflow/dags/sneakerz_pipeline.py                           1           0  0.21s           2026-05-10T17:19:41
================================================================================
[2026-05-10T17:20:33.726+0000] {manager.py:878} INFO - 
================================================================================
DAG File Processing Stats

File Path                               PID    Runtime      # DAGs    # Errors  Last Runtime    Last Run
--------------------------------------  -----  ---------  --------  ----------  --------------  -------------------
/opt/airflow/dags/sneakerz_pipeline.py                           1           0  0.19s           2026-05-10T17:20:11
================================================================================
[2026-05-10T17:21:04.063+0000] {manager.py:878} INFO - 
================================================================================
DAG File Processing Stats

File Path                               PID    Runtime      # DAGs    # Errors  Last Runtime    Last Run
--------------------------------------  -----  ---------  --------  ----------  --------------  -------------------
/opt/airflow/dags/sneakerz_pipeline.py                           1           0  0.19s           2026-05-10T17:20:41
================================================================================
[2026-05-10T17:21:19.217+0000] {manager.py:737} INFO - Searching for files in /opt/airflow/dags
[2026-05-10T17:21:19.246+0000] {manager.py:740} INFO - There are 1 files in /opt/airflow/dags
[2026-05-10T17:21:34.362+0000] {manager.py:878} INFO - 
================================================================================
DAG File Processing Stats

File Path                               PID    Runtime      # DAGs    # Errors  Last Runtime    Last Run
--------------------------------------  -----  ---------  --------  ----------  --------------  -------------------
/opt/airflow/dags/sneakerz_pipeline.py                           1           0  0.21s           2026-05-10T17:21:12
================================================================================
[2026-05-10T17:22:04.653+0000] {manager.py:878} INFO - 
================================================================================
DAG File Processing Stats

File Path                               PID    Runtime      # DAGs    # Errors  Last Runtime    Last Run
--------------------------------------  -----  ---------  --------  ----------  --------------  -------------------
/opt/airflow/dags/sneakerz_pipeline.py                           1           0  0.21s           2026-05-10T17:21:42
================================================================================
[2026-05-10T17:22:34.957+0000] {manager.py:878} INFO - 
================================================================================
DAG File Processing Stats

File Path                               PID    Runtime      # DAGs    # Errors  Last Runtime    Last Run
--------------------------------------  -----  ---------  --------  ----------  --------------  -------------------
/opt/airflow/dags/sneakerz_pipeline.py                           1           0  0.19s           2026-05-10T17:22:12
================================================================================
[2026-05-10T17:23:05.217+0000] {manager.py:878} INFO - 
================================================================================
DAG File Processing Stats

File Path                               PID    Runtime      # DAGs    # Errors  Last Runtime    Last Run
--------------------------------------  -----  ---------  --------  ----------  --------------  -------------------
/opt/airflow/dags/sneakerz_pipeline.py                           1           0  0.19s           2026-05-10T17:22:43
================================================================================
[2026-05-10T17:23:35.520+0000] {manager.py:878} INFO - 
================================================================================
DAG File Processing Stats

File Path                               PID    Runtime      # DAGs    # Errors  Last Runtime    Last Run
--------------------------------------  -----  ---------  --------  ----------  --------------  -------------------
/opt/airflow/dags/sneakerz_pipeline.py                           1           0  0.20s           2026-05-10T17:23:13
================================================================================
[2026-05-10T17:24:05.797+0000] {manager.py:878} INFO - 
================================================================================
DAG File Processing Stats

File Path                               PID    Runtime      # DAGs    # Errors  Last Runtime    Last Run
--------------------------------------  -----  ---------  --------  ----------  --------------  -------------------
/opt/airflow/dags/sneakerz_pipeline.py                           1           0  0.20s           2026-05-10T17:23:43
================================================================================
[2026-05-10T17:24:36.096+0000] {manager.py:878} INFO - 
================================================================================
DAG File Processing Stats

File Path                               PID    Runtime      # DAGs    # Errors  Last Runtime    Last Run
--------------------------------------  -----  ---------  --------  ----------  --------------  -------------------
/opt/airflow/dags/sneakerz_pipeline.py                           1           0  0.19s           2026-05-10T17:24:14
================================================================================
[2026-05-10T17:25:06.357+0000] {manager.py:878} INFO - 
================================================================================
DAG File Processing Stats

File Path                               PID    Runtime      # DAGs    # Errors  Last Runtime    Last Run
--------------------------------------  -----  ---------  --------  ----------  --------------  -------------------
/opt/airflow/dags/sneakerz_pipeline.py                           1           0  0.19s           2026-05-10T17:24:44
================================================================================
[2026-05-10T17:25:36.668+0000] {manager.py:878} INFO - 
================================================================================
DAG File Processing Stats

File Path                               PID    Runtime      # DAGs    # Errors  Last Runtime    Last Run
--------------------------------------  -----  ---------  --------  ----------  --------------  -------------------
/opt/airflow/dags/sneakerz_pipeline.py                           1           0  0.21s           2026-05-10T17:25:14
================================================================================
[2026-05-10T17:26:06.933+0000] {manager.py:878} INFO - 
================================================================================
DAG File Processing Stats

File Path                               PID    Runtime      # DAGs    # Errors  Last Runtime    Last Run
--------------------------------------  -----  ---------  --------  ----------  --------------  -------------------
/opt/airflow/dags/sneakerz_pipeline.py                           1           0  0.25s           2026-05-10T17:25:44
================================================================================
[2026-05-10T17:26:19.219+0000] {manager.py:737} INFO - Searching for files in /opt/airflow/dags
[2026-05-10T17:26:19.247+0000] {manager.py:740} INFO - There are 1 files in /opt/airflow/dags
[2026-05-10T17:26:37.304+0000] {manager.py:878} INFO - 
================================================================================
DAG File Processing Stats

File Path                               PID    Runtime      # DAGs    # Errors  Last Runtime    Last Run
--------------------------------------  -----  ---------  --------  ----------  --------------  -------------------
/opt/airflow/dags/sneakerz_pipeline.py                           1           0  0.20s           2026-05-10T17:26:15
================================================================================
[2026-05-10T17:27:07.532+0000] {manager.py:878} INFO - 
================================================================================
DAG File Processing Stats

File Path                               PID    Runtime      # DAGs    # Errors  Last Runtime    Last Run
--------------------------------------  -----  ---------  --------  ----------  --------------  -------------------
/opt/airflow/dags/sneakerz_pipeline.py                           1           0  0.19s           2026-05-10T17:26:45
================================================================================
[2026-05-10T17:27:37.871+0000] {manager.py:878} INFO - 
================================================================================
DAG File Processing Stats

File Path                               PID    Runtime      # DAGs    # Errors  Last Runtime    Last Run
--------------------------------------  -----  ---------  --------  ----------  --------------  -------------------
/opt/airflow/dags/sneakerz_pipeline.py                           1           0  0.19s           2026-05-10T17:27:15
================================================================================
[2026-05-10T17:28:08.091+0000] {manager.py:878} INFO - 
================================================================================
DAG File Processing Stats

File Path                               PID    Runtime      # DAGs    # Errors  Last Runtime    Last Run
--------------------------------------  -----  ---------  --------  ----------  --------------  -------------------
/opt/airflow/dags/sneakerz_pipeline.py                           1           0  0.20s           2026-05-10T17:27:46
================================================================================
[2026-05-10T17:28:38.467+0000] {manager.py:878} INFO - 
================================================================================
DAG File Processing Stats

File Path                               PID    Runtime      # DAGs    # Errors  Last Runtime    Last Run
--------------------------------------  -----  ---------  --------  ----------  --------------  -------------------
/opt/airflow/dags/sneakerz_pipeline.py                           1           0  0.21s           2026-05-10T17:28:16
================================================================================
[2026-05-10T17:29:08.688+0000] {manager.py:878} INFO - 
================================================================================
DAG File Processing Stats

File Path                               PID    Runtime      # DAGs    # Errors  Last Runtime    Last Run
--------------------------------------  -----  ---------  --------  ----------  --------------  -------------------
/opt/airflow/dags/sneakerz_pipeline.py                           1           0  0.19s           2026-05-10T17:28:46
================================================================================
[2026-05-10T17:29:39.040+0000] {manager.py:878} INFO - 
================================================================================
DAG File Processing Stats

File Path                               PID    Runtime      # DAGs    # Errors  Last Runtime    Last Run
--------------------------------------  -----  ---------  --------  ----------  --------------  -------------------
/opt/airflow/dags/sneakerz_pipeline.py                           1           0  0.22s           2026-05-10T17:29:16
================================================================================
[2026-05-10T17:30:09.291+0000] {manager.py:878} INFO - 
================================================================================
DAG File Processing Stats

File Path                               PID    Runtime      # DAGs    # Errors  Last Runtime    Last Run
--------------------------------------  -----  ---------  --------  ----------  --------------  -------------------
/opt/airflow/dags/sneakerz_pipeline.py                           1           0  0.22s           2026-05-10T17:29:47
================================================================================
[2026-05-10T17:30:39.658+0000] {manager.py:878} INFO - 
================================================================================
DAG File Processing Stats

File Path                               PID    Runtime      # DAGs    # Errors  Last Runtime    Last Run
--------------------------------------  -----  ---------  --------  ----------  --------------  -------------------
/opt/airflow/dags/sneakerz_pipeline.py                           1           0  0.20s           2026-05-10T17:30:17
================================================================================
[2026-05-10T17:31:09.881+0000] {manager.py:878} INFO - 
================================================================================
DAG File Processing Stats

File Path                               PID    Runtime      # DAGs    # Errors  Last Runtime    Last Run
--------------------------------------  -----  ---------  --------  ----------  --------------  -------------------
/opt/airflow/dags/sneakerz_pipeline.py                           1           0  0.18s           2026-05-10T17:30:47
================================================================================
[2026-05-10T17:31:20.089+0000] {manager.py:737} INFO - Searching for files in /opt/airflow/dags
[2026-05-10T17:31:20.114+0000] {manager.py:740} INFO - There are 1 files in /opt/airflow/dags
[2026-05-10T17:31:40.259+0000] {manager.py:878} INFO - 
================================================================================
DAG File Processing Stats

File Path                               PID    Runtime      # DAGs    # Errors  Last Runtime    Last Run
--------------------------------------  -----  ---------  --------  ----------  --------------  -------------------
/opt/airflow/dags/sneakerz_pipeline.py                           1           0  0.19s           2026-05-10T17:31:18
================================================================================
[2026-05-10T17:32:10.476+0000] {manager.py:878} INFO - 
================================================================================
DAG File Processing Stats

File Path                               PID    Runtime      # DAGs    # Errors  Last Runtime    Last Run
--------------------------------------  -----  ---------  --------  ----------  --------------  -------------------
/opt/airflow/dags/sneakerz_pipeline.py                           1           0  0.20s           2026-05-10T17:31:48
================================================================================
[2026-05-10T17:32:40.838+0000] {manager.py:878} INFO - 
================================================================================
DAG File Processing Stats

File Path                               PID    Runtime      # DAGs    # Errors  Last Runtime    Last Run
--------------------------------------  -----  ---------  --------  ----------  --------------  -------------------
/opt/airflow/dags/sneakerz_pipeline.py                           1           0  0.20s           2026-05-10T17:32:18
================================================================================
[2026-05-10T17:33:11.054+0000] {manager.py:878} INFO - 
================================================================================
DAG File Processing Stats

File Path                               PID    Runtime      # DAGs    # Errors  Last Runtime    Last Run
--------------------------------------  -----  ---------  --------  ----------  --------------  -------------------
/opt/airflow/dags/sneakerz_pipeline.py                           1           0  0.20s           2026-05-10T17:32:49
================================================================================
[2026-05-10T17:33:41.431+0000] {manager.py:878} INFO - 
================================================================================
DAG File Processing Stats

File Path                               PID    Runtime      # DAGs    # Errors  Last Runtime    Last Run
--------------------------------------  -----  ---------  --------  ----------  --------------  -------------------
/opt/airflow/dags/sneakerz_pipeline.py                           1           0  0.20s           2026-05-10T17:33:19
================================================================================
[2026-05-10T17:34:11.665+0000] {manager.py:878} INFO - 
================================================================================
DAG File Processing Stats

File Path                               PID    Runtime      # DAGs    # Errors  Last Runtime    Last Run
--------------------------------------  -----  ---------  --------  ----------  --------------  -------------------
/opt/airflow/dags/sneakerz_pipeline.py                           1           0  0.22s           2026-05-10T17:33:49
================================================================================
[2026-05-10T17:34:42.057+0000] {manager.py:878} INFO - 
================================================================================
DAG File Processing Stats

File Path                               PID    Runtime      # DAGs    # Errors  Last Runtime    Last Run
--------------------------------------  -----  ---------  --------  ----------  --------------  -------------------
/opt/airflow/dags/sneakerz_pipeline.py                           1           0  0.22s           2026-05-10T17:34:20
================================================================================
[2026-05-10T17:35:12.468+0000] {manager.py:878} INFO - 
================================================================================
DAG File Processing Stats

File Path                               PID    Runtime      # DAGs    # Errors  Last Runtime    Last Run
--------------------------------------  -----  ---------  --------  ----------  --------------  -------------------
/opt/airflow/dags/sneakerz_pipeline.py                           1           0  0.21s           2026-05-10T17:34:50
================================================================================
[2026-05-10T17:35:42.855+0000] {manager.py:878} INFO - 
================================================================================
DAG File Processing Stats

File Path                               PID    Runtime      # DAGs    # Errors  Last Runtime    Last Run
--------------------------------------  -----  ---------  --------  ----------  --------------  -------------------
/opt/airflow/dags/sneakerz_pipeline.py                           1           0  0.22s           2026-05-10T17:35:20
================================================================================
[2026-05-10T17:36:13.275+0000] {manager.py:878} INFO - 
================================================================================
DAG File Processing Stats

File Path                               PID    Runtime      # DAGs    # Errors  Last Runtime    Last Run
--------------------------------------  -----  ---------  --------  ----------  --------------  -------------------
/opt/airflow/dags/sneakerz_pipeline.py                           1           0  0.21s           2026-05-10T17:35:51
================================================================================
[2026-05-10T17:36:20.321+0000] {manager.py:737} INFO - Searching for files in /opt/airflow/dags
[2026-05-10T17:36:20.349+0000] {manager.py:740} INFO - There are 1 files in /opt/airflow/dags
[2026-05-10T17:36:43.654+0000] {manager.py:878} INFO - 
================================================================================
DAG File Processing Stats

File Path                               PID    Runtime      # DAGs    # Errors  Last Runtime    Last Run
--------------------------------------  -----  ---------  --------  ----------  --------------  -------------------
/opt/airflow/dags/sneakerz_pipeline.py                           1           0  0.21s           2026-05-10T17:36:21
================================================================================
[2026-05-10T17:37:13.899+0000] {manager.py:878} INFO - 
================================================================================
DAG File Processing Stats

File Path                               PID    Runtime      # DAGs    # Errors  Last Runtime    Last Run
--------------------------------------  -----  ---------  --------  ----------  --------------  -------------------
/opt/airflow/dags/sneakerz_pipeline.py                           1           0  0.20s           2026-05-10T17:36:51
================================================================================
[2026-05-10T17:37:44.223+0000] {manager.py:878} INFO - 
================================================================================
DAG File Processing Stats

File Path                               PID    Runtime      # DAGs    # Errors  Last Runtime    Last Run
--------------------------------------  -----  ---------  --------  ----------  --------------  -------------------
/opt/airflow/dags/sneakerz_pipeline.py                           1           0  0.19s           2026-05-10T17:37:22
================================================================================
[2026-05-10T17:38:14.464+0000] {manager.py:878} INFO - 
================================================================================
DAG File Processing Stats

File Path                               PID    Runtime      # DAGs    # Errors  Last Runtime    Last Run
--------------------------------------  -----  ---------  --------  ----------  --------------  -------------------
/opt/airflow/dags/sneakerz_pipeline.py                           1           0  0.22s           2026-05-10T17:37:52
================================================================================
[2026-05-10T17:38:44.820+0000] {manager.py:878} INFO - 
================================================================================
DAG File Processing Stats

File Path                               PID    Runtime      # DAGs    # Errors  Last Runtime    Last Run
--------------------------------------  -----  ---------  --------  ----------  --------------  -------------------
/opt/airflow/dags/sneakerz_pipeline.py                           1           0  0.20s           2026-05-10T17:38:22
================================================================================
[2026-05-10T17:39:15.049+0000] {manager.py:878} INFO - 
================================================================================
DAG File Processing Stats

File Path                               PID    Runtime      # DAGs    # Errors  Last Runtime    Last Run
--------------------------------------  -----  ---------  --------  ----------  --------------  -------------------
/opt/airflow/dags/sneakerz_pipeline.py                           1           0  0.20s           2026-05-10T17:38:53
================================================================================
[2026-05-10T17:39:45.399+0000] {manager.py:878} INFO - 
================================================================================
DAG File Processing Stats

File Path                               PID    Runtime      # DAGs    # Errors  Last Runtime    Last Run
--------------------------------------  -----  ---------  --------  ----------  --------------  -------------------
/opt/airflow/dags/sneakerz_pipeline.py                           1           0  0.22s           2026-05-10T17:39:23
================================================================================
[2026-05-10T17:40:15.641+0000] {manager.py:878} INFO - 
================================================================================
DAG File Processing Stats

File Path                               PID    Runtime      # DAGs    # Errors  Last Runtime    Last Run
--------------------------------------  -----  ---------  --------  ----------  --------------  -------------------
/opt/airflow/dags/sneakerz_pipeline.py                           1           0  0.21s           2026-05-10T17:39:53
================================================================================
[2026-05-10T17:40:45.998+0000] {manager.py:878} INFO - 
================================================================================
DAG File Processing Stats

File Path                               PID    Runtime      # DAGs    # Errors  Last Runtime    Last Run
--------------------------------------  -----  ---------  --------  ----------  --------------  -------------------
/opt/airflow/dags/sneakerz_pipeline.py                           1           0  0.22s           2026-05-10T17:40:23
================================================================================
[2026-05-10T17:41:16.227+0000] {manager.py:878} INFO - 
================================================================================
DAG File Processing Stats

File Path                               PID    Runtime      # DAGs    # Errors  Last Runtime    Last Run
--------------------------------------  -----  ---------  --------  ----------  --------------  -------------------
/opt/airflow/dags/sneakerz_pipeline.py                           1           0  0.21s           2026-05-10T17:40:54
================================================================================
[2026-05-10T17:41:20.409+0000] {manager.py:737} INFO - Searching for files in /opt/airflow/dags
[2026-05-10T17:41:20.437+0000] {manager.py:740} INFO - There are 1 files in /opt/airflow/dags
[2026-05-10T17:41:46.627+0000] {manager.py:878} INFO - 
================================================================================
DAG File Processing Stats

File Path                               PID    Runtime      # DAGs    # Errors  Last Runtime    Last Run
--------------------------------------  -----  ---------  --------  ----------  --------------  -------------------
/opt/airflow/dags/sneakerz_pipeline.py                           1           0  0.21s           2026-05-10T17:41:24
================================================================================
[2026-05-10T17:42:16.851+0000] {manager.py:878} INFO - 
================================================================================
DAG File Processing Stats

File Path                               PID    Runtime      # DAGs    # Errors  Last Runtime    Last Run
--------------------------------------  -----  ---------  --------  ----------  --------------  -------------------
/opt/airflow/dags/sneakerz_pipeline.py                           1           0  0.19s           2026-05-10T17:41:54
================================================================================
[2026-05-10T17:42:47.209+0000] {manager.py:878} INFO - 
================================================================================
DAG File Processing Stats

File Path                               PID    Runtime      # DAGs    # Errors  Last Runtime    Last Run
--------------------------------------  -----  ---------  --------  ----------  --------------  -------------------
/opt/airflow/dags/sneakerz_pipeline.py                           1           0  0.19s           2026-05-10T17:42:25
================================================================================
[2026-05-10T17:43:17.430+0000] {manager.py:878} INFO - 
================================================================================
DAG File Processing Stats

File Path                               PID    Runtime      # DAGs    # Errors  Last Runtime    Last Run
--------------------------------------  -----  ---------  --------  ----------  --------------  -------------------
/opt/airflow/dags/sneakerz_pipeline.py                           1           0  0.20s           2026-05-10T17:42:55
================================================================================
[2026-05-10T17:43:47.805+0000] {manager.py:878} INFO - 
================================================================================
DAG File Processing Stats

File Path                               PID    Runtime      # DAGs    # Errors  Last Runtime    Last Run
--------------------------------------  -----  ---------  --------  ----------  --------------  -------------------
/opt/airflow/dags/sneakerz_pipeline.py                           1           0  0.28s           2026-05-10T17:43:25
================================================================================
[2026-05-10T17:44:18.101+0000] {manager.py:878} INFO - 
================================================================================
DAG File Processing Stats

File Path                               PID    Runtime      # DAGs    # Errors  Last Runtime    Last Run
--------------------------------------  -----  ---------  --------  ----------  --------------  -------------------
/opt/airflow/dags/sneakerz_pipeline.py                           1           0  0.21s           2026-05-10T17:43:56
================================================================================
[2026-05-10T17:44:48.383+0000] {manager.py:878} INFO - 
================================================================================
DAG File Processing Stats

File Path                               PID    Runtime      # DAGs    # Errors  Last Runtime    Last Run
--------------------------------------  -----  ---------  --------  ----------  --------------  -------------------
/opt/airflow/dags/sneakerz_pipeline.py                           1           0  0.22s           2026-05-10T17:44:26
================================================================================
[2026-05-10T17:45:18.704+0000] {manager.py:878} INFO - 
================================================================================
DAG File Processing Stats

File Path                               PID    Runtime      # DAGs    # Errors  Last Runtime    Last Run
--------------------------------------  -----  ---------  --------  ----------  --------------  -------------------
/opt/airflow/dags/sneakerz_pipeline.py                           1           0  0.20s           2026-05-10T17:44:56
================================================================================
[2026-05-10T17:45:48.962+0000] {manager.py:878} INFO - 
================================================================================
DAG File Processing Stats

File Path                               PID    Runtime      # DAGs    # Errors  Last Runtime    Last Run
--------------------------------------  -----  ---------  --------  ----------  --------------  -------------------
/opt/airflow/dags/sneakerz_pipeline.py                           1           0  0.21s           2026-05-10T17:45:26
================================================================================
[2026-05-10T17:46:19.289+0000] {manager.py:878} INFO - 
================================================================================
DAG File Processing Stats

File Path                               PID    Runtime      # DAGs    # Errors  Last Runtime    Last Run
--------------------------------------  -----  ---------  --------  ----------  --------------  -------------------
/opt/airflow/dags/sneakerz_pipeline.py                           1           0  0.20s           2026-05-10T17:45:57
================================================================================
[2026-05-10T17:46:21.302+0000] {manager.py:737} INFO - Searching for files in /opt/airflow/dags
[2026-05-10T17:46:21.332+0000] {manager.py:740} INFO - There are 1 files in /opt/airflow/dags
[2026-05-10T17:46:49.561+0000] {manager.py:878} INFO - 
================================================================================
DAG File Processing Stats

File Path                               PID    Runtime      # DAGs    # Errors  Last Runtime    Last Run
--------------------------------------  -----  ---------  --------  ----------  --------------  -------------------
/opt/airflow/dags/sneakerz_pipeline.py                           1           0  0.21s           2026-05-10T17:46:27
================================================================================
[2026-05-10T17:47:19.918+0000] {manager.py:878} INFO - 
================================================================================
DAG File Processing Stats

File Path                               PID    Runtime      # DAGs    # Errors  Last Runtime    Last Run
--------------------------------------  -----  ---------  --------  ----------  --------------  -------------------
/opt/airflow/dags/sneakerz_pipeline.py                           1           0  0.21s           2026-05-10T17:46:57
================================================================================
[2026-05-10T17:47:50.162+0000] {manager.py:878} INFO - 
================================================================================
DAG File Processing Stats

File Path                               PID    Runtime      # DAGs    # Errors  Last Runtime    Last Run
--------------------------------------  -----  ---------  --------  ----------  --------------  -------------------
/opt/airflow/dags/sneakerz_pipeline.py                           1           0  0.20s           2026-05-10T17:47:28
================================================================================
[2026-05-10T17:48:20.511+0000] {manager.py:878} INFO - 
================================================================================
DAG File Processing Stats

File Path                               PID    Runtime      # DAGs    # Errors  Last Runtime    Last Run
--------------------------------------  -----  ---------  --------  ----------  --------------  -------------------
/opt/airflow/dags/sneakerz_pipeline.py                           1           0  0.20s           2026-05-10T17:47:58
================================================================================
[2026-05-10T17:48:50.731+0000] {manager.py:878} INFO - 
================================================================================
DAG File Processing Stats

File Path                               PID    Runtime      # DAGs    # Errors  Last Runtime    Last Run
--------------------------------------  -----  ---------  --------  ----------  --------------  -------------------
/opt/airflow/dags/sneakerz_pipeline.py                           1           0  0.19s           2026-05-10T17:48:28
================================================================================
[2026-05-10T17:49:21.105+0000] {manager.py:878} INFO - 
================================================================================
DAG File Processing Stats

File Path                               PID    Runtime      # DAGs    # Errors  Last Runtime    Last Run
--------------------------------------  -----  ---------  --------  ----------  --------------  -------------------
/opt/airflow/dags/sneakerz_pipeline.py                           1           0  0.25s           2026-05-10T17:48:59
================================================================================
[2026-05-10T17:49:51.357+0000] {manager.py:878} INFO - 
================================================================================
DAG File Processing Stats

File Path                               PID    Runtime      # DAGs    # Errors  Last Runtime    Last Run
--------------------------------------  -----  ---------  --------  ----------  --------------  -------------------
/opt/airflow/dags/sneakerz_pipeline.py                           1           0  0.22s           2026-05-10T17:49:29
================================================================================
[2026-05-10T17:50:21.696+0000] {manager.py:878} INFO - 
================================================================================
DAG File Processing Stats

File Path                               PID    Runtime      # DAGs    # Errors  Last Runtime    Last Run
--------------------------------------  -----  ---------  --------  ----------  --------------  -------------------
/opt/airflow/dags/sneakerz_pipeline.py                           1           0  0.21s           2026-05-10T17:49:59
================================================================================
[2026-05-10T17:50:51.941+0000] {manager.py:878} INFO - 
================================================================================
DAG File Processing Stats

File Path                               PID    Runtime      # DAGs    # Errors  Last Runtime    Last Run
--------------------------------------  -----  ---------  --------  ----------  --------------  -------------------
/opt/airflow/dags/sneakerz_pipeline.py                           1           0  0.21s           2026-05-10T17:50:29
================================================================================
[2026-05-10T17:51:21.335+0000] {manager.py:737} INFO - Searching for files in /opt/airflow/dags
[2026-05-10T17:51:21.361+0000] {manager.py:740} INFO - There are 1 files in /opt/airflow/dags
[2026-05-10T17:51:22.299+0000] {manager.py:878} INFO - 
================================================================================
DAG File Processing Stats

File Path                               PID    Runtime      # DAGs    # Errors  Last Runtime    Last Run
--------------------------------------  -----  ---------  --------  ----------  --------------  -------------------
/opt/airflow/dags/sneakerz_pipeline.py                           1           0  0.21s           2026-05-10T17:51:00
================================================================================
[2026-05-10T17:51:52.577+0000] {manager.py:878} INFO - 
================================================================================
DAG File Processing Stats

File Path                               PID    Runtime      # DAGs    # Errors  Last Runtime    Last Run
--------------------------------------  -----  ---------  --------  ----------  --------------  -------------------
/opt/airflow/dags/sneakerz_pipeline.py                           1           0  0.20s           2026-05-10T17:51:30
================================================================================
[2026-05-10T17:52:22.869+0000] {manager.py:878} INFO - 
================================================================================
DAG File Processing Stats

File Path                               PID    Runtime      # DAGs    # Errors  Last Runtime    Last Run
--------------------------------------  -----  ---------  --------  ----------  --------------  -------------------
/opt/airflow/dags/sneakerz_pipeline.py                           1           0  0.20s           2026-05-10T17:52:00
================================================================================
[2026-05-10T17:52:53.150+0000] {manager.py:878} INFO - 
================================================================================
DAG File Processing Stats

File Path                               PID    Runtime      # DAGs    # Errors  Last Runtime    Last Run
--------------------------------------  -----  ---------  --------  ----------  --------------  -------------------
/opt/airflow/dags/sneakerz_pipeline.py                           1           0  0.23s           2026-05-10T17:52:31
================================================================================
[2026-05-10T17:53:23.478+0000] {manager.py:878} INFO - 
================================================================================
DAG File Processing Stats

File Path                               PID    Runtime      # DAGs    # Errors  Last Runtime    Last Run
--------------------------------------  -----  ---------  --------  ----------  --------------  -------------------
/opt/airflow/dags/sneakerz_pipeline.py                           1           0  0.21s           2026-05-10T17:53:01
================================================================================
[2026-05-10T17:53:53.738+0000] {manager.py:878} INFO - 
================================================================================
DAG File Processing Stats

File Path                               PID    Runtime      # DAGs    # Errors  Last Runtime    Last Run
--------------------------------------  -----  ---------  --------  ----------  --------------  -------------------
/opt/airflow/dags/sneakerz_pipeline.py                           1           0  0.20s           2026-05-10T17:53:31
================================================================================
[2026-05-10T17:54:24.055+0000] {manager.py:878} INFO - 
================================================================================
DAG File Processing Stats

File Path                               PID    Runtime      # DAGs    # Errors  Last Runtime    Last Run
--------------------------------------  -----  ---------  --------  ----------  --------------  -------------------
/opt/airflow/dags/sneakerz_pipeline.py                           1           0  0.20s           2026-05-10T17:54:02
================================================================================
[2026-05-10T17:54:54.322+0000] {manager.py:878} INFO - 
================================================================================
DAG File Processing Stats

File Path                               PID    Runtime      # DAGs    # Errors  Last Runtime    Last Run
--------------------------------------  -----  ---------  --------  ----------  --------------  -------------------
/opt/airflow/dags/sneakerz_pipeline.py                           1           0  0.20s           2026-05-10T17:54:32
================================================================================
[2026-05-10T17:55:24.643+0000] {manager.py:878} INFO - 
================================================================================
DAG File Processing Stats

File Path                               PID    Runtime      # DAGs    # Errors  Last Runtime    Last Run
--------------------------------------  -----  ---------  --------  ----------  --------------  -------------------
/opt/airflow/dags/sneakerz_pipeline.py                           1           0  0.19s           2026-05-10T17:55:02
================================================================================
[2026-05-10T17:55:54.896+0000] {manager.py:878} INFO - 
================================================================================
DAG File Processing Stats

File Path                               PID    Runtime      # DAGs    # Errors  Last Runtime    Last Run
--------------------------------------  -----  ---------  --------  ----------  --------------  -------------------
/opt/airflow/dags/sneakerz_pipeline.py                           1           0  0.20s           2026-05-10T17:55:32
================================================================================
[2026-05-10T17:56:22.193+0000] {manager.py:737} INFO - Searching for files in /opt/airflow/dags
[2026-05-10T17:56:22.221+0000] {manager.py:740} INFO - There are 1 files in /opt/airflow/dags
[2026-05-10T17:56:25.258+0000] {manager.py:878} INFO - 
================================================================================
DAG File Processing Stats

File Path                               PID    Runtime      # DAGs    # Errors  Last Runtime    Last Run
--------------------------------------  -----  ---------  --------  ----------  --------------  -------------------
/opt/airflow/dags/sneakerz_pipeline.py                           1           0  0.20s           2026-05-10T17:56:03
================================================================================
[2026-05-10T17:56:55.486+0000] {manager.py:878} INFO - 
================================================================================
DAG File Processing Stats

File Path                               PID    Runtime      # DAGs    # Errors  Last Runtime    Last Run
--------------------------------------  -----  ---------  --------  ----------  --------------  -------------------
/opt/airflow/dags/sneakerz_pipeline.py                           1           0  0.19s           2026-05-10T17:56:33
================================================================================
[2026-05-10T17:57:25.837+0000] {manager.py:878} INFO - 
================================================================================
DAG File Processing Stats

File Path                               PID    Runtime      # DAGs    # Errors  Last Runtime    Last Run
--------------------------------------  -----  ---------  --------  ----------  --------------  -------------------
/opt/airflow/dags/sneakerz_pipeline.py                           1           0  0.20s           2026-05-10T17:57:03
================================================================================
[2026-05-10T17:57:56.058+0000] {manager.py:878} INFO - 
================================================================================
DAG File Processing Stats

File Path                               PID    Runtime      # DAGs    # Errors  Last Runtime    Last Run
--------------------------------------  -----  ---------  --------  ----------  --------------  -------------------
/opt/airflow/dags/sneakerz_pipeline.py                           1           0  0.19s           2026-05-10T17:57:34
================================================================================
[2026-05-10T17:58:26.411+0000] {manager.py:878} INFO - 
================================================================================
DAG File Processing Stats

File Path                               PID    Runtime      # DAGs    # Errors  Last Runtime    Last Run
--------------------------------------  -----  ---------  --------  ----------  --------------  -------------------
/opt/airflow/dags/sneakerz_pipeline.py                           1           0  0.21s           2026-05-10T17:58:04
================================================================================
[2026-05-10T17:58:56.646+0000] {manager.py:878} INFO - 
================================================================================
DAG File Processing Stats

File Path                               PID    Runtime      # DAGs    # Errors  Last Runtime    Last Run
--------------------------------------  -----  ---------  --------  ----------  --------------  -------------------
/opt/airflow/dags/sneakerz_pipeline.py                           1           0  0.20s           2026-05-10T17:58:34
================================================================================
[2026-05-10T17:59:26.999+0000] {manager.py:878} INFO - 
================================================================================
DAG File Processing Stats

File Path                               PID    Runtime      # DAGs    # Errors  Last Runtime    Last Run
--------------------------------------  -----  ---------  --------  ----------  --------------  -------------------
/opt/airflow/dags/sneakerz_pipeline.py                           1           0  0.21s           2026-05-10T17:59:04
================================================================================
[2026-05-10T17:59:57.226+0000] {manager.py:878} INFO - 
================================================================================
DAG File Processing Stats

File Path                               PID    Runtime      # DAGs    # Errors  Last Runtime    Last Run
--------------------------------------  -----  ---------  --------  ----------  --------------  -------------------
/opt/airflow/dags/sneakerz_pipeline.py                           1           0  0.21s           2026-05-10T17:59:35
================================================================================
[2026-05-10T18:00:27.628+0000] {manager.py:878} INFO - 
================================================================================
DAG File Processing Stats

File Path                               PID    Runtime      # DAGs    # Errors  Last Runtime    Last Run
--------------------------------------  -----  ---------  --------  ----------  --------------  -------------------
/opt/airflow/dags/sneakerz_pipeline.py                           1           0  0.21s           2026-05-10T18:00:05
================================================================================
[2026-05-10T18:00:57.988+0000] {manager.py:878} INFO - 
================================================================================
DAG File Processing Stats

File Path                               PID    Runtime      # DAGs    # Errors  Last Runtime    Last Run
--------------------------------------  -----  ---------  --------  ----------  --------------  -------------------
/opt/airflow/dags/sneakerz_pipeline.py                           1           0  0.21s           2026-05-10T18:00:35
================================================================================
[2026-05-10T18:01:22.351+0000] {manager.py:737} INFO - Searching for files in /opt/airflow/dags
[2026-05-10T18:01:22.378+0000] {manager.py:740} INFO - There are 1 files in /opt/airflow/dags
[2026-05-10T18:01:28.215+0000] {manager.py:878} INFO - 
================================================================================
DAG File Processing Stats

File Path                               PID    Runtime      # DAGs    # Errors  Last Runtime    Last Run
--------------------------------------  -----  ---------  --------  ----------  --------------  -------------------
/opt/airflow/dags/sneakerz_pipeline.py                           1           0  0.21s           2026-05-10T18:01:06
================================================================================
[2026-05-10T18:01:58.633+0000] {manager.py:878} INFO - 
================================================================================
DAG File Processing Stats

File Path                               PID    Runtime      # DAGs    # Errors  Last Runtime    Last Run
--------------------------------------  -----  ---------  --------  ----------  --------------  -------------------
/opt/airflow/dags/sneakerz_pipeline.py                           1           0  0.22s           2026-05-10T18:01:36
================================================================================
[2026-05-10T18:02:28.850+0000] {manager.py:878} INFO - 
================================================================================
DAG File Processing Stats

File Path                               PID    Runtime      # DAGs    # Errors  Last Runtime    Last Run
--------------------------------------  -----  ---------  --------  ----------  --------------  -------------------
/opt/airflow/dags/sneakerz_pipeline.py                           1           0  0.20s           2026-05-10T18:02:06
================================================================================
[2026-05-10T18:02:59.207+0000] {manager.py:878} INFO - 
================================================================================
DAG File Processing Stats

File Path                               PID    Runtime      # DAGs    # Errors  Last Runtime    Last Run
--------------------------------------  -----  ---------  --------  ----------  --------------  -------------------
/opt/airflow/dags/sneakerz_pipeline.py                           1           0  0.22s           2026-05-10T18:02:37
================================================================================
[2026-05-10T18:03:29.430+0000] {manager.py:878} INFO - 
================================================================================
DAG File Processing Stats

File Path                               PID    Runtime      # DAGs    # Errors  Last Runtime    Last Run
--------------------------------------  -----  ---------  --------  ----------  --------------  -------------------
/opt/airflow/dags/sneakerz_pipeline.py                           1           0  0.21s           2026-05-10T18:03:07
================================================================================
[2026-05-10T18:03:59.818+0000] {manager.py:878} INFO - 
================================================================================
DAG File Processing Stats

File Path                               PID    Runtime      # DAGs    # Errors  Last Runtime    Last Run
--------------------------------------  -----  ---------  --------  ----------  --------------  -------------------
/opt/airflow/dags/sneakerz_pipeline.py                           1           0  0.20s           2026-05-10T18:03:37
================================================================================
[2026-05-10T18:04:30.201+0000] {manager.py:878} INFO - 
================================================================================
DAG File Processing Stats

File Path                               PID    Runtime      # DAGs    # Errors  Last Runtime    Last Run
--------------------------------------  -----  ---------  --------  ----------  --------------  -------------------
/opt/airflow/dags/sneakerz_pipeline.py                           1           0  0.20s           2026-05-10T18:04:08
================================================================================
[2026-05-10T18:05:00.590+0000] {manager.py:878} INFO - 
================================================================================
DAG File Processing Stats

File Path                               PID    Runtime      # DAGs    # Errors  Last Runtime    Last Run
--------------------------------------  -----  ---------  --------  ----------  --------------  -------------------
/opt/airflow/dags/sneakerz_pipeline.py                           1           0  0.23s           2026-05-10T18:04:38
================================================================================
[2026-05-10T18:05:30.996+0000] {manager.py:878} INFO - 
================================================================================
DAG File Processing Stats

File Path                               PID    Runtime      # DAGs    # Errors  Last Runtime    Last Run
--------------------------------------  -----  ---------  --------  ----------  --------------  -------------------
/opt/airflow/dags/sneakerz_pipeline.py                           1           0  0.19s           2026-05-10T18:05:09
================================================================================
[2026-05-10T18:06:01.378+0000] {manager.py:878} INFO - 
================================================================================
DAG File Processing Stats

File Path                               PID    Runtime      # DAGs    # Errors  Last Runtime    Last Run
--------------------------------------  -----  ---------  --------  ----------  --------------  -------------------
/opt/airflow/dags/sneakerz_pipeline.py                           1           0  0.21s           2026-05-10T18:05:39
================================================================================
[2026-05-10T18:06:22.707+0000] {manager.py:737} INFO - Searching for files in /opt/airflow/dags
[2026-05-10T18:06:22.737+0000] {manager.py:740} INFO - There are 1 files in /opt/airflow/dags
[2026-05-10T18:06:31.819+0000] {manager.py:878} INFO - 
================================================================================
DAG File Processing Stats

File Path                               PID    Runtime      # DAGs    # Errors  Last Runtime    Last Run
--------------------------------------  -----  ---------  --------  ----------  --------------  -------------------
/opt/airflow/dags/sneakerz_pipeline.py                           1           0  0.19s           2026-05-10T18:06:09
================================================================================
[2026-05-10T18:07:02.131+0000] {manager.py:878} INFO - 
================================================================================
DAG File Processing Stats

File Path                               PID    Runtime      # DAGs    # Errors  Last Runtime    Last Run
--------------------------------------  -----  ---------  --------  ----------  --------------  -------------------
/opt/airflow/dags/sneakerz_pipeline.py                           1           0  0.20s           2026-05-10T18:06:40
================================================================================
[2026-05-10T18:07:32.390+0000] {manager.py:878} INFO - 
================================================================================
DAG File Processing Stats

File Path                               PID    Runtime      # DAGs    # Errors  Last Runtime    Last Run
--------------------------------------  -----  ---------  --------  ----------  --------------  -------------------
/opt/airflow/dags/sneakerz_pipeline.py                           1           0  0.21s           2026-05-10T18:07:10
================================================================================
[2026-05-10T18:08:02.717+0000] {manager.py:878} INFO - 
================================================================================
DAG File Processing Stats

File Path                               PID    Runtime      # DAGs    # Errors  Last Runtime    Last Run
--------------------------------------  -----  ---------  --------  ----------  --------------  -------------------
/opt/airflow/dags/sneakerz_pipeline.py                           1           0  0.20s           2026-05-10T18:07:40
================================================================================
[2026-05-10T18:08:32.984+0000] {manager.py:878} INFO - 
================================================================================
DAG File Processing Stats

File Path                               PID    Runtime      # DAGs    # Errors  Last Runtime    Last Run
--------------------------------------  -----  ---------  --------  ----------  --------------  -------------------
/opt/airflow/dags/sneakerz_pipeline.py                           1           0  0.21s           2026-05-10T18:08:10
================================================================================
[2026-05-10T18:09:03.310+0000] {manager.py:878} INFO - 
================================================================================
DAG File Processing Stats

File Path                               PID    Runtime      # DAGs    # Errors  Last Runtime    Last Run
--------------------------------------  -----  ---------  --------  ----------  --------------  -------------------
/opt/airflow/dags/sneakerz_pipeline.py                           1           0  0.21s           2026-05-10T18:08:41
================================================================================
[2026-05-10T18:09:33.570+0000] {manager.py:878} INFO - 
================================================================================
DAG File Processing Stats

File Path                               PID    Runtime      # DAGs    # Errors  Last Runtime    Last Run
--------------------------------------  -----  ---------  --------  ----------  --------------  -------------------
/opt/airflow/dags/sneakerz_pipeline.py                           1           0  0.20s           2026-05-10T18:09:11
================================================================================
[2026-05-10T18:10:03.885+0000] {manager.py:878} INFO - 
================================================================================
DAG File Processing Stats

File Path                               PID    Runtime      # DAGs    # Errors  Last Runtime    Last Run
--------------------------------------  -----  ---------  --------  ----------  --------------  -------------------
/opt/airflow/dags/sneakerz_pipeline.py                           1           0  0.21s           2026-05-10T18:09:41
================================================================================
[2026-05-10T18:10:34.185+0000] {manager.py:878} INFO - 
================================================================================
DAG File Processing Stats

File Path                               PID    Runtime      # DAGs    # Errors  Last Runtime    Last Run
--------------------------------------  -----  ---------  --------  ----------  --------------  -------------------
/opt/airflow/dags/sneakerz_pipeline.py                           1           0  0.21s           2026-05-10T18:10:12
================================================================================
[2026-05-10T18:11:04.491+0000] {manager.py:878} INFO - 
================================================================================
DAG File Processing Stats

File Path                               PID    Runtime      # DAGs    # Errors  Last Runtime    Last Run
--------------------------------------  -----  ---------  --------  ----------  --------------  -------------------
/opt/airflow/dags/sneakerz_pipeline.py                           1           0  0.20s           2026-05-10T18:10:42
================================================================================
[2026-05-10T18:11:22.805+0000] {manager.py:737} INFO - Searching for files in /opt/airflow/dags
[2026-05-10T18:11:22.837+0000] {manager.py:740} INFO - There are 1 files in /opt/airflow/dags
[2026-05-10T18:11:34.764+0000] {manager.py:878} INFO - 
================================================================================
DAG File Processing Stats

File Path                               PID    Runtime      # DAGs    # Errors  Last Runtime    Last Run
--------------------------------------  -----  ---------  --------  ----------  --------------  -------------------
/opt/airflow/dags/sneakerz_pipeline.py                           1           0  0.20s           2026-05-10T18:11:12
================================================================================
[2026-05-10T18:12:05.119+0000] {manager.py:878} INFO - 
================================================================================
DAG File Processing Stats

File Path                               PID    Runtime      # DAGs    # Errors  Last Runtime    Last Run
--------------------------------------  -----  ---------  --------  ----------  --------------  -------------------
/opt/airflow/dags/sneakerz_pipeline.py                           1           0  0.22s           2026-05-10T18:11:43
================================================================================
[2026-05-10T18:12:35.358+0000] {manager.py:878} INFO - 
================================================================================
DAG File Processing Stats

File Path                               PID    Runtime      # DAGs    # Errors  Last Runtime    Last Run
--------------------------------------  -----  ---------  --------  ----------  --------------  -------------------
/opt/airflow/dags/sneakerz_pipeline.py                           1           0  0.21s           2026-05-10T18:12:13
================================================================================
[2026-05-10T18:13:05.699+0000] {manager.py:878} INFO - 
================================================================================
DAG File Processing Stats

File Path                               PID    Runtime      # DAGs    # Errors  Last Runtime    Last Run
--------------------------------------  -----  ---------  --------  ----------  --------------  -------------------
/opt/airflow/dags/sneakerz_pipeline.py                           1           0  0.19s           2026-05-10T18:12:43
================================================================================
[2026-05-10T18:13:35.919+0000] {manager.py:878} INFO - 
================================================================================
DAG File Processing Stats

File Path                               PID    Runtime      # DAGs    # Errors  Last Runtime    Last Run
--------------------------------------  -----  ---------  --------  ----------  --------------  -------------------
/opt/airflow/dags/sneakerz_pipeline.py                           1           0  0.19s           2026-05-10T18:13:13
================================================================================
[2026-05-10T18:14:06.269+0000] {manager.py:878} INFO - 
================================================================================
DAG File Processing Stats

File Path                               PID    Runtime      # DAGs    # Errors  Last Runtime    Last Run
--------------------------------------  -----  ---------  --------  ----------  --------------  -------------------
/opt/airflow/dags/sneakerz_pipeline.py                           1           0  0.21s           2026-05-10T18:13:44
================================================================================
[2026-05-10T18:14:36.498+0000] {manager.py:878} INFO - 
================================================================================
DAG File Processing Stats

File Path                               PID    Runtime      # DAGs    # Errors  Last Runtime    Last Run
--------------------------------------  -----  ---------  --------  ----------  --------------  -------------------
/opt/airflow/dags/sneakerz_pipeline.py                           1           0  0.20s           2026-05-10T18:14:14
================================================================================
[2026-05-10T18:15:06.845+0000] {manager.py:878} INFO - 
================================================================================
DAG File Processing Stats

File Path                               PID    Runtime      # DAGs    # Errors  Last Runtime    Last Run
--------------------------------------  -----  ---------  --------  ----------  --------------  -------------------
/opt/airflow/dags/sneakerz_pipeline.py                           1           0  0.21s           2026-05-10T18:14:44
================================================================================
[2026-05-10T18:15:37.084+0000] {manager.py:878} INFO - 
================================================================================
DAG File Processing Stats

File Path                               PID    Runtime      # DAGs    # Errors  Last Runtime    Last Run
--------------------------------------  -----  ---------  --------  ----------  --------------  -------------------
/opt/airflow/dags/sneakerz_pipeline.py                           1           0  0.20s           2026-05-10T18:15:15
================================================================================
[2026-05-10T18:16:07.419+0000] {manager.py:878} INFO - 
================================================================================
DAG File Processing Stats

File Path                               PID    Runtime      # DAGs    # Errors  Last Runtime    Last Run
--------------------------------------  -----  ---------  --------  ----------  --------------  -------------------
/opt/airflow/dags/sneakerz_pipeline.py                           1           0  0.20s           2026-05-10T18:15:45
================================================================================
[2026-05-10T18:16:23.564+0000] {manager.py:737} INFO - Searching for files in /opt/airflow/dags
[2026-05-10T18:16:23.591+0000] {manager.py:740} INFO - There are 1 files in /opt/airflow/dags
[2026-05-10T18:16:37.692+0000] {manager.py:878} INFO - 
================================================================================
DAG File Processing Stats

File Path                               PID    Runtime      # DAGs    # Errors  Last Runtime    Last Run
--------------------------------------  -----  ---------  --------  ----------  --------------  -------------------
/opt/airflow/dags/sneakerz_pipeline.py                           1           0  0.20s           2026-05-10T18:16:15
================================================================================
[2026-05-10T18:17:07.990+0000] {manager.py:878} INFO - 
================================================================================
DAG File Processing Stats

File Path                               PID    Runtime      # DAGs    # Errors  Last Runtime    Last Run
--------------------------------------  -----  ---------  --------  ----------  --------------  -------------------
/opt/airflow/dags/sneakerz_pipeline.py                           1           0  0.20s           2026-05-10T18:16:45
================================================================================
[2026-05-10T18:17:38.269+0000] {manager.py:878} INFO - 
================================================================================
DAG File Processing Stats

File Path                               PID    Runtime      # DAGs    # Errors  Last Runtime    Last Run
--------------------------------------  -----  ---------  --------  ----------  --------------  -------------------
/opt/airflow/dags/sneakerz_pipeline.py                           1           0  0.20s           2026-05-10T18:17:16
================================================================================
[2026-05-10T18:18:08.597+0000] {manager.py:878} INFO - 
================================================================================
DAG File Processing Stats

File Path                               PID    Runtime      # DAGs    # Errors  Last Runtime    Last Run
--------------------------------------  -----  ---------  --------  ----------  --------------  -------------------
/opt/airflow/dags/sneakerz_pipeline.py                           1           0  0.24s           2026-05-10T18:17:46
================================================================================
[2026-05-10T18:18:38.925+0000] {manager.py:878} INFO - 
================================================================================
DAG File Processing Stats

File Path                               PID    Runtime      # DAGs    # Errors  Last Runtime    Last Run
--------------------------------------  -----  ---------  --------  ----------  --------------  -------------------
/opt/airflow/dags/sneakerz_pipeline.py                           1           0  0.20s           2026-05-10T18:18:16
================================================================================
[2026-05-10T18:19:09.184+0000] {manager.py:878} INFO - 
================================================================================
DAG File Processing Stats

File Path                               PID    Runtime      # DAGs    # Errors  Last Runtime    Last Run
--------------------------------------  -----  ---------  --------  ----------  --------------  -------------------
/opt/airflow/dags/sneakerz_pipeline.py                           1           0  0.21s           2026-05-10T18:18:47
================================================================================
[2026-05-10T18:19:39.532+0000] {manager.py:878} INFO - 
================================================================================
DAG File Processing Stats

File Path                               PID    Runtime      # DAGs    # Errors  Last Runtime    Last Run
--------------------------------------  -----  ---------  --------  ----------  --------------  -------------------
/opt/airflow/dags/sneakerz_pipeline.py                           1           0  0.24s           2026-05-10T18:19:17
================================================================================
[2026-05-10T18:20:09.828+0000] {manager.py:878} INFO - 
================================================================================
DAG File Processing Stats

File Path                               PID    Runtime      # DAGs    # Errors  Last Runtime    Last Run
--------------------------------------  -----  ---------  --------  ----------  --------------  -------------------
/opt/airflow/dags/sneakerz_pipeline.py                           1           0  0.22s           2026-05-10T18:19:47
================================================================================
[2026-05-10T18:20:40.139+0000] {manager.py:878} INFO - 
================================================================================
DAG File Processing Stats

File Path                               PID    Runtime      # DAGs    # Errors  Last Runtime    Last Run
--------------------------------------  -----  ---------  --------  ----------  --------------  -------------------
/opt/airflow/dags/sneakerz_pipeline.py                           1           0  0.19s           2026-05-10T18:20:18
================================================================================
[2026-05-10T18:21:10.378+0000] {manager.py:878} INFO - 
================================================================================
DAG File Processing Stats

File Path                               PID    Runtime      # DAGs    # Errors  Last Runtime    Last Run
--------------------------------------  -----  ---------  --------  ----------  --------------  -------------------
/opt/airflow/dags/sneakerz_pipeline.py                           1           0  0.19s           2026-05-10T18:20:48
================================================================================
[2026-05-10T18:21:23.588+0000] {manager.py:737} INFO - Searching for files in /opt/airflow/dags
[2026-05-10T18:21:23.613+0000] {manager.py:740} INFO - There are 1 files in /opt/airflow/dags
[2026-05-10T18:21:40.743+0000] {manager.py:878} INFO - 
================================================================================
DAG File Processing Stats

File Path                               PID    Runtime      # DAGs    # Errors  Last Runtime    Last Run
--------------------------------------  -----  ---------  --------  ----------  --------------  -------------------
/opt/airflow/dags/sneakerz_pipeline.py                           1           0  0.20s           2026-05-10T18:21:18
================================================================================
[2026-05-10T18:22:10.979+0000] {manager.py:878} INFO - 
================================================================================
DAG File Processing Stats

File Path                               PID    Runtime      # DAGs    # Errors  Last Runtime    Last Run
--------------------------------------  -----  ---------  --------  ----------  --------------  -------------------
/opt/airflow/dags/sneakerz_pipeline.py                           1           0  0.19s           2026-05-10T18:21:49
================================================================================
[2026-05-10T18:22:41.334+0000] {manager.py:878} INFO - 
================================================================================
DAG File Processing Stats

File Path                               PID    Runtime      # DAGs    # Errors  Last Runtime    Last Run
--------------------------------------  -----  ---------  --------  ----------  --------------  -------------------
/opt/airflow/dags/sneakerz_pipeline.py                           1           0  0.20s           2026-05-10T18:22:19
================================================================================
[2026-05-10T18:23:11.573+0000] {manager.py:878} INFO - 
================================================================================
DAG File Processing Stats

File Path                               PID    Runtime      # DAGs    # Errors  Last Runtime    Last Run
--------------------------------------  -----  ---------  --------  ----------  --------------  -------------------
/opt/airflow/dags/sneakerz_pipeline.py                           1           0  0.20s           2026-05-10T18:22:49
================================================================================
[2026-05-10T18:23:41.925+0000] {manager.py:878} INFO - 
================================================================================
DAG File Processing Stats

File Path                               PID    Runtime      # DAGs    # Errors  Last Runtime    Last Run
--------------------------------------  -----  ---------  --------  ----------  --------------  -------------------
/opt/airflow/dags/sneakerz_pipeline.py                           1           0  0.22s           2026-05-10T18:23:19
================================================================================
[2026-05-10T18:24:12.181+0000] {manager.py:878} INFO - 
================================================================================
DAG File Processing Stats

File Path                               PID    Runtime      # DAGs    # Errors  Last Runtime    Last Run
--------------------------------------  -----  ---------  --------  ----------  --------------  -------------------
/opt/airflow/dags/sneakerz_pipeline.py                           1           0  0.23s           2026-05-10T18:23:50
================================================================================
[2026-05-10T18:24:42.542+0000] {manager.py:878} INFO - 
================================================================================
DAG File Processing Stats

File Path                               PID    Runtime      # DAGs    # Errors  Last Runtime    Last Run
--------------------------------------  -----  ---------  --------  ----------  --------------  -------------------
/opt/airflow/dags/sneakerz_pipeline.py                           1           0  0.19s           2026-05-10T18:24:20
================================================================================
[2026-05-10T18:25:12.767+0000] {manager.py:878} INFO - 
================================================================================
DAG File Processing Stats

File Path                               PID    Runtime      # DAGs    # Errors  Last Runtime    Last Run
--------------------------------------  -----  ---------  --------  ----------  --------------  -------------------
/opt/airflow/dags/sneakerz_pipeline.py                           1           0  0.19s           2026-05-10T18:24:50
================================================================================
[2026-05-10T18:25:43.166+0000] {manager.py:878} INFO - 
================================================================================
DAG File Processing Stats

File Path                               PID    Runtime      # DAGs    # Errors  Last Runtime    Last Run
--------------------------------------  -----  ---------  --------  ----------  --------------  -------------------
/opt/airflow/dags/sneakerz_pipeline.py                           1           0  0.25s           2026-05-10T18:25:21
================================================================================
[2026-05-10T18:26:13.448+0000] {manager.py:878} INFO - 
================================================================================
DAG File Processing Stats

File Path                               PID    Runtime      # DAGs    # Errors  Last Runtime    Last Run
--------------------------------------  -----  ---------  --------  ----------  --------------  -------------------
/opt/airflow/dags/sneakerz_pipeline.py                           1           0  0.21s           2026-05-10T18:25:51
================================================================================
[2026-05-10T18:26:23.627+0000] {manager.py:737} INFO - Searching for files in /opt/airflow/dags
[2026-05-10T18:26:23.655+0000] {manager.py:740} INFO - There are 1 files in /opt/airflow/dags
[2026-05-10T18:26:43.798+0000] {manager.py:878} INFO - 
================================================================================
DAG File Processing Stats

File Path                               PID    Runtime      # DAGs    # Errors  Last Runtime    Last Run
--------------------------------------  -----  ---------  --------  ----------  --------------  -------------------
/opt/airflow/dags/sneakerz_pipeline.py                           1           0  0.19s           2026-05-10T18:26:21
================================================================================
[2026-05-10T18:27:14.013+0000] {manager.py:878} INFO - 
================================================================================
DAG File Processing Stats

File Path                               PID    Runtime      # DAGs    # Errors  Last Runtime    Last Run
--------------------------------------  -----  ---------  --------  ----------  --------------  -------------------
/opt/airflow/dags/sneakerz_pipeline.py                           1           0  0.20s           2026-05-10T18:26:52
================================================================================
[2026-05-10T18:27:44.371+0000] {manager.py:878} INFO - 
================================================================================
DAG File Processing Stats

File Path                               PID    Runtime      # DAGs    # Errors  Last Runtime    Last Run
--------------------------------------  -----  ---------  --------  ----------  --------------  -------------------
/opt/airflow/dags/sneakerz_pipeline.py                           1           0  0.22s           2026-05-10T18:27:22
================================================================================
[2026-05-10T18:28:14.625+0000] {manager.py:878} INFO - 
================================================================================
DAG File Processing Stats

File Path                               PID    Runtime      # DAGs    # Errors  Last Runtime    Last Run
--------------------------------------  -----  ---------  --------  ----------  --------------  -------------------
/opt/airflow/dags/sneakerz_pipeline.py                           1           0  0.21s           2026-05-10T18:27:52
================================================================================
[2026-05-10T18:28:45.006+0000] {manager.py:878} INFO - 
================================================================================
DAG File Processing Stats

File Path                               PID    Runtime      # DAGs    # Errors  Last Runtime    Last Run
--------------------------------------  -----  ---------  --------  ----------  --------------  -------------------
/opt/airflow/dags/sneakerz_pipeline.py                           1           0  0.25s           2026-05-10T18:28:22
================================================================================
[2026-05-10T18:29:15.285+0000] {manager.py:878} INFO - 
================================================================================
DAG File Processing Stats

File Path                               PID    Runtime      # DAGs    # Errors  Last Runtime    Last Run
--------------------------------------  -----  ---------  --------  ----------  --------------  -------------------
/opt/airflow/dags/sneakerz_pipeline.py                           1           0  0.27s           2026-05-10T18:28:53
================================================================================
[2026-05-10T18:29:45.716+0000] {manager.py:878} INFO - 
================================================================================
DAG File Processing Stats

File Path                               PID    Runtime      # DAGs    # Errors  Last Runtime    Last Run
--------------------------------------  -----  ---------  --------  ----------  --------------  -------------------
/opt/airflow/dags/sneakerz_pipeline.py                           1           0  0.28s           2026-05-10T18:29:23
================================================================================
[2026-05-10T18:30:16.193+0000] {manager.py:878} INFO - 
================================================================================
DAG File Processing Stats

File Path                               PID    Runtime      # DAGs    # Errors  Last Runtime    Last Run
--------------------------------------  -----  ---------  --------  ----------  --------------  -------------------
/opt/airflow/dags/sneakerz_pipeline.py                           1           0  0.21s           2026-05-10T18:29:54
================================================================================
[2026-05-10T18:30:46.636+0000] {manager.py:878} INFO - 
================================================================================
DAG File Processing Stats

File Path                               PID    Runtime      # DAGs    # Errors  Last Runtime    Last Run
--------------------------------------  -----  ---------  --------  ----------  --------------  -------------------
/opt/airflow/dags/sneakerz_pipeline.py                           1           0  0.27s           2026-05-10T18:30:24
================================================================================
[2026-05-10T18:31:17.106+0000] {manager.py:878} INFO - 
================================================================================
DAG File Processing Stats

File Path                               PID    Runtime      # DAGs    # Errors  Last Runtime    Last Run
--------------------------------------  -----  ---------  --------  ----------  --------------  -------------------
/opt/airflow/dags/sneakerz_pipeline.py                           1           0  0.27s           2026-05-10T18:30:55
================================================================================
[2026-05-10T18:31:24.152+0000] {manager.py:737} INFO - Searching for files in /opt/airflow/dags
[2026-05-10T18:31:24.180+0000] {manager.py:740} INFO - There are 1 files in /opt/airflow/dags
[2026-05-10T18:31:47.575+0000] {manager.py:878} INFO - 
================================================================================
DAG File Processing Stats

File Path                               PID    Runtime      # DAGs    # Errors  Last Runtime    Last Run
--------------------------------------  -----  ---------  --------  ----------  --------------  -------------------
/opt/airflow/dags/sneakerz_pipeline.py                           1           0  0.21s           2026-05-10T18:31:25
================================================================================
[2026-05-10T18:32:17.981+0000] {manager.py:878} INFO - 
================================================================================
DAG File Processing Stats

File Path                               PID    Runtime      # DAGs    # Errors  Last Runtime    Last Run
--------------------------------------  -----  ---------  --------  ----------  --------------  -------------------
/opt/airflow/dags/sneakerz_pipeline.py                           1           0  0.21s           2026-05-10T18:31:56
================================================================================
[2026-05-10T18:32:48.402+0000] {manager.py:878} INFO - 
================================================================================
DAG File Processing Stats

File Path                               PID    Runtime      # DAGs    # Errors  Last Runtime    Last Run
--------------------------------------  -----  ---------  --------  ----------  --------------  -------------------
/opt/airflow/dags/sneakerz_pipeline.py                           1           0  0.26s           2026-05-10T18:32:26
================================================================================
[2026-05-10T18:33:18.873+0000] {manager.py:878} INFO - 
================================================================================
DAG File Processing Stats

File Path                               PID    Runtime      # DAGs    # Errors  Last Runtime    Last Run
--------------------------------------  -----  ---------  --------  ----------  --------------  -------------------
/opt/airflow/dags/sneakerz_pipeline.py                           1           0  0.31s           2026-05-10T18:32:57
================================================================================
[2026-05-10T18:33:49.393+0000] {manager.py:878} INFO - 
================================================================================
DAG File Processing Stats

File Path                               PID    Runtime      # DAGs    # Errors  Last Runtime    Last Run
--------------------------------------  -----  ---------  --------  ----------  --------------  -------------------
/opt/airflow/dags/sneakerz_pipeline.py                           1           0  0.23s           2026-05-10T18:33:27
================================================================================
[2026-05-10T18:34:19.824+0000] {manager.py:878} INFO - 
================================================================================
DAG File Processing Stats

File Path                               PID    Runtime      # DAGs    # Errors  Last Runtime    Last Run
--------------------------------------  -----  ---------  --------  ----------  --------------  -------------------
/opt/airflow/dags/sneakerz_pipeline.py                           1           0  0.20s           2026-05-10T18:33:57
================================================================================
[2026-05-10T18:34:50.192+0000] {manager.py:878} INFO - 
================================================================================
DAG File Processing Stats

File Path                               PID    Runtime      # DAGs    # Errors  Last Runtime    Last Run
--------------------------------------  -----  ---------  --------  ----------  --------------  -------------------
/opt/airflow/dags/sneakerz_pipeline.py                           1           0  0.30s           2026-05-10T18:34:28
================================================================================
[2026-05-10T18:35:20.521+0000] {manager.py:878} INFO - 
================================================================================
DAG File Processing Stats

File Path                               PID    Runtime      # DAGs    # Errors  Last Runtime    Last Run
--------------------------------------  -----  ---------  --------  ----------  --------------  -------------------
/opt/airflow/dags/sneakerz_pipeline.py                           1           0  0.22s           2026-05-10T18:34:58
================================================================================
[2026-05-10T18:35:50.801+0000] {manager.py:878} INFO - 
================================================================================
DAG File Processing Stats

File Path                               PID    Runtime      # DAGs    # Errors  Last Runtime    Last Run
--------------------------------------  -----  ---------  --------  ----------  --------------  -------------------
/opt/airflow/dags/sneakerz_pipeline.py                           1           0  0.20s           2026-05-10T18:35:28
================================================================================
[2026-05-10T18:36:21.103+0000] {manager.py:878} INFO - 
================================================================================
DAG File Processing Stats

File Path                               PID    Runtime      # DAGs    # Errors  Last Runtime    Last Run
--------------------------------------  -----  ---------  --------  ----------  --------------  -------------------
/opt/airflow/dags/sneakerz_pipeline.py                           1           0  0.22s           2026-05-10T18:35:59
================================================================================
[2026-05-10T18:36:24.247+0000] {manager.py:737} INFO - Searching for files in /opt/airflow/dags
[2026-05-10T18:36:24.274+0000] {manager.py:740} INFO - There are 1 files in /opt/airflow/dags
[2026-05-10T18:36:51.468+0000] {manager.py:878} INFO - 
================================================================================
DAG File Processing Stats

File Path                               PID    Runtime      # DAGs    # Errors  Last Runtime    Last Run
--------------------------------------  -----  ---------  --------  ----------  --------------  -------------------
/opt/airflow/dags/sneakerz_pipeline.py                           1           0  0.20s           2026-05-10T18:36:29
================================================================================
[2026-05-10T18:37:21.715+0000] {manager.py:878} INFO - 
================================================================================
DAG File Processing Stats

File Path                               PID    Runtime      # DAGs    # Errors  Last Runtime    Last Run
--------------------------------------  -----  ---------  --------  ----------  --------------  -------------------
/opt/airflow/dags/sneakerz_pipeline.py                           1           0  0.27s           2026-05-10T18:36:59
================================================================================
[2026-05-10T18:37:52.153+0000] {manager.py:878} INFO - 
================================================================================
DAG File Processing Stats

File Path                               PID    Runtime      # DAGs    # Errors  Last Runtime    Last Run
--------------------------------------  -----  ---------  --------  ----------  --------------  -------------------
/opt/airflow/dags/sneakerz_pipeline.py                           1           0  0.21s           2026-05-10T18:37:30
================================================================================
[2026-05-10T18:38:22.568+0000] {manager.py:878} INFO - 
================================================================================
DAG File Processing Stats

File Path                               PID    Runtime      # DAGs    # Errors  Last Runtime    Last Run
--------------------------------------  -----  ---------  --------  ----------  --------------  -------------------
/opt/airflow/dags/sneakerz_pipeline.py                           1           0  0.23s           2026-05-10T18:38:00
================================================================================
[2026-05-10T18:38:52.998+0000] {manager.py:878} INFO - 
================================================================================
DAG File Processing Stats

File Path                               PID    Runtime      # DAGs    # Errors  Last Runtime    Last Run
--------------------------------------  -----  ---------  --------  ----------  --------------  -------------------
/opt/airflow/dags/sneakerz_pipeline.py                           1           0  0.27s           2026-05-10T18:38:31
================================================================================
[2026-05-10T18:39:23.458+0000] {manager.py:878} INFO - 
================================================================================
DAG File Processing Stats

File Path                               PID    Runtime      # DAGs    # Errors  Last Runtime    Last Run
--------------------------------------  -----  ---------  --------  ----------  --------------  -------------------
/opt/airflow/dags/sneakerz_pipeline.py                           1           0  0.23s           2026-05-10T18:39:01
================================================================================
[2026-05-10T18:39:53.871+0000] {manager.py:878} INFO - 
================================================================================
DAG File Processing Stats

File Path                               PID    Runtime      # DAGs    # Errors  Last Runtime    Last Run
--------------------------------------  -----  ---------  --------  ----------  --------------  -------------------
/opt/airflow/dags/sneakerz_pipeline.py                           1           0  0.23s           2026-05-10T18:39:31
================================================================================
[2026-05-10T18:40:24.308+0000] {manager.py:878} INFO - 
================================================================================
DAG File Processing Stats

File Path                               PID    Runtime      # DAGs    # Errors  Last Runtime    Last Run
--------------------------------------  -----  ---------  --------  ----------  --------------  -------------------
/opt/airflow/dags/sneakerz_pipeline.py                           1           0  0.27s           2026-05-10T18:40:02
================================================================================
[2026-05-10T18:40:54.797+0000] {manager.py:878} INFO - 
================================================================================
DAG File Processing Stats

File Path                               PID    Runtime      # DAGs    # Errors  Last Runtime    Last Run
--------------------------------------  -----  ---------  --------  ----------  --------------  -------------------
/opt/airflow/dags/sneakerz_pipeline.py                           1           0  0.28s           2026-05-10T18:40:32
================================================================================
[2026-05-10T18:41:24.289+0000] {manager.py:737} INFO - Searching for files in /opt/airflow/dags
[2026-05-10T18:41:24.332+0000] {manager.py:740} INFO - There are 1 files in /opt/airflow/dags
[2026-05-10T18:41:25.366+0000] {manager.py:878} INFO - 
================================================================================
DAG File Processing Stats

File Path                               PID    Runtime      # DAGs    # Errors  Last Runtime    Last Run
--------------------------------------  -----  ---------  --------  ----------  --------------  -------------------
/opt/airflow/dags/sneakerz_pipeline.py                           1           0  0.22s           2026-05-10T18:41:03
================================================================================
[2026-05-10T18:41:55.712+0000] {manager.py:878} INFO - 
================================================================================
DAG File Processing Stats

File Path                               PID    Runtime      # DAGs    # Errors  Last Runtime    Last Run
--------------------------------------  -----  ---------  --------  ----------  --------------  -------------------
/opt/airflow/dags/sneakerz_pipeline.py                           1           0  1.27s           2026-05-10T18:41:34
================================================================================
[2026-05-10T18:42:26.005+0000] {manager.py:878} INFO - 
================================================================================
DAG File Processing Stats

File Path                               PID    Runtime      # DAGs    # Errors  Last Runtime    Last Run
--------------------------------------  -----  ---------  --------  ----------  --------------  -------------------
/opt/airflow/dags/sneakerz_pipeline.py                           1           0  1.00s           2026-05-10T18:42:05
================================================================================
[2026-05-10T18:42:56.250+0000] {manager.py:878} INFO - 
================================================================================
DAG File Processing Stats

File Path                               PID    Runtime      # DAGs    # Errors  Last Runtime    Last Run
--------------------------------------  -----  ---------  --------  ----------  --------------  -------------------
/opt/airflow/dags/sneakerz_pipeline.py                           1           0  0.49s           2026-05-10T18:42:36
================================================================================
[2026-05-10T18:43:26.913+0000] {manager.py:878} INFO - 
================================================================================
DAG File Processing Stats

File Path                               PID    Runtime      # DAGs    # Errors  Last Runtime    Last Run
--------------------------------------  -----  ---------  --------  ----------  --------------  -------------------
/opt/airflow/dags/sneakerz_pipeline.py                           1           0  0.22s           2026-05-10T18:43:06
================================================================================
[2026-05-10T18:43:57.330+0000] {manager.py:878} INFO - 
================================================================================
DAG File Processing Stats

File Path                               PID    Runtime      # DAGs    # Errors  Last Runtime    Last Run
--------------------------------------  -----  ---------  --------  ----------  --------------  -------------------
/opt/airflow/dags/sneakerz_pipeline.py                           1           0  0.26s           2026-05-10T18:43:37
================================================================================
[2026-05-10T18:44:27.821+0000] {manager.py:878} INFO - 
================================================================================
DAG File Processing Stats

File Path                               PID    Runtime      # DAGs    # Errors  Last Runtime    Last Run
--------------------------------------  -----  ---------  --------  ----------  --------------  -------------------
/opt/airflow/dags/sneakerz_pipeline.py                           1           0  0.27s           2026-05-10T18:44:07
================================================================================
[2026-05-10T18:44:58.289+0000] {manager.py:878} INFO - 
================================================================================
DAG File Processing Stats

File Path                               PID    Runtime      # DAGs    # Errors  Last Runtime    Last Run
--------------------------------------  -----  ---------  --------  ----------  --------------  -------------------
/opt/airflow/dags/sneakerz_pipeline.py                           1           0  0.24s           2026-05-10T18:44:38
================================================================================
[2026-05-10T18:45:28.729+0000] {manager.py:878} INFO - 
================================================================================
DAG File Processing Stats

File Path                               PID    Runtime      # DAGs    # Errors  Last Runtime    Last Run
--------------------------------------  -----  ---------  --------  ----------  --------------  -------------------
/opt/airflow/dags/sneakerz_pipeline.py                           1           0  0.31s           2026-05-10T18:45:08
================================================================================
[2026-05-10T18:45:59.231+0000] {manager.py:878} INFO - 
================================================================================
DAG File Processing Stats

File Path                               PID    Runtime      # DAGs    # Errors  Last Runtime    Last Run
--------------------------------------  -----  ---------  --------  ----------  --------------  -------------------
/opt/airflow/dags/sneakerz_pipeline.py                           1           0  0.21s           2026-05-10T18:45:39
================================================================================
[2026-05-10T18:46:24.597+0000] {manager.py:737} INFO - Searching for files in /opt/airflow/dags
[2026-05-10T18:46:24.627+0000] {manager.py:740} INFO - There are 1 files in /opt/airflow/dags
[2026-05-10T18:46:29.676+0000] {manager.py:878} INFO - 
================================================================================
DAG File Processing Stats

File Path                               PID    Runtime      # DAGs    # Errors  Last Runtime    Last Run
--------------------------------------  -----  ---------  --------  ----------  --------------  -------------------
/opt/airflow/dags/sneakerz_pipeline.py                           1           0  0.21s           2026-05-10T18:46:09
================================================================================
[2026-05-10T18:47:00.001+0000] {manager.py:878} INFO - 
================================================================================
DAG File Processing Stats

File Path                               PID    Runtime      # DAGs    # Errors  Last Runtime    Last Run
--------------------------------------  -----  ---------  --------  ----------  --------------  -------------------
/opt/airflow/dags/sneakerz_pipeline.py                           1           0  0.22s           2026-05-10T18:46:39
================================================================================
[2026-05-10T18:47:30.272+0000] {manager.py:878} INFO - 
================================================================================
DAG File Processing Stats

File Path                               PID    Runtime      # DAGs    # Errors  Last Runtime    Last Run
--------------------------------------  -----  ---------  --------  ----------  --------------  -------------------
/opt/airflow/dags/sneakerz_pipeline.py                           1           0  0.24s           2026-05-10T18:47:10
================================================================================
[2026-05-10T18:48:00.669+0000] {manager.py:878} INFO - 
================================================================================
DAG File Processing Stats

File Path                               PID    Runtime      # DAGs    # Errors  Last Runtime    Last Run
--------------------------------------  -----  ---------  --------  ----------  --------------  -------------------
/opt/airflow/dags/sneakerz_pipeline.py                           1           0  0.24s           2026-05-10T18:47:40
================================================================================
[2026-05-10T18:48:30.924+0000] {manager.py:878} INFO - 
================================================================================
DAG File Processing Stats

File Path                               PID    Runtime      # DAGs    # Errors  Last Runtime    Last Run
--------------------------------------  -----  ---------  --------  ----------  --------------  -------------------
/opt/airflow/dags/sneakerz_pipeline.py                           1           0  0.26s           2026-05-10T18:48:11
================================================================================
[2026-05-10T18:49:01.333+0000] {manager.py:878} INFO - 
================================================================================
DAG File Processing Stats

File Path                               PID    Runtime      # DAGs    # Errors  Last Runtime    Last Run
--------------------------------------  -----  ---------  --------  ----------  --------------  -------------------
/opt/airflow/dags/sneakerz_pipeline.py                           1           0  0.22s           2026-05-10T18:48:41
================================================================================
[2026-05-10T18:49:31.736+0000] {manager.py:878} INFO - 
================================================================================
DAG File Processing Stats

File Path                               PID    Runtime      # DAGs    # Errors  Last Runtime    Last Run
--------------------------------------  -----  ---------  --------  ----------  --------------  -------------------
/opt/airflow/dags/sneakerz_pipeline.py                           1           0  0.21s           2026-05-10T18:49:11
================================================================================
[2026-05-10T18:50:01.965+0000] {manager.py:878} INFO - 
================================================================================
DAG File Processing Stats

File Path                               PID    Runtime      # DAGs    # Errors  Last Runtime    Last Run
--------------------------------------  -----  ---------  --------  ----------  --------------  -------------------
/opt/airflow/dags/sneakerz_pipeline.py                           1           0  0.22s           2026-05-10T18:49:42
================================================================================
[2026-05-10T18:50:32.342+0000] {manager.py:878} INFO - 
================================================================================
DAG File Processing Stats

File Path                               PID    Runtime      # DAGs    # Errors  Last Runtime    Last Run
--------------------------------------  -----  ---------  --------  ----------  --------------  -------------------
/opt/airflow/dags/sneakerz_pipeline.py                           1           0  0.27s           2026-05-10T18:50:12
================================================================================
[2026-05-10T18:51:02.639+0000] {manager.py:878} INFO - 
================================================================================
DAG File Processing Stats

File Path                               PID    Runtime      # DAGs    # Errors  Last Runtime    Last Run
--------------------------------------  -----  ---------  --------  ----------  --------------  -------------------
/opt/airflow/dags/sneakerz_pipeline.py                           1           0  0.29s           2026-05-10T18:50:42
================================================================================
[2026-05-10T18:51:25.036+0000] {manager.py:737} INFO - Searching for files in /opt/airflow/dags
[2026-05-10T18:51:25.076+0000] {manager.py:740} INFO - There are 1 files in /opt/airflow/dags
[2026-05-10T18:51:33.160+0000] {manager.py:878} INFO - 
================================================================================
DAG File Processing Stats

File Path                               PID    Runtime      # DAGs    # Errors  Last Runtime    Last Run
--------------------------------------  -----  ---------  --------  ----------  --------------  -------------------
/opt/airflow/dags/sneakerz_pipeline.py                           1           0  0.24s           2026-05-10T18:51:12
================================================================================
[2026-05-10T18:52:03.414+0000] {manager.py:878} INFO - 
================================================================================
DAG File Processing Stats

File Path                               PID    Runtime      # DAGs    # Errors  Last Runtime    Last Run
--------------------------------------  -----  ---------  --------  ----------  --------------  -------------------
/opt/airflow/dags/sneakerz_pipeline.py                           1           0  0.22s           2026-05-10T18:51:43
================================================================================
[2026-05-10T18:52:33.808+0000] {manager.py:878} INFO - 
================================================================================
DAG File Processing Stats

File Path                               PID    Runtime      # DAGs    # Errors  Last Runtime    Last Run
--------------------------------------  -----  ---------  --------  ----------  --------------  -------------------
/opt/airflow/dags/sneakerz_pipeline.py                           1           0  0.22s           2026-05-10T18:52:13
================================================================================
[2026-05-10T18:53:04.073+0000] {manager.py:878} INFO - 
================================================================================
DAG File Processing Stats

File Path                               PID    Runtime      # DAGs    # Errors  Last Runtime    Last Run
--------------------------------------  -----  ---------  --------  ----------  --------------  -------------------
/opt/airflow/dags/sneakerz_pipeline.py                           1           0  0.23s           2026-05-10T18:52:44
================================================================================
[2026-05-10T18:53:34.490+0000] {manager.py:878} INFO - 
================================================================================
DAG File Processing Stats

File Path                               PID    Runtime      # DAGs    # Errors  Last Runtime    Last Run
--------------------------------------  -----  ---------  --------  ----------  --------------  -------------------
/opt/airflow/dags/sneakerz_pipeline.py                           1           0  0.28s           2026-05-10T18:53:14
================================================================================
[2026-05-10T18:54:04.946+0000] {manager.py:878} INFO - 
================================================================================
DAG File Processing Stats

File Path                               PID    Runtime      # DAGs    # Errors  Last Runtime    Last Run
--------------------------------------  -----  ---------  --------  ----------  --------------  -------------------
/opt/airflow/dags/sneakerz_pipeline.py                           1           0  0.21s           2026-05-10T18:53:45
================================================================================
[2026-05-10T18:54:35.363+0000] {manager.py:878} INFO - 
================================================================================
DAG File Processing Stats

File Path                               PID    Runtime      # DAGs    # Errors  Last Runtime    Last Run
--------------------------------------  -----  ---------  --------  ----------  --------------  -------------------
/opt/airflow/dags/sneakerz_pipeline.py                           1           0  0.26s           2026-05-10T18:54:15
================================================================================
[2026-05-10T18:55:05.826+0000] {manager.py:878} INFO - 
================================================================================
DAG File Processing Stats

File Path                               PID    Runtime      # DAGs    # Errors  Last Runtime    Last Run
--------------------------------------  -----  ---------  --------  ----------  --------------  -------------------
/opt/airflow/dags/sneakerz_pipeline.py                           1           0  0.24s           2026-05-10T18:54:45
================================================================================
[2026-05-10T18:55:36.250+0000] {manager.py:878} INFO - 
================================================================================
DAG File Processing Stats

File Path                               PID    Runtime      # DAGs    # Errors  Last Runtime    Last Run
--------------------------------------  -----  ---------  --------  ----------  --------------  -------------------
/opt/airflow/dags/sneakerz_pipeline.py                           1           0  0.27s           2026-05-10T18:55:16
================================================================================
[2026-05-10T18:56:06.723+0000] {manager.py:878} INFO - 
================================================================================
DAG File Processing Stats

File Path                               PID    Runtime      # DAGs    # Errors  Last Runtime    Last Run
--------------------------------------  -----  ---------  --------  ----------  --------------  -------------------
/opt/airflow/dags/sneakerz_pipeline.py                           1           0  0.26s           2026-05-10T18:55:46
================================================================================
[2026-05-10T18:56:25.093+0000] {manager.py:737} INFO - Searching for files in /opt/airflow/dags
[2026-05-10T18:56:25.128+0000] {manager.py:740} INFO - There are 1 files in /opt/airflow/dags
[2026-05-10T18:56:37.237+0000] {manager.py:878} INFO - 
================================================================================
DAG File Processing Stats

File Path                               PID    Runtime      # DAGs    # Errors  Last Runtime    Last Run
--------------------------------------  -----  ---------  --------  ----------  --------------  -------------------
/opt/airflow/dags/sneakerz_pipeline.py                           1           0  0.23s           2026-05-10T18:56:17
================================================================================
[2026-05-10T18:57:07.586+0000] {manager.py:878} INFO - 
================================================================================
DAG File Processing Stats

File Path                               PID    Runtime      # DAGs    # Errors  Last Runtime    Last Run
--------------------------------------  -----  ---------  --------  ----------  --------------  -------------------
/opt/airflow/dags/sneakerz_pipeline.py                           1           0  0.25s           2026-05-10T18:56:47
================================================================================
[2026-05-10T18:57:37.860+0000] {manager.py:878} INFO - 
================================================================================
DAG File Processing Stats

File Path                               PID    Runtime      # DAGs    # Errors  Last Runtime    Last Run
--------------------------------------  -----  ---------  --------  ----------  --------------  -------------------
/opt/airflow/dags/sneakerz_pipeline.py                           1           0  0.24s           2026-05-10T18:57:17
================================================================================
[2026-05-10T18:58:08.212+0000] {manager.py:878} INFO - 
================================================================================
DAG File Processing Stats

File Path                               PID    Runtime      # DAGs    # Errors  Last Runtime    Last Run
--------------------------------------  -----  ---------  --------  ----------  --------------  -------------------
/opt/airflow/dags/sneakerz_pipeline.py                           1           0  0.23s           2026-05-10T18:57:48
================================================================================
[2026-05-10T18:58:38.483+0000] {manager.py:878} INFO - 
================================================================================
DAG File Processing Stats

File Path                               PID    Runtime      # DAGs    # Errors  Last Runtime    Last Run
--------------------------------------  -----  ---------  --------  ----------  --------------  -------------------
/opt/airflow/dags/sneakerz_pipeline.py                           1           0  0.21s           2026-05-10T18:58:18
================================================================================
[2026-05-10T18:59:08.815+0000] {manager.py:878} INFO - 
================================================================================
DAG File Processing Stats

File Path                               PID    Runtime      # DAGs    # Errors  Last Runtime    Last Run
--------------------------------------  -----  ---------  --------  ----------  --------------  -------------------
/opt/airflow/dags/sneakerz_pipeline.py                           1           0  0.24s           2026-05-10T18:58:48
================================================================================
[2026-05-10T18:59:39.098+0000] {manager.py:878} INFO - 
================================================================================
DAG File Processing Stats

File Path                               PID    Runtime      # DAGs    # Errors  Last Runtime    Last Run
--------------------------------------  -----  ---------  --------  ----------  --------------  -------------------
/opt/airflow/dags/sneakerz_pipeline.py                           1           0  0.22s           2026-05-10T18:59:19
================================================================================
[2026-05-10T19:00:09.419+0000] {manager.py:878} INFO - 
================================================================================
DAG File Processing Stats

File Path                               PID    Runtime      # DAGs    # Errors  Last Runtime    Last Run
--------------------------------------  -----  ---------  --------  ----------  --------------  -------------------
/opt/airflow/dags/sneakerz_pipeline.py                           1           0  0.29s           2026-05-10T18:59:49
================================================================================
[2026-05-10T19:00:39.782+0000] {manager.py:878} INFO - 
================================================================================
DAG File Processing Stats

File Path                               PID    Runtime      # DAGs    # Errors  Last Runtime    Last Run
--------------------------------------  -----  ---------  --------  ----------  --------------  -------------------
/opt/airflow/dags/sneakerz_pipeline.py                           1           0  0.26s           2026-05-10T19:00:19
================================================================================
[2026-05-10T19:01:10.074+0000] {manager.py:878} INFO - 
================================================================================
DAG File Processing Stats

File Path                               PID    Runtime      # DAGs    # Errors  Last Runtime    Last Run
--------------------------------------  -----  ---------  --------  ----------  --------------  -------------------
/opt/airflow/dags/sneakerz_pipeline.py                           1           0  0.26s           2026-05-10T19:00:50
================================================================================
[2026-05-10T19:01:25.329+0000] {manager.py:737} INFO - Searching for files in /opt/airflow/dags
[2026-05-10T19:01:25.362+0000] {manager.py:740} INFO - There are 1 files in /opt/airflow/dags
[2026-05-10T19:01:40.486+0000] {manager.py:878} INFO - 
================================================================================
DAG File Processing Stats

File Path                               PID    Runtime      # DAGs    # Errors  Last Runtime    Last Run
--------------------------------------  -----  ---------  --------  ----------  --------------  -------------------
/opt/airflow/dags/sneakerz_pipeline.py                           1           0  0.21s           2026-05-10T19:01:20
================================================================================
[2026-05-10T19:02:10.728+0000] {manager.py:878} INFO - 
================================================================================
DAG File Processing Stats

File Path                               PID    Runtime      # DAGs    # Errors  Last Runtime    Last Run
--------------------------------------  -----  ---------  --------  ----------  --------------  -------------------
/opt/airflow/dags/sneakerz_pipeline.py                           1           0  0.27s           2026-05-10T19:01:50
================================================================================
[2026-05-10T19:02:41.159+0000] {manager.py:878} INFO - 
================================================================================
DAG File Processing Stats

File Path                               PID    Runtime      # DAGs    # Errors  Last Runtime    Last Run
--------------------------------------  -----  ---------  --------  ----------  --------------  -------------------
/opt/airflow/dags/sneakerz_pipeline.py                           1           0  0.21s           2026-05-10T19:02:21
================================================================================
[2026-05-10T19:03:11.574+0000] {manager.py:878} INFO - 
================================================================================
DAG File Processing Stats

File Path                               PID    Runtime      # DAGs    # Errors  Last Runtime    Last Run
--------------------------------------  -----  ---------  --------  ----------  --------------  -------------------
/opt/airflow/dags/sneakerz_pipeline.py                           1           0  0.22s           2026-05-10T19:02:51
================================================================================
[2026-05-10T19:03:41.979+0000] {manager.py:878} INFO - 
================================================================================
DAG File Processing Stats

File Path                               PID    Runtime      # DAGs    # Errors  Last Runtime    Last Run
--------------------------------------  -----  ---------  --------  ----------  --------------  -------------------
/opt/airflow/dags/sneakerz_pipeline.py                           1           0  0.31s           2026-05-10T19:03:21
================================================================================
[2026-05-10T19:04:12.284+0000] {manager.py:878} INFO - 
================================================================================
DAG File Processing Stats

File Path                               PID    Runtime      # DAGs    # Errors  Last Runtime    Last Run
--------------------------------------  -----  ---------  --------  ----------  --------------  -------------------
/opt/airflow/dags/sneakerz_pipeline.py                           1           0  0.25s           2026-05-10T19:03:52
================================================================================
[2026-05-10T19:04:42.628+0000] {manager.py:878} INFO - 
================================================================================
DAG File Processing Stats

File Path                               PID    Runtime      # DAGs    # Errors  Last Runtime    Last Run
--------------------------------------  -----  ---------  --------  ----------  --------------  -------------------
/opt/airflow/dags/sneakerz_pipeline.py                           1           0  0.23s           2026-05-10T19:04:22
================================================================================
[2026-05-10T19:05:12.937+0000] {manager.py:878} INFO - 
================================================================================
DAG File Processing Stats

File Path                               PID    Runtime      # DAGs    # Errors  Last Runtime    Last Run
--------------------------------------  -----  ---------  --------  ----------  --------------  -------------------
/opt/airflow/dags/sneakerz_pipeline.py                           1           0  0.28s           2026-05-10T19:04:52
================================================================================
[2026-05-10T19:05:43.347+0000] {manager.py:878} INFO - 
================================================================================
DAG File Processing Stats

File Path                               PID    Runtime      # DAGs    # Errors  Last Runtime    Last Run
--------------------------------------  -----  ---------  --------  ----------  --------------  -------------------
/opt/airflow/dags/sneakerz_pipeline.py                           1           0  0.28s           2026-05-10T19:05:23
================================================================================
[2026-05-10T19:06:13.657+0000] {manager.py:878} INFO - 
================================================================================
DAG File Processing Stats

File Path                               PID    Runtime      # DAGs    # Errors  Last Runtime    Last Run
--------------------------------------  -----  ---------  --------  ----------  --------------  -------------------
/opt/airflow/dags/sneakerz_pipeline.py                           1           0  0.28s           2026-05-10T19:05:53
================================================================================
[2026-05-10T19:06:25.949+0000] {manager.py:737} INFO - Searching for files in /opt/airflow/dags
[2026-05-10T19:06:25.982+0000] {manager.py:740} INFO - There are 1 files in /opt/airflow/dags
[2026-05-10T19:06:44.119+0000] {manager.py:878} INFO - 
================================================================================
DAG File Processing Stats

File Path                               PID    Runtime      # DAGs    # Errors  Last Runtime    Last Run
--------------------------------------  -----  ---------  --------  ----------  --------------  -------------------
/opt/airflow/dags/sneakerz_pipeline.py                           1           0  0.27s           2026-05-10T19:06:24
================================================================================
[2026-05-10T19:07:14.347+0000] {manager.py:878} INFO - 
================================================================================
DAG File Processing Stats

File Path                               PID    Runtime      # DAGs    # Errors  Last Runtime    Last Run
--------------------------------------  -----  ---------  --------  ----------  --------------  -------------------
/opt/airflow/dags/sneakerz_pipeline.py                           1           0  0.21s           2026-05-10T19:06:54
================================================================================
[2026-05-10T19:07:44.714+0000] {manager.py:878} INFO - 
================================================================================
DAG File Processing Stats

File Path                               PID    Runtime      # DAGs    # Errors  Last Runtime    Last Run
--------------------------------------  -----  ---------  --------  ----------  --------------  -------------------
/opt/airflow/dags/sneakerz_pipeline.py                           1           0  0.21s           2026-05-10T19:07:24
================================================================================
[2026-05-10T19:08:14.937+0000] {manager.py:878} INFO - 
================================================================================
DAG File Processing Stats

File Path                               PID    Runtime      # DAGs    # Errors  Last Runtime    Last Run
--------------------------------------  -----  ---------  --------  ----------  --------------  -------------------
/opt/airflow/dags/sneakerz_pipeline.py                           1           0  0.21s           2026-05-10T19:07:54
================================================================================
[2026-05-10T19:08:45.340+0000] {manager.py:878} INFO - 
================================================================================
DAG File Processing Stats

File Path                               PID    Runtime      # DAGs    # Errors  Last Runtime    Last Run
--------------------------------------  -----  ---------  --------  ----------  --------------  -------------------
/opt/airflow/dags/sneakerz_pipeline.py                           1           0  0.48s           2026-05-10T19:08:25
================================================================================
[2026-05-10T19:09:15.900+0000] {manager.py:878} INFO - 
================================================================================
DAG File Processing Stats

File Path                               PID    Runtime      # DAGs    # Errors  Last Runtime    Last Run
--------------------------------------  -----  ---------  --------  ----------  --------------  -------------------
/opt/airflow/dags/sneakerz_pipeline.py                           1           0  0.24s           2026-05-10T19:08:55
================================================================================
[2026-05-10T19:09:46.357+0000] {manager.py:878} INFO - 
================================================================================
DAG File Processing Stats

File Path                               PID    Runtime      # DAGs    # Errors  Last Runtime    Last Run
--------------------------------------  -----  ---------  --------  ----------  --------------  -------------------
/opt/airflow/dags/sneakerz_pipeline.py                           1           0  0.24s           2026-05-10T19:09:26
================================================================================
[2026-05-10T19:10:16.823+0000] {manager.py:878} INFO - 
================================================================================
DAG File Processing Stats

File Path                               PID    Runtime      # DAGs    # Errors  Last Runtime    Last Run
--------------------------------------  -----  ---------  --------  ----------  --------------  -------------------
/opt/airflow/dags/sneakerz_pipeline.py                           1           0  0.23s           2026-05-10T19:09:56
================================================================================
[2026-05-10T19:10:47.226+0000] {manager.py:878} INFO - 
================================================================================
DAG File Processing Stats

File Path                               PID    Runtime      # DAGs    # Errors  Last Runtime    Last Run
--------------------------------------  -----  ---------  --------  ----------  --------------  -------------------
/opt/airflow/dags/sneakerz_pipeline.py                           1           0  0.35s           2026-05-10T19:10:27
================================================================================
[2026-05-10T19:11:17.641+0000] {manager.py:878} INFO - 
================================================================================
DAG File Processing Stats

File Path                               PID    Runtime      # DAGs    # Errors  Last Runtime    Last Run
--------------------------------------  -----  ---------  --------  ----------  --------------  -------------------
/opt/airflow/dags/sneakerz_pipeline.py                           1           0  0.31s           2026-05-10T19:10:57
================================================================================
[2026-05-10T19:11:26.007+0000] {manager.py:737} INFO - Searching for files in /opt/airflow/dags
[2026-05-10T19:11:26.044+0000] {manager.py:740} INFO - There are 1 files in /opt/airflow/dags
[2026-05-10T19:11:48.226+0000] {manager.py:878} INFO - 
================================================================================
DAG File Processing Stats

File Path                               PID    Runtime      # DAGs    # Errors  Last Runtime    Last Run
--------------------------------------  -----  ---------  --------  ----------  --------------  -------------------
/opt/airflow/dags/sneakerz_pipeline.py                           1           0  0.25s           2026-05-10T19:11:28
================================================================================
[2026-05-10T19:12:18.686+0000] {manager.py:878} INFO - 
================================================================================
DAG File Processing Stats

File Path                               PID    Runtime      # DAGs    # Errors  Last Runtime    Last Run
--------------------------------------  -----  ---------  --------  ----------  --------------  -------------------
/opt/airflow/dags/sneakerz_pipeline.py                           1           0  0.23s           2026-05-10T19:11:58
================================================================================
[2026-05-10T19:12:49.173+0000] {manager.py:878} INFO - 
================================================================================
DAG File Processing Stats

File Path                               PID    Runtime      # DAGs    # Errors  Last Runtime    Last Run
--------------------------------------  -----  ---------  --------  ----------  --------------  -------------------
/opt/airflow/dags/sneakerz_pipeline.py                           1           0  0.32s           2026-05-10T19:12:29
================================================================================
[2026-05-10T19:13:19.684+0000] {manager.py:878} INFO - 
================================================================================
DAG File Processing Stats

File Path                               PID    Runtime      # DAGs    # Errors  Last Runtime    Last Run
--------------------------------------  -----  ---------  --------  ----------  --------------  -------------------
/opt/airflow/dags/sneakerz_pipeline.py                           1           0  0.23s           2026-05-10T19:12:59
================================================================================
[2026-05-10T19:13:50.133+0000] {manager.py:878} INFO - 
================================================================================
DAG File Processing Stats

File Path                               PID    Runtime      # DAGs    # Errors  Last Runtime    Last Run
--------------------------------------  -----  ---------  --------  ----------  --------------  -------------------
/opt/airflow/dags/sneakerz_pipeline.py                           1           0  0.32s           2026-05-10T19:13:30
================================================================================
[2026-05-10T19:14:20.673+0000] {manager.py:878} INFO - 
================================================================================
DAG File Processing Stats

File Path                               PID    Runtime      # DAGs    # Errors  Last Runtime    Last Run
--------------------------------------  -----  ---------  --------  ----------  --------------  -------------------
/opt/airflow/dags/sneakerz_pipeline.py                           1           0  0.25s           2026-05-10T19:14:00
================================================================================
[2026-05-10T19:14:51.102+0000] {manager.py:878} INFO - 
================================================================================
DAG File Processing Stats

File Path                               PID    Runtime      # DAGs    # Errors  Last Runtime    Last Run
--------------------------------------  -----  ---------  --------  ----------  --------------  -------------------
/opt/airflow/dags/sneakerz_pipeline.py                           1           0  0.24s           2026-05-10T19:14:31
================================================================================
[2026-05-10T19:15:21.529+0000] {manager.py:878} INFO - 
================================================================================
DAG File Processing Stats

File Path                               PID    Runtime      # DAGs    # Errors  Last Runtime    Last Run
--------------------------------------  -----  ---------  --------  ----------  --------------  -------------------
/opt/airflow/dags/sneakerz_pipeline.py                           1           0  0.25s           2026-05-10T19:15:01
================================================================================
[2026-05-10T19:15:51.978+0000] {manager.py:878} INFO - 
================================================================================
DAG File Processing Stats

File Path                               PID    Runtime      # DAGs    # Errors  Last Runtime    Last Run
--------------------------------------  -----  ---------  --------  ----------  --------------  -------------------
/opt/airflow/dags/sneakerz_pipeline.py                           1           0  0.24s           2026-05-10T19:15:32
================================================================================
[2026-05-10T19:16:22.450+0000] {manager.py:878} INFO - 
================================================================================
DAG File Processing Stats

File Path                               PID    Runtime      # DAGs    # Errors  Last Runtime    Last Run
--------------------------------------  -----  ---------  --------  ----------  --------------  -------------------
/opt/airflow/dags/sneakerz_pipeline.py                           1           0  0.26s           2026-05-10T19:16:02
================================================================================
[2026-05-10T19:16:26.476+0000] {manager.py:737} INFO - Searching for files in /opt/airflow/dags
[2026-05-10T19:16:26.503+0000] {manager.py:740} INFO - There are 1 files in /opt/airflow/dags
[2026-05-10T19:16:52.898+0000] {manager.py:878} INFO - 
================================================================================
DAG File Processing Stats

File Path                               PID    Runtime      # DAGs    # Errors  Last Runtime    Last Run
--------------------------------------  -----  ---------  --------  ----------  --------------  -------------------
/opt/airflow/dags/sneakerz_pipeline.py                           1           0  0.22s           2026-05-10T19:16:32
================================================================================
[2026-05-10T19:17:23.299+0000] {manager.py:878} INFO - 
================================================================================
DAG File Processing Stats

File Path                               PID    Runtime      # DAGs    # Errors  Last Runtime    Last Run
--------------------------------------  -----  ---------  --------  ----------  --------------  -------------------
/opt/airflow/dags/sneakerz_pipeline.py                           1           0  0.24s           2026-05-10T19:17:03
================================================================================
[2026-05-10T19:17:53.549+0000] {manager.py:878} INFO - 
================================================================================
DAG File Processing Stats

File Path                               PID    Runtime      # DAGs    # Errors  Last Runtime    Last Run
--------------------------------------  -----  ---------  --------  ----------  --------------  -------------------
/opt/airflow/dags/sneakerz_pipeline.py                           1           0  0.27s           2026-05-10T19:17:33
================================================================================
[2026-05-10T19:18:24.009+0000] {manager.py:878} INFO - 
================================================================================
DAG File Processing Stats

File Path                               PID    Runtime      # DAGs    # Errors  Last Runtime    Last Run
--------------------------------------  -----  ---------  --------  ----------  --------------  -------------------
/opt/airflow/dags/sneakerz_pipeline.py                           1           0  0.29s           2026-05-10T19:18:04
================================================================================
[2026-05-10T19:18:54.548+0000] {manager.py:878} INFO - 
================================================================================
DAG File Processing Stats

File Path                               PID    Runtime      # DAGs    # Errors  Last Runtime    Last Run
--------------------------------------  -----  ---------  --------  ----------  --------------  -------------------
/opt/airflow/dags/sneakerz_pipeline.py                           1           0  0.24s           2026-05-10T19:18:34
================================================================================
[2026-05-10T19:19:24.975+0000] {manager.py:878} INFO - 
================================================================================
DAG File Processing Stats

File Path                               PID    Runtime      # DAGs    # Errors  Last Runtime    Last Run
--------------------------------------  -----  ---------  --------  ----------  --------------  -------------------
/opt/airflow/dags/sneakerz_pipeline.py                           1           0  0.24s           2026-05-10T19:19:05
================================================================================
[2026-05-10T19:19:55.434+0000] {manager.py:878} INFO - 
================================================================================
DAG File Processing Stats

File Path                               PID    Runtime      # DAGs    # Errors  Last Runtime    Last Run
--------------------------------------  -----  ---------  --------  ----------  --------------  -------------------
/opt/airflow/dags/sneakerz_pipeline.py                           1           0  0.26s           2026-05-10T19:19:35
================================================================================
[2026-05-10T19:20:25.919+0000] {manager.py:878} INFO - 
================================================================================
DAG File Processing Stats

File Path                               PID    Runtime      # DAGs    # Errors  Last Runtime    Last Run
--------------------------------------  -----  ---------  --------  ----------  --------------  -------------------
/opt/airflow/dags/sneakerz_pipeline.py                           1           0  0.38s           2026-05-10T19:20:06
================================================================================
[2026-05-10T19:20:56.497+0000] {manager.py:878} INFO - 
================================================================================
DAG File Processing Stats

File Path                               PID    Runtime      # DAGs    # Errors  Last Runtime    Last Run
--------------------------------------  -----  ---------  --------  ----------  --------------  -------------------
/opt/airflow/dags/sneakerz_pipeline.py                           1           0  0.23s           2026-05-10T19:20:36
================================================================================
[2026-05-10T19:21:26.924+0000] {manager.py:737} INFO - Searching for files in /opt/airflow/dags
[2026-05-10T19:21:26.961+0000] {manager.py:740} INFO - There are 1 files in /opt/airflow/dags
[2026-05-10T19:21:26.985+0000] {manager.py:878} INFO - 
================================================================================
DAG File Processing Stats

File Path                               PID    Runtime      # DAGs    # Errors  Last Runtime    Last Run
--------------------------------------  -----  ---------  --------  ----------  --------------  -------------------
/opt/airflow/dags/sneakerz_pipeline.py                           1           0  0.27s           2026-05-10T19:21:07
================================================================================
[2026-05-10T19:21:57.392+0000] {manager.py:878} INFO - 
================================================================================
DAG File Processing Stats

File Path                               PID    Runtime      # DAGs    # Errors  Last Runtime    Last Run
--------------------------------------  -----  ---------  --------  ----------  --------------  -------------------
/opt/airflow/dags/sneakerz_pipeline.py                           1           0  0.28s           2026-05-10T19:21:37
================================================================================
[2026-05-10T19:22:27.693+0000] {manager.py:878} INFO - 
================================================================================
DAG File Processing Stats

File Path                               PID    Runtime      # DAGs    # Errors  Last Runtime    Last Run
--------------------------------------  -----  ---------  --------  ----------  --------------  -------------------
/opt/airflow/dags/sneakerz_pipeline.py                           1           0  0.25s           2026-05-10T19:22:07
================================================================================
[2026-05-10T19:22:58.157+0000] {manager.py:878} INFO - 
================================================================================
DAG File Processing Stats

File Path                               PID    Runtime      # DAGs    # Errors  Last Runtime    Last Run
--------------------------------------  -----  ---------  --------  ----------  --------------  -------------------
/opt/airflow/dags/sneakerz_pipeline.py                           1           0  1.16s           2026-05-10T19:22:52
================================================================================
[2026-05-10T19:23:28.460+0000] {manager.py:878} INFO - 
================================================================================
DAG File Processing Stats

File Path                               PID    Runtime      # DAGs    # Errors  Last Runtime    Last Run
--------------------------------------  -----  ---------  --------  ----------  --------------  -------------------
/opt/airflow/dags/sneakerz_pipeline.py                           1           0  0.26s           2026-05-10T19:23:22
================================================================================
[2026-05-10T19:23:58.878+0000] {manager.py:878} INFO - 
================================================================================
DAG File Processing Stats

File Path                               PID    Runtime      # DAGs    # Errors  Last Runtime    Last Run
--------------------------------------  -----  ---------  --------  ----------  --------------  -------------------
/opt/airflow/dags/sneakerz_pipeline.py                           1           0  0.25s           2026-05-10T19:23:53
================================================================================
[2026-05-10T19:24:21.424+0000] {manager.py:452} INFO - Exiting gracefully upon receiving signal 15
[2026-05-10T19:24:41.676+0000] {manager.py:470} INFO - Processing files using up to 2 processes at a time 
[2026-05-10T19:24:41.680+0000] {manager.py:471} INFO - Process each file at most once every 30 seconds
[2026-05-10T19:24:41.683+0000] {manager.py:472} INFO - Checking for new files in /opt/airflow/dags every 300 seconds
[2026-05-10T19:24:41.685+0000] {manager.py:737} INFO - Searching for files in /opt/airflow/dags
[2026-05-10T19:24:41.734+0000] {manager.py:740} INFO - There are 1 files in /opt/airflow/dags
[2026-05-10T19:24:42.154+0000] {manager.py:878} INFO - 
================================================================================
DAG File Processing Stats

File Path                                 PID  Runtime      # DAGs    # Errors  Last Runtime    Last Run
--------------------------------------  -----  ---------  --------  ----------  --------------  ----------
/opt/airflow/dags/sneakerz_pipeline.py    172  0.21s             0           0
================================================================================
[2026-05-10T19:25:12.350+0000] {manager.py:878} INFO - 
================================================================================
DAG File Processing Stats

File Path                               PID    Runtime      # DAGs    # Errors  Last Runtime    Last Run
--------------------------------------  -----  ---------  --------  ----------  --------------  -------------------
/opt/airflow/dags/sneakerz_pipeline.py                           1           0  0.55s           2026-05-10T19:24:42
================================================================================
[2026-05-10T19:25:42.913+0000] {manager.py:878} INFO - 
================================================================================
DAG File Processing Stats

File Path                               PID    Runtime      # DAGs    # Errors  Last Runtime    Last Run
--------------------------------------  -----  ---------  --------  ----------  --------------  -------------------
/opt/airflow/dags/sneakerz_pipeline.py                           1           0  0.28s           2026-05-10T19:25:12
================================================================================
[2026-05-10T19:26:13.388+0000] {manager.py:878} INFO - 
================================================================================
DAG File Processing Stats

File Path                               PID    Runtime      # DAGs    # Errors  Last Runtime    Last Run
--------------------------------------  -----  ---------  --------  ----------  --------------  -------------------
/opt/airflow/dags/sneakerz_pipeline.py                           1           0  0.42s           2026-05-10T19:25:43
================================================================================
[2026-05-10T19:26:44.018+0000] {manager.py:878} INFO - 
================================================================================
DAG File Processing Stats

File Path                               PID    Runtime      # DAGs    # Errors  Last Runtime    Last Run
--------------------------------------  -----  ---------  --------  ----------  --------------  -------------------
/opt/airflow/dags/sneakerz_pipeline.py                           1           0  0.23s           2026-05-10T19:26:14
================================================================================
[2026-05-10T19:27:14.570+0000] {manager.py:878} INFO - 
================================================================================
DAG File Processing Stats

File Path                                 PID  Runtime      # DAGs    # Errors  Last Runtime    Last Run
--------------------------------------  -----  ---------  --------  ----------  --------------  -------------------
/opt/airflow/dags/sneakerz_pipeline.py    198  0.01s             1           0  0.24s           2026-05-10T19:26:44
================================================================================
[2026-05-10T19:27:44.929+0000] {manager.py:878} INFO - 
================================================================================
DAG File Processing Stats

File Path                                 PID  Runtime      # DAGs    # Errors  Last Runtime    Last Run
--------------------------------------  -----  ---------  --------  ----------  --------------  -------------------
/opt/airflow/dags/sneakerz_pipeline.py    203  0.01s             1           0  0.25s           2026-05-10T19:27:14
================================================================================
[2026-05-10T19:28:15.239+0000] {manager.py:878} INFO - 
================================================================================
DAG File Processing Stats

File Path                                 PID  Runtime      # DAGs    # Errors  Last Runtime    Last Run
--------------------------------------  -----  ---------  --------  ----------  --------------  -------------------
/opt/airflow/dags/sneakerz_pipeline.py    208  0.01s             1           0  0.24s           2026-05-10T19:27:45
================================================================================
[2026-05-10T19:28:45.549+0000] {manager.py:878} INFO - 
================================================================================
DAG File Processing Stats

File Path                                 PID  Runtime      # DAGs    # Errors  Last Runtime    Last Run
--------------------------------------  -----  ---------  --------  ----------  --------------  -------------------
/opt/airflow/dags/sneakerz_pipeline.py    216  0.01s             1           0  0.21s           2026-05-10T19:28:15
================================================================================
[2026-05-10T19:29:15.847+0000] {manager.py:878} INFO - 
================================================================================
DAG File Processing Stats

File Path                                 PID  Runtime      # DAGs    # Errors  Last Runtime    Last Run
--------------------------------------  -----  ---------  --------  ----------  --------------  -------------------
/opt/airflow/dags/sneakerz_pipeline.py    227  0.01s             1           0  0.20s           2026-05-10T19:28:45
================================================================================
[2026-05-10T19:29:42.106+0000] {manager.py:737} INFO - Searching for files in /opt/airflow/dags
[2026-05-10T19:29:42.140+0000] {manager.py:740} INFO - There are 1 files in /opt/airflow/dags
[2026-05-10T19:29:46.208+0000] {manager.py:878} INFO - 
================================================================================
DAG File Processing Stats

File Path                                 PID  Runtime      # DAGs    # Errors  Last Runtime    Last Run
--------------------------------------  -----  ---------  --------  ----------  --------------  -------------------
/opt/airflow/dags/sneakerz_pipeline.py    232  0.01s             1           0  0.20s           2026-05-10T19:29:16
================================================================================
[2026-05-10T19:30:16.426+0000] {manager.py:878} INFO - 
================================================================================
DAG File Processing Stats

File Path                                 PID  Runtime      # DAGs    # Errors  Last Runtime    Last Run
--------------------------------------  -----  ---------  --------  ----------  --------------  -------------------
/opt/airflow/dags/sneakerz_pipeline.py    237  0.01s             1           0  0.20s           2026-05-10T19:29:46
================================================================================
[2026-05-10T19:30:46.820+0000] {manager.py:878} INFO - 
================================================================================
DAG File Processing Stats

File Path                                 PID  Runtime      # DAGs    # Errors  Last Runtime    Last Run
--------------------------------------  -----  ---------  --------  ----------  --------------  -------------------
/opt/airflow/dags/sneakerz_pipeline.py    242  0.01s             1           0  0.23s           2026-05-10T19:30:16
================================================================================
[2026-05-10T19:31:17.055+0000] {manager.py:878} INFO - 
================================================================================
DAG File Processing Stats

File Path                                 PID  Runtime      # DAGs    # Errors  Last Runtime    Last Run
--------------------------------------  -----  ---------  --------  ----------  --------------  -------------------
/opt/airflow/dags/sneakerz_pipeline.py    247  0.01s             1           0  0.21s           2026-05-10T19:30:47
================================================================================
[2026-05-10T19:31:47.433+0000] {manager.py:878} INFO - 
================================================================================
DAG File Processing Stats

File Path                                 PID  Runtime      # DAGs    # Errors  Last Runtime    Last Run
--------------------------------------  -----  ---------  --------  ----------  --------------  -------------------
/opt/airflow/dags/sneakerz_pipeline.py    252  0.01s             1           0  0.20s           2026-05-10T19:31:17
================================================================================
[2026-05-10T19:32:17.681+0000] {manager.py:878} INFO - 
================================================================================
DAG File Processing Stats

File Path                                 PID  Runtime      # DAGs    # Errors  Last Runtime    Last Run
--------------------------------------  -----  ---------  --------  ----------  --------------  -------------------
/opt/airflow/dags/sneakerz_pipeline.py    257  0.01s             1           0  0.21s           2026-05-10T19:31:47
================================================================================
[2026-05-10T19:32:48.125+0000] {manager.py:878} INFO - 
================================================================================
DAG File Processing Stats

File Path                                 PID  Runtime      # DAGs    # Errors  Last Runtime    Last Run
--------------------------------------  -----  ---------  --------  ----------  --------------  -------------------
/opt/airflow/dags/sneakerz_pipeline.py    262  0.01s             1           0  0.30s           2026-05-10T19:32:17
================================================================================
[2026-05-10T19:33:07.063+0000] {manager.py:452} INFO - Exiting gracefully upon receiving signal 15
[2026-05-10T19:33:21.495+0000] {manager.py:470} INFO - Processing files using up to 2 processes at a time 
[2026-05-10T19:33:21.498+0000] {manager.py:471} INFO - Process each file at most once every 30 seconds
[2026-05-10T19:33:21.500+0000] {manager.py:472} INFO - Checking for new files in /opt/airflow/dags every 300 seconds
[2026-05-10T19:33:21.502+0000] {manager.py:737} INFO - Searching for files in /opt/airflow/dags
[2026-05-10T19:33:21.542+0000] {manager.py:740} INFO - There are 1 files in /opt/airflow/dags
[2026-05-10T19:33:21.784+0000] {manager.py:878} INFO - 
================================================================================
DAG File Processing Stats

File Path                                 PID  Runtime      # DAGs    # Errors  Last Runtime    Last Run
--------------------------------------  -----  ---------  --------  ----------  --------------  ----------
/opt/airflow/dags/sneakerz_pipeline.py    171  0.12s             0           0
================================================================================
[2026-05-10T19:33:51.989+0000] {manager.py:878} INFO - 
================================================================================
DAG File Processing Stats

File Path                               PID    Runtime      # DAGs    # Errors  Last Runtime    Last Run
--------------------------------------  -----  ---------  --------  ----------  --------------  -------------------
/opt/airflow/dags/sneakerz_pipeline.py                           1           0  0.34s           2026-05-10T19:33:21
================================================================================
[2026-05-10T19:34:22.387+0000] {manager.py:878} INFO - 
================================================================================
DAG File Processing Stats

File Path                               PID    Runtime      # DAGs    # Errors  Last Runtime    Last Run
--------------------------------------  -----  ---------  --------  ----------  --------------  -------------------
/opt/airflow/dags/sneakerz_pipeline.py                           1           0  0.21s           2026-05-10T19:33:52
================================================================================
[2026-05-10T19:34:52.767+0000] {manager.py:878} INFO - 
================================================================================
DAG File Processing Stats

File Path                               PID    Runtime      # DAGs    # Errors  Last Runtime    Last Run
--------------------------------------  -----  ---------  --------  ----------  --------------  -------------------
/opt/airflow/dags/sneakerz_pipeline.py                           1           0  0.21s           2026-05-10T19:34:22
================================================================================
[2026-05-10T19:35:23.183+0000] {manager.py:878} INFO - 
================================================================================
DAG File Processing Stats

File Path                               PID    Runtime      # DAGs    # Errors  Last Runtime    Last Run
--------------------------------------  -----  ---------  --------  ----------  --------------  -------------------
/opt/airflow/dags/sneakerz_pipeline.py                           1           0  0.23s           2026-05-10T19:34:53
================================================================================
[2026-05-10T19:35:53.605+0000] {manager.py:878} INFO - 
================================================================================
DAG File Processing Stats

File Path                               PID    Runtime      # DAGs    # Errors  Last Runtime    Last Run
--------------------------------------  -----  ---------  --------  ----------  --------------  -------------------
/opt/airflow/dags/sneakerz_pipeline.py                           1           0  0.24s           2026-05-10T19:35:23
================================================================================
[2026-05-10T19:36:24.075+0000] {manager.py:878} INFO - 
================================================================================
DAG File Processing Stats

File Path                                 PID  Runtime      # DAGs    # Errors  Last Runtime    Last Run
--------------------------------------  -----  ---------  --------  ----------  --------------  -------------------
/opt/airflow/dags/sneakerz_pipeline.py    214  0.01s             1           0  0.21s           2026-05-10T19:35:54
================================================================================
[2026-05-10T19:36:54.522+0000] {manager.py:878} INFO - 
================================================================================
DAG File Processing Stats

File Path                                 PID  Runtime      # DAGs    # Errors  Last Runtime    Last Run
--------------------------------------  -----  ---------  --------  ----------  --------------  -------------------
/opt/airflow/dags/sneakerz_pipeline.py    219  0.01s             1           0  0.26s           2026-05-10T19:36:24
================================================================================
[2026-05-10T19:37:24.757+0000] {manager.py:878} INFO - 
================================================================================
DAG File Processing Stats

File Path                               PID    Runtime      # DAGs    # Errors  Last Runtime    Last Run
--------------------------------------  -----  ---------  --------  ----------  --------------  -------------------
/opt/airflow/dags/sneakerz_pipeline.py                           1           0  0.27s           2026-05-10T19:36:54
================================================================================
[2026-05-10T19:37:55.212+0000] {manager.py:878} INFO - 
================================================================================
DAG File Processing Stats

File Path                               PID    Runtime      # DAGs    # Errors  Last Runtime    Last Run
--------------------------------------  -----  ---------  --------  ----------  --------------  -------------------
/opt/airflow/dags/sneakerz_pipeline.py                           1           0  0.25s           2026-05-10T19:37:25
================================================================================
[2026-05-10T19:38:21.707+0000] {manager.py:737} INFO - Searching for files in /opt/airflow/dags
[2026-05-10T19:38:21.741+0000] {manager.py:740} INFO - There are 1 files in /opt/airflow/dags
[2026-05-10T19:38:25.812+0000] {manager.py:878} INFO - 
================================================================================
DAG File Processing Stats

File Path                                 PID  Runtime      # DAGs    # Errors  Last Runtime    Last Run
--------------------------------------  -----  ---------  --------  ----------  --------------  -------------------
/opt/airflow/dags/sneakerz_pipeline.py    234  0.01s             1           0  0.26s           2026-05-10T19:37:55
================================================================================
[2026-05-10T19:38:56.196+0000] {manager.py:878} INFO - 
================================================================================
DAG File Processing Stats

File Path                                 PID  Runtime      # DAGs    # Errors  Last Runtime    Last Run
--------------------------------------  -----  ---------  --------  ----------  --------------  -------------------
/opt/airflow/dags/sneakerz_pipeline.py    242  0.01s             1           0  0.24s           2026-05-10T19:38:26
================================================================================
[2026-05-10T19:39:26.444+0000] {manager.py:878} INFO - 
================================================================================
DAG File Processing Stats

File Path                                 PID  Runtime      # DAGs    # Errors  Last Runtime    Last Run
--------------------------------------  -----  ---------  --------  ----------  --------------  -------------------
/opt/airflow/dags/sneakerz_pipeline.py    247  0.01s             1           0  0.22s           2026-05-10T19:38:56
================================================================================
[2026-05-10T19:39:56.819+0000] {manager.py:878} INFO - 
================================================================================
DAG File Processing Stats

File Path                               PID    Runtime      # DAGs    # Errors  Last Runtime    Last Run
--------------------------------------  -----  ---------  --------  ----------  --------------  -------------------
/opt/airflow/dags/sneakerz_pipeline.py                           1           0  0.40s           2026-05-10T19:39:26
================================================================================
[2026-05-10T19:40:27.053+0000] {manager.py:878} INFO - 
================================================================================
DAG File Processing Stats

File Path                               PID    Runtime      # DAGs    # Errors  Last Runtime    Last Run
--------------------------------------  -----  ---------  --------  ----------  --------------  -------------------
/opt/airflow/dags/sneakerz_pipeline.py                           1           0  0.81s           2026-05-10T19:39:57
================================================================================
[2026-05-10T19:40:57.281+0000] {manager.py:878} INFO - 
================================================================================
DAG File Processing Stats

File Path                               PID    Runtime      # DAGs    # Errors  Last Runtime    Last Run
--------------------------------------  -----  ---------  --------  ----------  --------------  -------------------
/opt/airflow/dags/sneakerz_pipeline.py                           1           0  0.30s           2026-05-10T19:40:28
================================================================================
[2026-05-10T19:41:27.785+0000] {manager.py:878} INFO - 
================================================================================
DAG File Processing Stats

File Path                               PID    Runtime      # DAGs    # Errors  Last Runtime    Last Run
--------------------------------------  -----  ---------  --------  ----------  --------------  -------------------
/opt/airflow/dags/sneakerz_pipeline.py                           1           0  0.22s           2026-05-10T19:40:58
================================================================================
[2026-05-10T19:41:58.167+0000] {manager.py:878} INFO - 
================================================================================
DAG File Processing Stats

File Path                               PID    Runtime      # DAGs    # Errors  Last Runtime    Last Run
--------------------------------------  -----  ---------  --------  ----------  --------------  -------------------
/opt/airflow/dags/sneakerz_pipeline.py                           1           0  0.23s           2026-05-10T19:41:29
================================================================================
[2026-05-10T19:42:28.452+0000] {manager.py:878} INFO - 
================================================================================
DAG File Processing Stats

File Path                               PID    Runtime      # DAGs    # Errors  Last Runtime    Last Run
--------------------------------------  -----  ---------  --------  ----------  --------------  -------------------
/opt/airflow/dags/sneakerz_pipeline.py                           1           0  0.30s           2026-05-10T19:41:59
================================================================================
[2026-05-10T19:42:58.905+0000] {manager.py:878} INFO - 
================================================================================
DAG File Processing Stats

File Path                               PID    Runtime      # DAGs    # Errors  Last Runtime    Last Run
--------------------------------------  -----  ---------  --------  ----------  --------------  -------------------
/opt/airflow/dags/sneakerz_pipeline.py                           1           0  0.21s           2026-05-10T19:42:29
================================================================================
