[2026-05-10T15:11:11.371+0000] {processor.py:161} INFO - Started process (PID=172) to work on /opt/airflow/dags/sneakerz_pipeline.py
[2026-05-10T15:11:11.373+0000] {processor.py:830} INFO - Processing file /opt/airflow/dags/sneakerz_pipeline.py for tasks to queue
[2026-05-10T15:11:11.377+0000] {logging_mixin.py:188} INFO - [2026-05-10T15:11:11.377+0000] {dagbag.py:540} INFO - Filling up the DagBag from /opt/airflow/dags/sneakerz_pipeline.py
[2026-05-10T15:11:11.440+0000] {processor.py:840} INFO - DAG(s) 'sneakerz_pipeline' retrieved from /opt/airflow/dags/sneakerz_pipeline.py
[2026-05-10T15:11:11.793+0000] {logging_mixin.py:188} INFO - [2026-05-10T15:11:11.793+0000] {override.py:1829} INFO - Created Permission View: can read on DAG:sneakerz_pipeline
[2026-05-10T15:11:11.806+0000] {logging_mixin.py:188} INFO - [2026-05-10T15:11:11.805+0000] {override.py:1829} INFO - Created Permission View: can edit on DAG:sneakerz_pipeline
[2026-05-10T15:11:11.818+0000] {logging_mixin.py:188} INFO - [2026-05-10T15:11:11.817+0000] {override.py:1829} INFO - Created Permission View: can delete on DAG:sneakerz_pipeline
[2026-05-10T15:11:11.819+0000] {logging_mixin.py:188} INFO - [2026-05-10T15:11:11.818+0000] {dag.py:3096} INFO - Sync 1 DAGs
[2026-05-10T15:11:11.834+0000] {logging_mixin.py:188} INFO - [2026-05-10T15:11:11.834+0000] {dag.py:3118} INFO - Creating ORM DAG for sneakerz_pipeline
[2026-05-10T15:11:11.849+0000] {logging_mixin.py:188} INFO - [2026-05-10T15:11:11.849+0000] {dag.py:3954} INFO - Setting next_dagrun for sneakerz_pipeline to 2026-05-10 14:00:00+00:00, run_after=2026-05-10 15:00:00+00:00
[2026-05-10T15:11:11.882+0000] {processor.py:183} INFO - Processing /opt/airflow/dags/sneakerz_pipeline.py took 0.523 seconds
[2026-05-10T15:11:42.147+0000] {processor.py:161} INFO - Started process (PID=177) to work on /opt/airflow/dags/sneakerz_pipeline.py
[2026-05-10T15:11:42.149+0000] {processor.py:830} INFO - Processing file /opt/airflow/dags/sneakerz_pipeline.py for tasks to queue
[2026-05-10T15:11:42.154+0000] {logging_mixin.py:188} INFO - [2026-05-10T15:11:42.153+0000] {dagbag.py:540} INFO - Filling up the DagBag from /opt/airflow/dags/sneakerz_pipeline.py
[2026-05-10T15:11:42.195+0000] {processor.py:840} INFO - DAG(s) 'sneakerz_pipeline' retrieved from /opt/airflow/dags/sneakerz_pipeline.py
[2026-05-10T15:11:42.259+0000] {logging_mixin.py:188} INFO - [2026-05-10T15:11:42.258+0000] {dag.py:3096} INFO - Sync 1 DAGs
[2026-05-10T15:11:42.295+0000] {logging_mixin.py:188} INFO - [2026-05-10T15:11:42.295+0000] {dag.py:3954} INFO - Setting next_dagrun for sneakerz_pipeline to 2026-05-10 14:00:00+00:00, run_after=2026-05-10 15:00:00+00:00
[2026-05-10T15:11:42.327+0000] {processor.py:183} INFO - Processing /opt/airflow/dags/sneakerz_pipeline.py took 0.193 seconds
[2026-05-10T15:12:12.612+0000] {processor.py:161} INFO - Started process (PID=182) to work on /opt/airflow/dags/sneakerz_pipeline.py
[2026-05-10T15:12:12.614+0000] {processor.py:830} INFO - Processing file /opt/airflow/dags/sneakerz_pipeline.py for tasks to queue
[2026-05-10T15:12:12.618+0000] {logging_mixin.py:188} INFO - [2026-05-10T15:12:12.617+0000] {dagbag.py:540} INFO - Filling up the DagBag from /opt/airflow/dags/sneakerz_pipeline.py
[2026-05-10T15:12:12.668+0000] {processor.py:840} INFO - DAG(s) 'sneakerz_pipeline' retrieved from /opt/airflow/dags/sneakerz_pipeline.py
[2026-05-10T15:12:12.738+0000] {logging_mixin.py:188} INFO - [2026-05-10T15:12:12.738+0000] {dag.py:3096} INFO - Sync 1 DAGs
[2026-05-10T15:12:12.786+0000] {logging_mixin.py:188} INFO - [2026-05-10T15:12:12.785+0000] {dag.py:3954} INFO - Setting next_dagrun for sneakerz_pipeline to 2026-05-10 14:00:00+00:00, run_after=2026-05-10 15:00:00+00:00
[2026-05-10T15:12:12.824+0000] {processor.py:183} INFO - Processing /opt/airflow/dags/sneakerz_pipeline.py took 0.225 seconds
[2026-05-10T15:12:43.065+0000] {processor.py:161} INFO - Started process (PID=187) to work on /opt/airflow/dags/sneakerz_pipeline.py
[2026-05-10T15:12:43.067+0000] {processor.py:830} INFO - Processing file /opt/airflow/dags/sneakerz_pipeline.py for tasks to queue
[2026-05-10T15:12:43.071+0000] {logging_mixin.py:188} INFO - [2026-05-10T15:12:43.070+0000] {dagbag.py:540} INFO - Filling up the DagBag from /opt/airflow/dags/sneakerz_pipeline.py
[2026-05-10T15:12:43.102+0000] {processor.py:840} INFO - DAG(s) 'sneakerz_pipeline' retrieved from /opt/airflow/dags/sneakerz_pipeline.py
[2026-05-10T15:12:43.152+0000] {logging_mixin.py:188} INFO - [2026-05-10T15:12:43.152+0000] {dag.py:3096} INFO - Sync 1 DAGs
[2026-05-10T15:12:43.185+0000] {logging_mixin.py:188} INFO - [2026-05-10T15:12:43.185+0000] {dag.py:3954} INFO - Setting next_dagrun for sneakerz_pipeline to 2026-05-10 14:00:00+00:00, run_after=2026-05-10 15:00:00+00:00
[2026-05-10T15:12:43.217+0000] {processor.py:183} INFO - Processing /opt/airflow/dags/sneakerz_pipeline.py took 0.161 seconds
[2026-05-10T15:13:13.296+0000] {processor.py:161} INFO - Started process (PID=192) to work on /opt/airflow/dags/sneakerz_pipeline.py
[2026-05-10T15:13:13.297+0000] {processor.py:830} INFO - Processing file /opt/airflow/dags/sneakerz_pipeline.py for tasks to queue
[2026-05-10T15:13:13.302+0000] {logging_mixin.py:188} INFO - [2026-05-10T15:13:13.301+0000] {dagbag.py:540} INFO - Filling up the DagBag from /opt/airflow/dags/sneakerz_pipeline.py
[2026-05-10T15:13:13.347+0000] {processor.py:840} INFO - DAG(s) 'sneakerz_pipeline' retrieved from /opt/airflow/dags/sneakerz_pipeline.py
[2026-05-10T15:13:13.548+0000] {logging_mixin.py:188} INFO - [2026-05-10T15:13:13.548+0000] {dag.py:3096} INFO - Sync 1 DAGs
[2026-05-10T15:13:13.583+0000] {logging_mixin.py:188} INFO - [2026-05-10T15:13:13.583+0000] {dag.py:3954} INFO - Setting next_dagrun for sneakerz_pipeline to 2026-05-10 14:00:00+00:00, run_after=2026-05-10 15:00:00+00:00
[2026-05-10T15:13:13.619+0000] {processor.py:183} INFO - Processing /opt/airflow/dags/sneakerz_pipeline.py took 0.334 seconds
[2026-05-10T15:13:43.889+0000] {processor.py:161} INFO - Started process (PID=197) to work on /opt/airflow/dags/sneakerz_pipeline.py
[2026-05-10T15:13:43.891+0000] {processor.py:830} INFO - Processing file /opt/airflow/dags/sneakerz_pipeline.py for tasks to queue
[2026-05-10T15:13:43.895+0000] {logging_mixin.py:188} INFO - [2026-05-10T15:13:43.894+0000] {dagbag.py:540} INFO - Filling up the DagBag from /opt/airflow/dags/sneakerz_pipeline.py
[2026-05-10T15:13:43.937+0000] {processor.py:840} INFO - DAG(s) 'sneakerz_pipeline' retrieved from /opt/airflow/dags/sneakerz_pipeline.py
[2026-05-10T15:13:44.009+0000] {logging_mixin.py:188} INFO - [2026-05-10T15:13:44.009+0000] {dag.py:3096} INFO - Sync 1 DAGs
[2026-05-10T15:13:44.065+0000] {logging_mixin.py:188} INFO - [2026-05-10T15:13:44.065+0000] {dag.py:3954} INFO - Setting next_dagrun for sneakerz_pipeline to 2026-05-10 14:00:00+00:00, run_after=2026-05-10 15:00:00+00:00
[2026-05-10T15:13:44.110+0000] {processor.py:183} INFO - Processing /opt/airflow/dags/sneakerz_pipeline.py took 0.234 seconds
[2026-05-10T15:14:14.374+0000] {processor.py:161} INFO - Started process (PID=202) to work on /opt/airflow/dags/sneakerz_pipeline.py
[2026-05-10T15:14:14.381+0000] {processor.py:830} INFO - Processing file /opt/airflow/dags/sneakerz_pipeline.py for tasks to queue
[2026-05-10T15:14:14.390+0000] {logging_mixin.py:188} INFO - [2026-05-10T15:14:14.389+0000] {dagbag.py:540} INFO - Filling up the DagBag from /opt/airflow/dags/sneakerz_pipeline.py
[2026-05-10T15:14:14.426+0000] {processor.py:840} INFO - DAG(s) 'sneakerz_pipeline' retrieved from /opt/airflow/dags/sneakerz_pipeline.py
[2026-05-10T15:14:14.489+0000] {logging_mixin.py:188} INFO - [2026-05-10T15:14:14.489+0000] {dag.py:3096} INFO - Sync 1 DAGs
[2026-05-10T15:14:14.538+0000] {logging_mixin.py:188} INFO - [2026-05-10T15:14:14.538+0000] {dag.py:3954} INFO - Setting next_dagrun for sneakerz_pipeline to 2026-05-10 14:00:00+00:00, run_after=2026-05-10 15:00:00+00:00
[2026-05-10T15:14:14.572+0000] {processor.py:183} INFO - Processing /opt/airflow/dags/sneakerz_pipeline.py took 0.208 seconds
[2026-05-10T15:14:44.820+0000] {processor.py:161} INFO - Started process (PID=207) to work on /opt/airflow/dags/sneakerz_pipeline.py
[2026-05-10T15:14:44.822+0000] {processor.py:830} INFO - Processing file /opt/airflow/dags/sneakerz_pipeline.py for tasks to queue
[2026-05-10T15:14:44.826+0000] {logging_mixin.py:188} INFO - [2026-05-10T15:14:44.826+0000] {dagbag.py:540} INFO - Filling up the DagBag from /opt/airflow/dags/sneakerz_pipeline.py
[2026-05-10T15:14:44.863+0000] {processor.py:840} INFO - DAG(s) 'sneakerz_pipeline' retrieved from /opt/airflow/dags/sneakerz_pipeline.py
[2026-05-10T15:14:44.910+0000] {logging_mixin.py:188} INFO - [2026-05-10T15:14:44.909+0000] {dag.py:3096} INFO - Sync 1 DAGs
[2026-05-10T15:14:44.947+0000] {logging_mixin.py:188} INFO - [2026-05-10T15:14:44.946+0000] {dag.py:3954} INFO - Setting next_dagrun for sneakerz_pipeline to 2026-05-10 14:00:00+00:00, run_after=2026-05-10 15:00:00+00:00
[2026-05-10T15:14:44.986+0000] {processor.py:183} INFO - Processing /opt/airflow/dags/sneakerz_pipeline.py took 0.180 seconds
[2026-05-10T15:15:15.268+0000] {processor.py:161} INFO - Started process (PID=212) to work on /opt/airflow/dags/sneakerz_pipeline.py
[2026-05-10T15:15:15.271+0000] {processor.py:830} INFO - Processing file /opt/airflow/dags/sneakerz_pipeline.py for tasks to queue
[2026-05-10T15:15:15.280+0000] {logging_mixin.py:188} INFO - [2026-05-10T15:15:15.279+0000] {dagbag.py:540} INFO - Filling up the DagBag from /opt/airflow/dags/sneakerz_pipeline.py
[2026-05-10T15:15:15.334+0000] {processor.py:840} INFO - DAG(s) 'sneakerz_pipeline' retrieved from /opt/airflow/dags/sneakerz_pipeline.py
[2026-05-10T15:15:15.405+0000] {logging_mixin.py:188} INFO - [2026-05-10T15:15:15.404+0000] {dag.py:3096} INFO - Sync 1 DAGs
[2026-05-10T15:15:15.453+0000] {logging_mixin.py:188} INFO - [2026-05-10T15:15:15.453+0000] {dag.py:3954} INFO - Setting next_dagrun for sneakerz_pipeline to 2026-05-10 14:00:00+00:00, run_after=2026-05-10 15:00:00+00:00
[2026-05-10T15:15:15.490+0000] {processor.py:183} INFO - Processing /opt/airflow/dags/sneakerz_pipeline.py took 0.241 seconds
[2026-05-10T15:15:45.756+0000] {processor.py:161} INFO - Started process (PID=217) to work on /opt/airflow/dags/sneakerz_pipeline.py
[2026-05-10T15:15:45.758+0000] {processor.py:830} INFO - Processing file /opt/airflow/dags/sneakerz_pipeline.py for tasks to queue
[2026-05-10T15:15:45.764+0000] {logging_mixin.py:188} INFO - [2026-05-10T15:15:45.763+0000] {dagbag.py:540} INFO - Filling up the DagBag from /opt/airflow/dags/sneakerz_pipeline.py
[2026-05-10T15:15:45.809+0000] {processor.py:840} INFO - DAG(s) 'sneakerz_pipeline' retrieved from /opt/airflow/dags/sneakerz_pipeline.py
[2026-05-10T15:15:45.862+0000] {logging_mixin.py:188} INFO - [2026-05-10T15:15:45.862+0000] {dag.py:3096} INFO - Sync 1 DAGs
[2026-05-10T15:15:45.894+0000] {logging_mixin.py:188} INFO - [2026-05-10T15:15:45.894+0000] {dag.py:3954} INFO - Setting next_dagrun for sneakerz_pipeline to 2026-05-10 14:00:00+00:00, run_after=2026-05-10 15:00:00+00:00
[2026-05-10T15:15:45.930+0000] {processor.py:183} INFO - Processing /opt/airflow/dags/sneakerz_pipeline.py took 0.184 seconds
[2026-05-10T15:16:16.028+0000] {processor.py:161} INFO - Started process (PID=234) to work on /opt/airflow/dags/sneakerz_pipeline.py
[2026-05-10T15:16:16.030+0000] {processor.py:830} INFO - Processing file /opt/airflow/dags/sneakerz_pipeline.py for tasks to queue
[2026-05-10T15:16:16.033+0000] {logging_mixin.py:188} INFO - [2026-05-10T15:16:16.032+0000] {dagbag.py:540} INFO - Filling up the DagBag from /opt/airflow/dags/sneakerz_pipeline.py
[2026-05-10T15:16:16.067+0000] {processor.py:840} INFO - DAG(s) 'sneakerz_pipeline' retrieved from /opt/airflow/dags/sneakerz_pipeline.py
[2026-05-10T15:16:16.115+0000] {logging_mixin.py:188} INFO - [2026-05-10T15:16:16.114+0000] {dag.py:3096} INFO - Sync 1 DAGs
[2026-05-10T15:16:16.153+0000] {logging_mixin.py:188} INFO - [2026-05-10T15:16:16.153+0000] {dag.py:3954} INFO - Setting next_dagrun for sneakerz_pipeline to 2026-05-10 15:00:00+00:00, run_after=2026-05-10 16:00:00+00:00
[2026-05-10T15:16:16.186+0000] {processor.py:183} INFO - Processing /opt/airflow/dags/sneakerz_pipeline.py took 0.167 seconds
[2026-05-10T15:16:46.390+0000] {processor.py:161} INFO - Started process (PID=239) to work on /opt/airflow/dags/sneakerz_pipeline.py
[2026-05-10T15:16:46.392+0000] {processor.py:830} INFO - Processing file /opt/airflow/dags/sneakerz_pipeline.py for tasks to queue
[2026-05-10T15:16:46.395+0000] {logging_mixin.py:188} INFO - [2026-05-10T15:16:46.395+0000] {dagbag.py:540} INFO - Filling up the DagBag from /opt/airflow/dags/sneakerz_pipeline.py
[2026-05-10T15:16:46.436+0000] {processor.py:840} INFO - DAG(s) 'sneakerz_pipeline' retrieved from /opt/airflow/dags/sneakerz_pipeline.py
[2026-05-10T15:16:46.489+0000] {logging_mixin.py:188} INFO - [2026-05-10T15:16:46.489+0000] {dag.py:3096} INFO - Sync 1 DAGs
[2026-05-10T15:16:46.529+0000] {logging_mixin.py:188} INFO - [2026-05-10T15:16:46.529+0000] {dag.py:3954} INFO - Setting next_dagrun for sneakerz_pipeline to 2026-05-10 15:00:00+00:00, run_after=2026-05-10 16:00:00+00:00
[2026-05-10T15:16:46.567+0000] {processor.py:183} INFO - Processing /opt/airflow/dags/sneakerz_pipeline.py took 0.187 seconds
[2026-05-10T15:17:16.834+0000] {processor.py:161} INFO - Started process (PID=244) to work on /opt/airflow/dags/sneakerz_pipeline.py
[2026-05-10T15:17:16.836+0000] {processor.py:830} INFO - Processing file /opt/airflow/dags/sneakerz_pipeline.py for tasks to queue
[2026-05-10T15:17:16.840+0000] {logging_mixin.py:188} INFO - [2026-05-10T15:17:16.839+0000] {dagbag.py:540} INFO - Filling up the DagBag from /opt/airflow/dags/sneakerz_pipeline.py
[2026-05-10T15:17:16.886+0000] {processor.py:840} INFO - DAG(s) 'sneakerz_pipeline' retrieved from /opt/airflow/dags/sneakerz_pipeline.py
[2026-05-10T15:17:16.945+0000] {logging_mixin.py:188} INFO - [2026-05-10T15:17:16.944+0000] {dag.py:3096} INFO - Sync 1 DAGs
[2026-05-10T15:17:16.990+0000] {logging_mixin.py:188} INFO - [2026-05-10T15:17:16.989+0000] {dag.py:3954} INFO - Setting next_dagrun for sneakerz_pipeline to 2026-05-10 15:00:00+00:00, run_after=2026-05-10 16:00:00+00:00
[2026-05-10T15:17:17.035+0000] {processor.py:183} INFO - Processing /opt/airflow/dags/sneakerz_pipeline.py took 0.210 seconds
[2026-05-10T15:17:47.289+0000] {processor.py:161} INFO - Started process (PID=249) to work on /opt/airflow/dags/sneakerz_pipeline.py
[2026-05-10T15:17:47.291+0000] {processor.py:830} INFO - Processing file /opt/airflow/dags/sneakerz_pipeline.py for tasks to queue
[2026-05-10T15:17:47.294+0000] {logging_mixin.py:188} INFO - [2026-05-10T15:17:47.293+0000] {dagbag.py:540} INFO - Filling up the DagBag from /opt/airflow/dags/sneakerz_pipeline.py
[2026-05-10T15:17:47.328+0000] {processor.py:840} INFO - DAG(s) 'sneakerz_pipeline' retrieved from /opt/airflow/dags/sneakerz_pipeline.py
[2026-05-10T15:17:47.385+0000] {logging_mixin.py:188} INFO - [2026-05-10T15:17:47.384+0000] {dag.py:3096} INFO - Sync 1 DAGs
[2026-05-10T15:17:47.432+0000] {logging_mixin.py:188} INFO - [2026-05-10T15:17:47.431+0000] {dag.py:3954} INFO - Setting next_dagrun for sneakerz_pipeline to 2026-05-10 15:00:00+00:00, run_after=2026-05-10 16:00:00+00:00
[2026-05-10T15:17:47.473+0000] {processor.py:183} INFO - Processing /opt/airflow/dags/sneakerz_pipeline.py took 0.194 seconds
[2026-05-10T15:18:17.717+0000] {processor.py:161} INFO - Started process (PID=254) to work on /opt/airflow/dags/sneakerz_pipeline.py
[2026-05-10T15:18:17.719+0000] {processor.py:830} INFO - Processing file /opt/airflow/dags/sneakerz_pipeline.py for tasks to queue
[2026-05-10T15:18:17.722+0000] {logging_mixin.py:188} INFO - [2026-05-10T15:18:17.722+0000] {dagbag.py:540} INFO - Filling up the DagBag from /opt/airflow/dags/sneakerz_pipeline.py
[2026-05-10T15:18:17.762+0000] {processor.py:840} INFO - DAG(s) 'sneakerz_pipeline' retrieved from /opt/airflow/dags/sneakerz_pipeline.py
[2026-05-10T15:18:17.815+0000] {logging_mixin.py:188} INFO - [2026-05-10T15:18:17.814+0000] {dag.py:3096} INFO - Sync 1 DAGs
[2026-05-10T15:18:17.855+0000] {logging_mixin.py:188} INFO - [2026-05-10T15:18:17.855+0000] {dag.py:3954} INFO - Setting next_dagrun for sneakerz_pipeline to 2026-05-10 15:00:00+00:00, run_after=2026-05-10 16:00:00+00:00
[2026-05-10T15:18:17.890+0000] {processor.py:183} INFO - Processing /opt/airflow/dags/sneakerz_pipeline.py took 0.183 seconds
[2026-05-10T15:18:48.165+0000] {processor.py:161} INFO - Started process (PID=259) to work on /opt/airflow/dags/sneakerz_pipeline.py
[2026-05-10T15:18:48.168+0000] {processor.py:830} INFO - Processing file /opt/airflow/dags/sneakerz_pipeline.py for tasks to queue
[2026-05-10T15:18:48.172+0000] {logging_mixin.py:188} INFO - [2026-05-10T15:18:48.171+0000] {dagbag.py:540} INFO - Filling up the DagBag from /opt/airflow/dags/sneakerz_pipeline.py
[2026-05-10T15:18:48.208+0000] {processor.py:840} INFO - DAG(s) 'sneakerz_pipeline' retrieved from /opt/airflow/dags/sneakerz_pipeline.py
[2026-05-10T15:18:48.256+0000] {logging_mixin.py:188} INFO - [2026-05-10T15:18:48.256+0000] {dag.py:3096} INFO - Sync 1 DAGs
[2026-05-10T15:18:48.289+0000] {logging_mixin.py:188} INFO - [2026-05-10T15:18:48.289+0000] {dag.py:3954} INFO - Setting next_dagrun for sneakerz_pipeline to 2026-05-10 15:00:00+00:00, run_after=2026-05-10 16:00:00+00:00
[2026-05-10T15:18:48.322+0000] {processor.py:183} INFO - Processing /opt/airflow/dags/sneakerz_pipeline.py took 0.167 seconds
[2026-05-10T15:19:18.565+0000] {processor.py:161} INFO - Started process (PID=264) to work on /opt/airflow/dags/sneakerz_pipeline.py
[2026-05-10T15:19:18.567+0000] {processor.py:830} INFO - Processing file /opt/airflow/dags/sneakerz_pipeline.py for tasks to queue
[2026-05-10T15:19:18.570+0000] {logging_mixin.py:188} INFO - [2026-05-10T15:19:18.569+0000] {dagbag.py:540} INFO - Filling up the DagBag from /opt/airflow/dags/sneakerz_pipeline.py
[2026-05-10T15:19:18.601+0000] {processor.py:840} INFO - DAG(s) 'sneakerz_pipeline' retrieved from /opt/airflow/dags/sneakerz_pipeline.py
[2026-05-10T15:19:18.646+0000] {logging_mixin.py:188} INFO - [2026-05-10T15:19:18.645+0000] {dag.py:3096} INFO - Sync 1 DAGs
[2026-05-10T15:19:18.680+0000] {logging_mixin.py:188} INFO - [2026-05-10T15:19:18.680+0000] {dag.py:3954} INFO - Setting next_dagrun for sneakerz_pipeline to 2026-05-10 15:00:00+00:00, run_after=2026-05-10 16:00:00+00:00
[2026-05-10T15:19:18.710+0000] {processor.py:183} INFO - Processing /opt/airflow/dags/sneakerz_pipeline.py took 0.155 seconds
[2026-05-10T15:19:48.780+0000] {processor.py:161} INFO - Started process (PID=269) to work on /opt/airflow/dags/sneakerz_pipeline.py
[2026-05-10T15:19:48.781+0000] {processor.py:830} INFO - Processing file /opt/airflow/dags/sneakerz_pipeline.py for tasks to queue
[2026-05-10T15:19:48.784+0000] {logging_mixin.py:188} INFO - [2026-05-10T15:19:48.783+0000] {dagbag.py:540} INFO - Filling up the DagBag from /opt/airflow/dags/sneakerz_pipeline.py
[2026-05-10T15:19:48.816+0000] {processor.py:840} INFO - DAG(s) 'sneakerz_pipeline' retrieved from /opt/airflow/dags/sneakerz_pipeline.py
[2026-05-10T15:19:48.895+0000] {logging_mixin.py:188} INFO - [2026-05-10T15:19:48.894+0000] {dag.py:3096} INFO - Sync 1 DAGs
[2026-05-10T15:19:48.961+0000] {logging_mixin.py:188} INFO - [2026-05-10T15:19:48.960+0000] {dag.py:3954} INFO - Setting next_dagrun for sneakerz_pipeline to 2026-05-10 15:00:00+00:00, run_after=2026-05-10 16:00:00+00:00
[2026-05-10T15:19:49.026+0000] {processor.py:183} INFO - Processing /opt/airflow/dags/sneakerz_pipeline.py took 0.254 seconds
[2026-05-10T15:20:19.177+0000] {processor.py:161} INFO - Started process (PID=274) to work on /opt/airflow/dags/sneakerz_pipeline.py
[2026-05-10T15:20:19.178+0000] {processor.py:830} INFO - Processing file /opt/airflow/dags/sneakerz_pipeline.py for tasks to queue
[2026-05-10T15:20:19.181+0000] {logging_mixin.py:188} INFO - [2026-05-10T15:20:19.180+0000] {dagbag.py:540} INFO - Filling up the DagBag from /opt/airflow/dags/sneakerz_pipeline.py
[2026-05-10T15:20:19.210+0000] {processor.py:840} INFO - DAG(s) 'sneakerz_pipeline' retrieved from /opt/airflow/dags/sneakerz_pipeline.py
[2026-05-10T15:20:19.255+0000] {logging_mixin.py:188} INFO - [2026-05-10T15:20:19.254+0000] {dag.py:3096} INFO - Sync 1 DAGs
[2026-05-10T15:20:19.286+0000] {logging_mixin.py:188} INFO - [2026-05-10T15:20:19.286+0000] {dag.py:3954} INFO - Setting next_dagrun for sneakerz_pipeline to 2026-05-10 15:00:00+00:00, run_after=2026-05-10 16:00:00+00:00
[2026-05-10T15:20:19.316+0000] {processor.py:183} INFO - Processing /opt/airflow/dags/sneakerz_pipeline.py took 0.147 seconds
[2026-05-10T15:20:49.566+0000] {processor.py:161} INFO - Started process (PID=279) to work on /opt/airflow/dags/sneakerz_pipeline.py
[2026-05-10T15:20:49.570+0000] {processor.py:830} INFO - Processing file /opt/airflow/dags/sneakerz_pipeline.py for tasks to queue
[2026-05-10T15:20:49.584+0000] {logging_mixin.py:188} INFO - [2026-05-10T15:20:49.583+0000] {dagbag.py:540} INFO - Filling up the DagBag from /opt/airflow/dags/sneakerz_pipeline.py
[2026-05-10T15:20:49.659+0000] {processor.py:840} INFO - DAG(s) 'sneakerz_pipeline' retrieved from /opt/airflow/dags/sneakerz_pipeline.py
[2026-05-10T15:20:49.744+0000] {logging_mixin.py:188} INFO - [2026-05-10T15:20:49.743+0000] {dag.py:3096} INFO - Sync 1 DAGs
[2026-05-10T15:20:49.815+0000] {logging_mixin.py:188} INFO - [2026-05-10T15:20:49.815+0000] {dag.py:3954} INFO - Setting next_dagrun for sneakerz_pipeline to 2026-05-10 15:00:00+00:00, run_after=2026-05-10 16:00:00+00:00
[2026-05-10T15:20:49.883+0000] {processor.py:183} INFO - Processing /opt/airflow/dags/sneakerz_pipeline.py took 0.338 seconds
[2026-05-10T15:21:11.992+0000] {processor.py:161} INFO - Started process (PID=172) to work on /opt/airflow/dags/sneakerz_pipeline.py
[2026-05-10T15:21:11.994+0000] {processor.py:830} INFO - Processing file /opt/airflow/dags/sneakerz_pipeline.py for tasks to queue
[2026-05-10T15:21:11.998+0000] {logging_mixin.py:188} INFO - [2026-05-10T15:21:11.997+0000] {dagbag.py:540} INFO - Filling up the DagBag from /opt/airflow/dags/sneakerz_pipeline.py
[2026-05-10T15:21:12.053+0000] {processor.py:840} INFO - DAG(s) 'sneakerz_pipeline' retrieved from /opt/airflow/dags/sneakerz_pipeline.py
[2026-05-10T15:21:12.401+0000] {logging_mixin.py:188} INFO - [2026-05-10T15:21:12.401+0000] {dag.py:3096} INFO - Sync 1 DAGs
[2026-05-10T15:21:12.431+0000] {logging_mixin.py:188} INFO - [2026-05-10T15:21:12.430+0000] {dag.py:3954} INFO - Setting next_dagrun for sneakerz_pipeline to 2026-05-10 15:00:00+00:00, run_after=2026-05-10 16:00:00+00:00
[2026-05-10T15:21:12.467+0000] {processor.py:183} INFO - Processing /opt/airflow/dags/sneakerz_pipeline.py took 0.482 seconds
[2026-05-10T15:21:42.737+0000] {processor.py:161} INFO - Started process (PID=199) to work on /opt/airflow/dags/sneakerz_pipeline.py
[2026-05-10T15:21:42.739+0000] {processor.py:830} INFO - Processing file /opt/airflow/dags/sneakerz_pipeline.py for tasks to queue
[2026-05-10T15:21:42.743+0000] {logging_mixin.py:188} INFO - [2026-05-10T15:21:42.742+0000] {dagbag.py:540} INFO - Filling up the DagBag from /opt/airflow/dags/sneakerz_pipeline.py
[2026-05-10T15:21:42.798+0000] {processor.py:840} INFO - DAG(s) 'sneakerz_pipeline' retrieved from /opt/airflow/dags/sneakerz_pipeline.py
[2026-05-10T15:21:42.911+0000] {logging_mixin.py:188} INFO - [2026-05-10T15:21:42.911+0000] {dag.py:3096} INFO - Sync 1 DAGs
[2026-05-10T15:21:42.991+0000] {logging_mixin.py:188} INFO - [2026-05-10T15:21:42.991+0000] {dag.py:3954} INFO - Setting next_dagrun for sneakerz_pipeline to 2026-05-10 15:00:00+00:00, run_after=2026-05-10 16:00:00+00:00
[2026-05-10T15:21:43.046+0000] {processor.py:183} INFO - Processing /opt/airflow/dags/sneakerz_pipeline.py took 0.320 seconds
[2026-05-10T15:22:13.324+0000] {processor.py:161} INFO - Started process (PID=204) to work on /opt/airflow/dags/sneakerz_pipeline.py
[2026-05-10T15:22:13.326+0000] {processor.py:830} INFO - Processing file /opt/airflow/dags/sneakerz_pipeline.py for tasks to queue
[2026-05-10T15:22:13.330+0000] {logging_mixin.py:188} INFO - [2026-05-10T15:22:13.329+0000] {dagbag.py:540} INFO - Filling up the DagBag from /opt/airflow/dags/sneakerz_pipeline.py
[2026-05-10T15:22:13.373+0000] {processor.py:840} INFO - DAG(s) 'sneakerz_pipeline' retrieved from /opt/airflow/dags/sneakerz_pipeline.py
[2026-05-10T15:22:13.464+0000] {logging_mixin.py:188} INFO - [2026-05-10T15:22:13.463+0000] {dag.py:3096} INFO - Sync 1 DAGs
[2026-05-10T15:22:13.536+0000] {logging_mixin.py:188} INFO - [2026-05-10T15:22:13.536+0000] {dag.py:3954} INFO - Setting next_dagrun for sneakerz_pipeline to 2026-05-10 15:00:00+00:00, run_after=2026-05-10 16:00:00+00:00
[2026-05-10T15:22:13.587+0000] {processor.py:183} INFO - Processing /opt/airflow/dags/sneakerz_pipeline.py took 0.277 seconds
[2026-05-10T15:22:43.893+0000] {processor.py:161} INFO - Started process (PID=209) to work on /opt/airflow/dags/sneakerz_pipeline.py
[2026-05-10T15:22:43.896+0000] {processor.py:830} INFO - Processing file /opt/airflow/dags/sneakerz_pipeline.py for tasks to queue
[2026-05-10T15:22:43.905+0000] {logging_mixin.py:188} INFO - [2026-05-10T15:22:43.904+0000] {dagbag.py:540} INFO - Filling up the DagBag from /opt/airflow/dags/sneakerz_pipeline.py
[2026-05-10T15:22:43.984+0000] {processor.py:840} INFO - DAG(s) 'sneakerz_pipeline' retrieved from /opt/airflow/dags/sneakerz_pipeline.py
[2026-05-10T15:22:44.170+0000] {logging_mixin.py:188} INFO - [2026-05-10T15:22:44.169+0000] {dag.py:3096} INFO - Sync 1 DAGs
[2026-05-10T15:22:44.256+0000] {logging_mixin.py:188} INFO - [2026-05-10T15:22:44.256+0000] {dag.py:3954} INFO - Setting next_dagrun for sneakerz_pipeline to 2026-05-10 15:00:00+00:00, run_after=2026-05-10 16:00:00+00:00
[2026-05-10T15:22:44.306+0000] {processor.py:183} INFO - Processing /opt/airflow/dags/sneakerz_pipeline.py took 0.436 seconds
[2026-05-10T15:23:14.581+0000] {processor.py:161} INFO - Started process (PID=214) to work on /opt/airflow/dags/sneakerz_pipeline.py
[2026-05-10T15:23:14.582+0000] {processor.py:830} INFO - Processing file /opt/airflow/dags/sneakerz_pipeline.py for tasks to queue
[2026-05-10T15:23:14.586+0000] {logging_mixin.py:188} INFO - [2026-05-10T15:23:14.585+0000] {dagbag.py:540} INFO - Filling up the DagBag from /opt/airflow/dags/sneakerz_pipeline.py
[2026-05-10T15:23:14.621+0000] {processor.py:840} INFO - DAG(s) 'sneakerz_pipeline' retrieved from /opt/airflow/dags/sneakerz_pipeline.py
[2026-05-10T15:23:14.673+0000] {logging_mixin.py:188} INFO - [2026-05-10T15:23:14.672+0000] {dag.py:3096} INFO - Sync 1 DAGs
[2026-05-10T15:23:14.712+0000] {logging_mixin.py:188} INFO - [2026-05-10T15:23:14.712+0000] {dag.py:3954} INFO - Setting next_dagrun for sneakerz_pipeline to 2026-05-10 15:00:00+00:00, run_after=2026-05-10 16:00:00+00:00
[2026-05-10T15:23:14.749+0000] {processor.py:183} INFO - Processing /opt/airflow/dags/sneakerz_pipeline.py took 0.181 seconds
[2026-05-10T15:23:45.013+0000] {processor.py:161} INFO - Started process (PID=219) to work on /opt/airflow/dags/sneakerz_pipeline.py
[2026-05-10T15:23:45.016+0000] {processor.py:830} INFO - Processing file /opt/airflow/dags/sneakerz_pipeline.py for tasks to queue
[2026-05-10T15:23:45.019+0000] {logging_mixin.py:188} INFO - [2026-05-10T15:23:45.019+0000] {dagbag.py:540} INFO - Filling up the DagBag from /opt/airflow/dags/sneakerz_pipeline.py
[2026-05-10T15:23:45.059+0000] {processor.py:840} INFO - DAG(s) 'sneakerz_pipeline' retrieved from /opt/airflow/dags/sneakerz_pipeline.py
[2026-05-10T15:23:45.115+0000] {logging_mixin.py:188} INFO - [2026-05-10T15:23:45.114+0000] {dag.py:3096} INFO - Sync 1 DAGs
[2026-05-10T15:23:45.155+0000] {logging_mixin.py:188} INFO - [2026-05-10T15:23:45.154+0000] {dag.py:3954} INFO - Setting next_dagrun for sneakerz_pipeline to 2026-05-10 15:00:00+00:00, run_after=2026-05-10 16:00:00+00:00
[2026-05-10T15:23:45.192+0000] {processor.py:183} INFO - Processing /opt/airflow/dags/sneakerz_pipeline.py took 0.195 seconds
[2026-05-10T15:24:15.447+0000] {processor.py:161} INFO - Started process (PID=224) to work on /opt/airflow/dags/sneakerz_pipeline.py
[2026-05-10T15:24:15.449+0000] {processor.py:830} INFO - Processing file /opt/airflow/dags/sneakerz_pipeline.py for tasks to queue
[2026-05-10T15:24:15.453+0000] {logging_mixin.py:188} INFO - [2026-05-10T15:24:15.452+0000] {dagbag.py:540} INFO - Filling up the DagBag from /opt/airflow/dags/sneakerz_pipeline.py
[2026-05-10T15:24:15.485+0000] {processor.py:840} INFO - DAG(s) 'sneakerz_pipeline' retrieved from /opt/airflow/dags/sneakerz_pipeline.py
[2026-05-10T15:24:15.535+0000] {logging_mixin.py:188} INFO - [2026-05-10T15:24:15.535+0000] {dag.py:3096} INFO - Sync 1 DAGs
[2026-05-10T15:24:15.570+0000] {logging_mixin.py:188} INFO - [2026-05-10T15:24:15.570+0000] {dag.py:3954} INFO - Setting next_dagrun for sneakerz_pipeline to 2026-05-10 15:00:00+00:00, run_after=2026-05-10 16:00:00+00:00
[2026-05-10T15:24:15.604+0000] {processor.py:183} INFO - Processing /opt/airflow/dags/sneakerz_pipeline.py took 0.169 seconds
[2026-05-10T15:24:45.844+0000] {processor.py:161} INFO - Started process (PID=229) to work on /opt/airflow/dags/sneakerz_pipeline.py
[2026-05-10T15:24:45.846+0000] {processor.py:830} INFO - Processing file /opt/airflow/dags/sneakerz_pipeline.py for tasks to queue
[2026-05-10T15:24:45.850+0000] {logging_mixin.py:188} INFO - [2026-05-10T15:24:45.849+0000] {dagbag.py:540} INFO - Filling up the DagBag from /opt/airflow/dags/sneakerz_pipeline.py
[2026-05-10T15:24:45.891+0000] {processor.py:840} INFO - DAG(s) 'sneakerz_pipeline' retrieved from /opt/airflow/dags/sneakerz_pipeline.py
[2026-05-10T15:24:45.948+0000] {logging_mixin.py:188} INFO - [2026-05-10T15:24:45.948+0000] {dag.py:3096} INFO - Sync 1 DAGs
[2026-05-10T15:24:45.993+0000] {logging_mixin.py:188} INFO - [2026-05-10T15:24:45.992+0000] {dag.py:3954} INFO - Setting next_dagrun for sneakerz_pipeline to 2026-05-10 15:00:00+00:00, run_after=2026-05-10 16:00:00+00:00
[2026-05-10T15:24:46.037+0000] {processor.py:183} INFO - Processing /opt/airflow/dags/sneakerz_pipeline.py took 0.203 seconds
[2026-05-10T15:25:16.294+0000] {processor.py:161} INFO - Started process (PID=234) to work on /opt/airflow/dags/sneakerz_pipeline.py
[2026-05-10T15:25:16.296+0000] {processor.py:830} INFO - Processing file /opt/airflow/dags/sneakerz_pipeline.py for tasks to queue
[2026-05-10T15:25:16.299+0000] {logging_mixin.py:188} INFO - [2026-05-10T15:25:16.299+0000] {dagbag.py:540} INFO - Filling up the DagBag from /opt/airflow/dags/sneakerz_pipeline.py
[2026-05-10T15:25:16.331+0000] {processor.py:840} INFO - DAG(s) 'sneakerz_pipeline' retrieved from /opt/airflow/dags/sneakerz_pipeline.py
[2026-05-10T15:25:16.373+0000] {logging_mixin.py:188} INFO - [2026-05-10T15:25:16.373+0000] {dag.py:3096} INFO - Sync 1 DAGs
[2026-05-10T15:25:16.408+0000] {logging_mixin.py:188} INFO - [2026-05-10T15:25:16.408+0000] {dag.py:3954} INFO - Setting next_dagrun for sneakerz_pipeline to 2026-05-10 15:00:00+00:00, run_after=2026-05-10 16:00:00+00:00
[2026-05-10T15:25:16.442+0000] {processor.py:183} INFO - Processing /opt/airflow/dags/sneakerz_pipeline.py took 0.156 seconds
[2026-05-10T15:25:46.524+0000] {processor.py:161} INFO - Started process (PID=239) to work on /opt/airflow/dags/sneakerz_pipeline.py
[2026-05-10T15:25:46.526+0000] {processor.py:830} INFO - Processing file /opt/airflow/dags/sneakerz_pipeline.py for tasks to queue
[2026-05-10T15:25:46.530+0000] {logging_mixin.py:188} INFO - [2026-05-10T15:25:46.529+0000] {dagbag.py:540} INFO - Filling up the DagBag from /opt/airflow/dags/sneakerz_pipeline.py
[2026-05-10T15:25:46.564+0000] {processor.py:840} INFO - DAG(s) 'sneakerz_pipeline' retrieved from /opt/airflow/dags/sneakerz_pipeline.py
[2026-05-10T15:25:46.616+0000] {logging_mixin.py:188} INFO - [2026-05-10T15:25:46.616+0000] {dag.py:3096} INFO - Sync 1 DAGs
[2026-05-10T15:25:46.652+0000] {logging_mixin.py:188} INFO - [2026-05-10T15:25:46.652+0000] {dag.py:3954} INFO - Setting next_dagrun for sneakerz_pipeline to 2026-05-10 15:00:00+00:00, run_after=2026-05-10 16:00:00+00:00
[2026-05-10T15:25:46.684+0000] {processor.py:183} INFO - Processing /opt/airflow/dags/sneakerz_pipeline.py took 0.170 seconds
[2026-05-10T15:26:16.883+0000] {processor.py:161} INFO - Started process (PID=247) to work on /opt/airflow/dags/sneakerz_pipeline.py
[2026-05-10T15:26:16.885+0000] {processor.py:830} INFO - Processing file /opt/airflow/dags/sneakerz_pipeline.py for tasks to queue
[2026-05-10T15:26:16.888+0000] {logging_mixin.py:188} INFO - [2026-05-10T15:26:16.888+0000] {dagbag.py:540} INFO - Filling up the DagBag from /opt/airflow/dags/sneakerz_pipeline.py
[2026-05-10T15:26:16.924+0000] {processor.py:840} INFO - DAG(s) 'sneakerz_pipeline' retrieved from /opt/airflow/dags/sneakerz_pipeline.py
[2026-05-10T15:26:16.966+0000] {logging_mixin.py:188} INFO - [2026-05-10T15:26:16.966+0000] {dag.py:3096} INFO - Sync 1 DAGs
[2026-05-10T15:26:16.997+0000] {logging_mixin.py:188} INFO - [2026-05-10T15:26:16.997+0000] {dag.py:3954} INFO - Setting next_dagrun for sneakerz_pipeline to 2026-05-10 15:00:00+00:00, run_after=2026-05-10 16:00:00+00:00
[2026-05-10T15:26:17.026+0000] {processor.py:183} INFO - Processing /opt/airflow/dags/sneakerz_pipeline.py took 0.153 seconds
[2026-05-10T15:26:47.169+0000] {processor.py:161} INFO - Started process (PID=255) to work on /opt/airflow/dags/sneakerz_pipeline.py
[2026-05-10T15:26:47.171+0000] {processor.py:830} INFO - Processing file /opt/airflow/dags/sneakerz_pipeline.py for tasks to queue
[2026-05-10T15:26:47.174+0000] {logging_mixin.py:188} INFO - [2026-05-10T15:26:47.174+0000] {dagbag.py:540} INFO - Filling up the DagBag from /opt/airflow/dags/sneakerz_pipeline.py
[2026-05-10T15:26:47.217+0000] {processor.py:840} INFO - DAG(s) 'sneakerz_pipeline' retrieved from /opt/airflow/dags/sneakerz_pipeline.py
[2026-05-10T15:26:47.279+0000] {logging_mixin.py:188} INFO - [2026-05-10T15:26:47.278+0000] {dag.py:3096} INFO - Sync 1 DAGs
[2026-05-10T15:26:47.323+0000] {logging_mixin.py:188} INFO - [2026-05-10T15:26:47.323+0000] {dag.py:3954} INFO - Setting next_dagrun for sneakerz_pipeline to 2026-05-10 15:00:00+00:00, run_after=2026-05-10 16:00:00+00:00
[2026-05-10T15:26:47.355+0000] {processor.py:183} INFO - Processing /opt/airflow/dags/sneakerz_pipeline.py took 0.198 seconds
[2026-05-10T15:27:17.469+0000] {processor.py:161} INFO - Started process (PID=260) to work on /opt/airflow/dags/sneakerz_pipeline.py
[2026-05-10T15:27:17.471+0000] {processor.py:830} INFO - Processing file /opt/airflow/dags/sneakerz_pipeline.py for tasks to queue
[2026-05-10T15:27:17.475+0000] {logging_mixin.py:188} INFO - [2026-05-10T15:27:17.474+0000] {dagbag.py:540} INFO - Filling up the DagBag from /opt/airflow/dags/sneakerz_pipeline.py
[2026-05-10T15:27:17.513+0000] {processor.py:840} INFO - DAG(s) 'sneakerz_pipeline' retrieved from /opt/airflow/dags/sneakerz_pipeline.py
[2026-05-10T15:27:17.562+0000] {logging_mixin.py:188} INFO - [2026-05-10T15:27:17.561+0000] {dag.py:3096} INFO - Sync 1 DAGs
[2026-05-10T15:27:17.595+0000] {logging_mixin.py:188} INFO - [2026-05-10T15:27:17.594+0000] {dag.py:3954} INFO - Setting next_dagrun for sneakerz_pipeline to 2026-05-10 15:00:00+00:00, run_after=2026-05-10 16:00:00+00:00
[2026-05-10T15:27:17.629+0000] {processor.py:183} INFO - Processing /opt/airflow/dags/sneakerz_pipeline.py took 0.172 seconds
[2026-05-10T15:27:47.782+0000] {processor.py:161} INFO - Started process (PID=265) to work on /opt/airflow/dags/sneakerz_pipeline.py
[2026-05-10T15:27:47.784+0000] {processor.py:830} INFO - Processing file /opt/airflow/dags/sneakerz_pipeline.py for tasks to queue
[2026-05-10T15:27:47.787+0000] {logging_mixin.py:188} INFO - [2026-05-10T15:27:47.786+0000] {dagbag.py:540} INFO - Filling up the DagBag from /opt/airflow/dags/sneakerz_pipeline.py
[2026-05-10T15:27:47.819+0000] {processor.py:840} INFO - DAG(s) 'sneakerz_pipeline' retrieved from /opt/airflow/dags/sneakerz_pipeline.py
[2026-05-10T15:27:47.864+0000] {logging_mixin.py:188} INFO - [2026-05-10T15:27:47.864+0000] {dag.py:3096} INFO - Sync 1 DAGs
[2026-05-10T15:27:47.899+0000] {logging_mixin.py:188} INFO - [2026-05-10T15:27:47.899+0000] {dag.py:3954} INFO - Setting next_dagrun for sneakerz_pipeline to 2026-05-10 15:00:00+00:00, run_after=2026-05-10 16:00:00+00:00
[2026-05-10T15:27:47.931+0000] {processor.py:183} INFO - Processing /opt/airflow/dags/sneakerz_pipeline.py took 0.161 seconds
[2026-05-10T15:28:18.074+0000] {processor.py:161} INFO - Started process (PID=270) to work on /opt/airflow/dags/sneakerz_pipeline.py
[2026-05-10T15:28:18.077+0000] {processor.py:830} INFO - Processing file /opt/airflow/dags/sneakerz_pipeline.py for tasks to queue
[2026-05-10T15:28:18.081+0000] {logging_mixin.py:188} INFO - [2026-05-10T15:28:18.080+0000] {dagbag.py:540} INFO - Filling up the DagBag from /opt/airflow/dags/sneakerz_pipeline.py
[2026-05-10T15:28:18.123+0000] {processor.py:840} INFO - DAG(s) 'sneakerz_pipeline' retrieved from /opt/airflow/dags/sneakerz_pipeline.py
[2026-05-10T15:28:18.176+0000] {logging_mixin.py:188} INFO - [2026-05-10T15:28:18.176+0000] {dag.py:3096} INFO - Sync 1 DAGs
[2026-05-10T15:28:18.214+0000] {logging_mixin.py:188} INFO - [2026-05-10T15:28:18.214+0000] {dag.py:3954} INFO - Setting next_dagrun for sneakerz_pipeline to 2026-05-10 15:00:00+00:00, run_after=2026-05-10 16:00:00+00:00
[2026-05-10T15:28:18.246+0000] {processor.py:183} INFO - Processing /opt/airflow/dags/sneakerz_pipeline.py took 0.184 seconds
[2026-05-10T15:28:48.371+0000] {processor.py:161} INFO - Started process (PID=275) to work on /opt/airflow/dags/sneakerz_pipeline.py
[2026-05-10T15:28:48.373+0000] {processor.py:830} INFO - Processing file /opt/airflow/dags/sneakerz_pipeline.py for tasks to queue
[2026-05-10T15:28:48.376+0000] {logging_mixin.py:188} INFO - [2026-05-10T15:28:48.375+0000] {dagbag.py:540} INFO - Filling up the DagBag from /opt/airflow/dags/sneakerz_pipeline.py
[2026-05-10T15:28:48.413+0000] {processor.py:840} INFO - DAG(s) 'sneakerz_pipeline' retrieved from /opt/airflow/dags/sneakerz_pipeline.py
[2026-05-10T15:28:48.472+0000] {logging_mixin.py:188} INFO - [2026-05-10T15:28:48.472+0000] {dag.py:3096} INFO - Sync 1 DAGs
[2026-05-10T15:28:48.516+0000] {logging_mixin.py:188} INFO - [2026-05-10T15:28:48.516+0000] {dag.py:3954} INFO - Setting next_dagrun for sneakerz_pipeline to 2026-05-10 15:00:00+00:00, run_after=2026-05-10 16:00:00+00:00
[2026-05-10T15:28:48.549+0000] {processor.py:183} INFO - Processing /opt/airflow/dags/sneakerz_pipeline.py took 0.187 seconds
[2026-05-10T15:29:18.718+0000] {processor.py:161} INFO - Started process (PID=280) to work on /opt/airflow/dags/sneakerz_pipeline.py
[2026-05-10T15:29:18.720+0000] {processor.py:830} INFO - Processing file /opt/airflow/dags/sneakerz_pipeline.py for tasks to queue
[2026-05-10T15:29:18.722+0000] {logging_mixin.py:188} INFO - [2026-05-10T15:29:18.722+0000] {dagbag.py:540} INFO - Filling up the DagBag from /opt/airflow/dags/sneakerz_pipeline.py
[2026-05-10T15:29:18.756+0000] {processor.py:840} INFO - DAG(s) 'sneakerz_pipeline' retrieved from /opt/airflow/dags/sneakerz_pipeline.py
[2026-05-10T15:29:18.807+0000] {logging_mixin.py:188} INFO - [2026-05-10T15:29:18.806+0000] {dag.py:3096} INFO - Sync 1 DAGs
[2026-05-10T15:29:18.839+0000] {logging_mixin.py:188} INFO - [2026-05-10T15:29:18.838+0000] {dag.py:3954} INFO - Setting next_dagrun for sneakerz_pipeline to 2026-05-10 15:00:00+00:00, run_after=2026-05-10 16:00:00+00:00
[2026-05-10T15:29:18.869+0000] {processor.py:183} INFO - Processing /opt/airflow/dags/sneakerz_pipeline.py took 0.159 seconds
[2026-05-10T15:29:49.031+0000] {processor.py:161} INFO - Started process (PID=285) to work on /opt/airflow/dags/sneakerz_pipeline.py
[2026-05-10T15:29:49.035+0000] {processor.py:830} INFO - Processing file /opt/airflow/dags/sneakerz_pipeline.py for tasks to queue
[2026-05-10T15:29:49.040+0000] {logging_mixin.py:188} INFO - [2026-05-10T15:29:49.039+0000] {dagbag.py:540} INFO - Filling up the DagBag from /opt/airflow/dags/sneakerz_pipeline.py
[2026-05-10T15:29:49.105+0000] {processor.py:840} INFO - DAG(s) 'sneakerz_pipeline' retrieved from /opt/airflow/dags/sneakerz_pipeline.py
[2026-05-10T15:29:49.173+0000] {logging_mixin.py:188} INFO - [2026-05-10T15:29:49.172+0000] {dag.py:3096} INFO - Sync 1 DAGs
[2026-05-10T15:29:49.207+0000] {logging_mixin.py:188} INFO - [2026-05-10T15:29:49.207+0000] {dag.py:3954} INFO - Setting next_dagrun for sneakerz_pipeline to 2026-05-10 15:00:00+00:00, run_after=2026-05-10 16:00:00+00:00
[2026-05-10T15:29:49.239+0000] {processor.py:183} INFO - Processing /opt/airflow/dags/sneakerz_pipeline.py took 0.222 seconds
[2026-05-10T15:30:19.494+0000] {processor.py:161} INFO - Started process (PID=290) to work on /opt/airflow/dags/sneakerz_pipeline.py
[2026-05-10T15:30:19.496+0000] {processor.py:830} INFO - Processing file /opt/airflow/dags/sneakerz_pipeline.py for tasks to queue
[2026-05-10T15:30:19.500+0000] {logging_mixin.py:188} INFO - [2026-05-10T15:30:19.499+0000] {dagbag.py:540} INFO - Filling up the DagBag from /opt/airflow/dags/sneakerz_pipeline.py
[2026-05-10T15:30:19.541+0000] {processor.py:840} INFO - DAG(s) 'sneakerz_pipeline' retrieved from /opt/airflow/dags/sneakerz_pipeline.py
[2026-05-10T15:30:19.594+0000] {logging_mixin.py:188} INFO - [2026-05-10T15:30:19.593+0000] {dag.py:3096} INFO - Sync 1 DAGs
[2026-05-10T15:30:19.630+0000] {logging_mixin.py:188} INFO - [2026-05-10T15:30:19.629+0000] {dag.py:3954} INFO - Setting next_dagrun for sneakerz_pipeline to 2026-05-10 15:00:00+00:00, run_after=2026-05-10 16:00:00+00:00
[2026-05-10T15:30:19.663+0000] {processor.py:183} INFO - Processing /opt/airflow/dags/sneakerz_pipeline.py took 0.178 seconds
[2026-05-10T15:30:49.923+0000] {processor.py:161} INFO - Started process (PID=295) to work on /opt/airflow/dags/sneakerz_pipeline.py
[2026-05-10T15:30:49.925+0000] {processor.py:830} INFO - Processing file /opt/airflow/dags/sneakerz_pipeline.py for tasks to queue
[2026-05-10T15:30:49.929+0000] {logging_mixin.py:188} INFO - [2026-05-10T15:30:49.928+0000] {dagbag.py:540} INFO - Filling up the DagBag from /opt/airflow/dags/sneakerz_pipeline.py
[2026-05-10T15:30:49.962+0000] {processor.py:840} INFO - DAG(s) 'sneakerz_pipeline' retrieved from /opt/airflow/dags/sneakerz_pipeline.py
[2026-05-10T15:30:50.011+0000] {logging_mixin.py:188} INFO - [2026-05-10T15:30:50.010+0000] {dag.py:3096} INFO - Sync 1 DAGs
[2026-05-10T15:30:50.045+0000] {logging_mixin.py:188} INFO - [2026-05-10T15:30:50.044+0000] {dag.py:3954} INFO - Setting next_dagrun for sneakerz_pipeline to 2026-05-10 15:00:00+00:00, run_after=2026-05-10 16:00:00+00:00
[2026-05-10T15:30:50.078+0000] {processor.py:183} INFO - Processing /opt/airflow/dags/sneakerz_pipeline.py took 0.165 seconds
[2026-05-10T15:31:20.173+0000] {processor.py:161} INFO - Started process (PID=303) to work on /opt/airflow/dags/sneakerz_pipeline.py
[2026-05-10T15:31:20.175+0000] {processor.py:830} INFO - Processing file /opt/airflow/dags/sneakerz_pipeline.py for tasks to queue
[2026-05-10T15:31:20.178+0000] {logging_mixin.py:188} INFO - [2026-05-10T15:31:20.177+0000] {dagbag.py:540} INFO - Filling up the DagBag from /opt/airflow/dags/sneakerz_pipeline.py
[2026-05-10T15:31:20.209+0000] {processor.py:840} INFO - DAG(s) 'sneakerz_pipeline' retrieved from /opt/airflow/dags/sneakerz_pipeline.py
[2026-05-10T15:31:20.260+0000] {logging_mixin.py:188} INFO - [2026-05-10T15:31:20.260+0000] {dag.py:3096} INFO - Sync 1 DAGs
[2026-05-10T15:31:20.296+0000] {logging_mixin.py:188} INFO - [2026-05-10T15:31:20.296+0000] {dag.py:3954} INFO - Setting next_dagrun for sneakerz_pipeline to 2026-05-10 15:00:00+00:00, run_after=2026-05-10 16:00:00+00:00
[2026-05-10T15:31:20.330+0000] {processor.py:183} INFO - Processing /opt/airflow/dags/sneakerz_pipeline.py took 0.165 seconds
[2026-05-10T15:31:50.540+0000] {processor.py:161} INFO - Started process (PID=311) to work on /opt/airflow/dags/sneakerz_pipeline.py
[2026-05-10T15:31:50.541+0000] {processor.py:830} INFO - Processing file /opt/airflow/dags/sneakerz_pipeline.py for tasks to queue
[2026-05-10T15:31:50.543+0000] {logging_mixin.py:188} INFO - [2026-05-10T15:31:50.543+0000] {dagbag.py:540} INFO - Filling up the DagBag from /opt/airflow/dags/sneakerz_pipeline.py
[2026-05-10T15:31:50.583+0000] {processor.py:840} INFO - DAG(s) 'sneakerz_pipeline' retrieved from /opt/airflow/dags/sneakerz_pipeline.py
[2026-05-10T15:31:50.645+0000] {logging_mixin.py:188} INFO - [2026-05-10T15:31:50.644+0000] {dag.py:3096} INFO - Sync 1 DAGs
[2026-05-10T15:31:50.683+0000] {logging_mixin.py:188} INFO - [2026-05-10T15:31:50.683+0000] {dag.py:3954} INFO - Setting next_dagrun for sneakerz_pipeline to 2026-05-10 15:00:00+00:00, run_after=2026-05-10 16:00:00+00:00
[2026-05-10T15:31:50.722+0000] {processor.py:183} INFO - Processing /opt/airflow/dags/sneakerz_pipeline.py took 0.193 seconds
[2026-05-10T15:32:20.796+0000] {processor.py:161} INFO - Started process (PID=316) to work on /opt/airflow/dags/sneakerz_pipeline.py
[2026-05-10T15:32:20.798+0000] {processor.py:830} INFO - Processing file /opt/airflow/dags/sneakerz_pipeline.py for tasks to queue
[2026-05-10T15:32:20.802+0000] {logging_mixin.py:188} INFO - [2026-05-10T15:32:20.801+0000] {dagbag.py:540} INFO - Filling up the DagBag from /opt/airflow/dags/sneakerz_pipeline.py
[2026-05-10T15:32:20.844+0000] {processor.py:840} INFO - DAG(s) 'sneakerz_pipeline' retrieved from /opt/airflow/dags/sneakerz_pipeline.py
[2026-05-10T15:32:20.896+0000] {logging_mixin.py:188} INFO - [2026-05-10T15:32:20.896+0000] {dag.py:3096} INFO - Sync 1 DAGs
[2026-05-10T15:32:20.934+0000] {logging_mixin.py:188} INFO - [2026-05-10T15:32:20.934+0000] {dag.py:3954} INFO - Setting next_dagrun for sneakerz_pipeline to 2026-05-10 15:00:00+00:00, run_after=2026-05-10 16:00:00+00:00
[2026-05-10T15:32:20.966+0000] {processor.py:183} INFO - Processing /opt/airflow/dags/sneakerz_pipeline.py took 0.178 seconds
[2026-05-10T15:32:51.178+0000] {processor.py:161} INFO - Started process (PID=321) to work on /opt/airflow/dags/sneakerz_pipeline.py
[2026-05-10T15:32:51.180+0000] {processor.py:830} INFO - Processing file /opt/airflow/dags/sneakerz_pipeline.py for tasks to queue
[2026-05-10T15:32:51.183+0000] {logging_mixin.py:188} INFO - [2026-05-10T15:32:51.182+0000] {dagbag.py:540} INFO - Filling up the DagBag from /opt/airflow/dags/sneakerz_pipeline.py
[2026-05-10T15:32:51.216+0000] {processor.py:840} INFO - DAG(s) 'sneakerz_pipeline' retrieved from /opt/airflow/dags/sneakerz_pipeline.py
[2026-05-10T15:32:51.261+0000] {logging_mixin.py:188} INFO - [2026-05-10T15:32:51.261+0000] {dag.py:3096} INFO - Sync 1 DAGs
[2026-05-10T15:32:51.295+0000] {logging_mixin.py:188} INFO - [2026-05-10T15:32:51.294+0000] {dag.py:3954} INFO - Setting next_dagrun for sneakerz_pipeline to 2026-05-10 15:00:00+00:00, run_after=2026-05-10 16:00:00+00:00
[2026-05-10T15:32:51.327+0000] {processor.py:183} INFO - Processing /opt/airflow/dags/sneakerz_pipeline.py took 0.156 seconds
[2026-05-10T15:33:21.395+0000] {processor.py:161} INFO - Started process (PID=326) to work on /opt/airflow/dags/sneakerz_pipeline.py
[2026-05-10T15:33:21.397+0000] {processor.py:830} INFO - Processing file /opt/airflow/dags/sneakerz_pipeline.py for tasks to queue
[2026-05-10T15:33:21.401+0000] {logging_mixin.py:188} INFO - [2026-05-10T15:33:21.400+0000] {dagbag.py:540} INFO - Filling up the DagBag from /opt/airflow/dags/sneakerz_pipeline.py
[2026-05-10T15:33:21.439+0000] {processor.py:840} INFO - DAG(s) 'sneakerz_pipeline' retrieved from /opt/airflow/dags/sneakerz_pipeline.py
[2026-05-10T15:33:21.494+0000] {logging_mixin.py:188} INFO - [2026-05-10T15:33:21.493+0000] {dag.py:3096} INFO - Sync 1 DAGs
[2026-05-10T15:33:21.534+0000] {logging_mixin.py:188} INFO - [2026-05-10T15:33:21.534+0000] {dag.py:3954} INFO - Setting next_dagrun for sneakerz_pipeline to 2026-05-10 15:00:00+00:00, run_after=2026-05-10 16:00:00+00:00
[2026-05-10T15:33:21.569+0000] {processor.py:183} INFO - Processing /opt/airflow/dags/sneakerz_pipeline.py took 0.181 seconds
[2026-05-10T15:33:51.858+0000] {processor.py:161} INFO - Started process (PID=331) to work on /opt/airflow/dags/sneakerz_pipeline.py
[2026-05-10T15:33:51.860+0000] {processor.py:830} INFO - Processing file /opt/airflow/dags/sneakerz_pipeline.py for tasks to queue
[2026-05-10T15:33:51.865+0000] {logging_mixin.py:188} INFO - [2026-05-10T15:33:51.864+0000] {dagbag.py:540} INFO - Filling up the DagBag from /opt/airflow/dags/sneakerz_pipeline.py
[2026-05-10T15:33:51.917+0000] {processor.py:840} INFO - DAG(s) 'sneakerz_pipeline' retrieved from /opt/airflow/dags/sneakerz_pipeline.py
[2026-05-10T15:33:52.017+0000] {logging_mixin.py:188} INFO - [2026-05-10T15:33:52.017+0000] {dag.py:3096} INFO - Sync 1 DAGs
[2026-05-10T15:33:52.081+0000] {logging_mixin.py:188} INFO - [2026-05-10T15:33:52.081+0000] {dag.py:3954} INFO - Setting next_dagrun for sneakerz_pipeline to 2026-05-10 15:00:00+00:00, run_after=2026-05-10 16:00:00+00:00
[2026-05-10T15:33:52.129+0000] {processor.py:183} INFO - Processing /opt/airflow/dags/sneakerz_pipeline.py took 0.288 seconds
[2026-05-10T15:34:22.393+0000] {processor.py:161} INFO - Started process (PID=336) to work on /opt/airflow/dags/sneakerz_pipeline.py
[2026-05-10T15:34:22.395+0000] {processor.py:830} INFO - Processing file /opt/airflow/dags/sneakerz_pipeline.py for tasks to queue
[2026-05-10T15:34:22.398+0000] {logging_mixin.py:188} INFO - [2026-05-10T15:34:22.397+0000] {dagbag.py:540} INFO - Filling up the DagBag from /opt/airflow/dags/sneakerz_pipeline.py
[2026-05-10T15:34:22.429+0000] {processor.py:840} INFO - DAG(s) 'sneakerz_pipeline' retrieved from /opt/airflow/dags/sneakerz_pipeline.py
[2026-05-10T15:34:22.482+0000] {logging_mixin.py:188} INFO - [2026-05-10T15:34:22.482+0000] {dag.py:3096} INFO - Sync 1 DAGs
[2026-05-10T15:34:22.522+0000] {logging_mixin.py:188} INFO - [2026-05-10T15:34:22.522+0000] {dag.py:3954} INFO - Setting next_dagrun for sneakerz_pipeline to 2026-05-10 15:00:00+00:00, run_after=2026-05-10 16:00:00+00:00
[2026-05-10T15:34:22.557+0000] {processor.py:183} INFO - Processing /opt/airflow/dags/sneakerz_pipeline.py took 0.172 seconds
[2026-05-10T15:34:52.826+0000] {processor.py:161} INFO - Started process (PID=341) to work on /opt/airflow/dags/sneakerz_pipeline.py
[2026-05-10T15:34:52.828+0000] {processor.py:830} INFO - Processing file /opt/airflow/dags/sneakerz_pipeline.py for tasks to queue
[2026-05-10T15:34:52.832+0000] {logging_mixin.py:188} INFO - [2026-05-10T15:34:52.831+0000] {dagbag.py:540} INFO - Filling up the DagBag from /opt/airflow/dags/sneakerz_pipeline.py
[2026-05-10T15:34:52.868+0000] {processor.py:840} INFO - DAG(s) 'sneakerz_pipeline' retrieved from /opt/airflow/dags/sneakerz_pipeline.py
[2026-05-10T15:34:52.922+0000] {logging_mixin.py:188} INFO - [2026-05-10T15:34:52.921+0000] {dag.py:3096} INFO - Sync 1 DAGs
[2026-05-10T15:34:52.963+0000] {logging_mixin.py:188} INFO - [2026-05-10T15:34:52.963+0000] {dag.py:3954} INFO - Setting next_dagrun for sneakerz_pipeline to 2026-05-10 15:00:00+00:00, run_after=2026-05-10 16:00:00+00:00
[2026-05-10T15:34:52.997+0000] {processor.py:183} INFO - Processing /opt/airflow/dags/sneakerz_pipeline.py took 0.180 seconds
[2026-05-10T15:35:23.251+0000] {processor.py:161} INFO - Started process (PID=346) to work on /opt/airflow/dags/sneakerz_pipeline.py
[2026-05-10T15:35:23.253+0000] {processor.py:830} INFO - Processing file /opt/airflow/dags/sneakerz_pipeline.py for tasks to queue
[2026-05-10T15:35:23.256+0000] {logging_mixin.py:188} INFO - [2026-05-10T15:35:23.255+0000] {dagbag.py:540} INFO - Filling up the DagBag from /opt/airflow/dags/sneakerz_pipeline.py
[2026-05-10T15:35:23.293+0000] {processor.py:840} INFO - DAG(s) 'sneakerz_pipeline' retrieved from /opt/airflow/dags/sneakerz_pipeline.py
[2026-05-10T15:35:23.342+0000] {logging_mixin.py:188} INFO - [2026-05-10T15:35:23.342+0000] {dag.py:3096} INFO - Sync 1 DAGs
[2026-05-10T15:35:23.378+0000] {logging_mixin.py:188} INFO - [2026-05-10T15:35:23.377+0000] {dag.py:3954} INFO - Setting next_dagrun for sneakerz_pipeline to 2026-05-10 15:00:00+00:00, run_after=2026-05-10 16:00:00+00:00
[2026-05-10T15:35:23.414+0000] {processor.py:183} INFO - Processing /opt/airflow/dags/sneakerz_pipeline.py took 0.174 seconds
[2026-05-10T15:35:53.667+0000] {processor.py:161} INFO - Started process (PID=351) to work on /opt/airflow/dags/sneakerz_pipeline.py
[2026-05-10T15:35:53.669+0000] {processor.py:830} INFO - Processing file /opt/airflow/dags/sneakerz_pipeline.py for tasks to queue
[2026-05-10T15:35:53.675+0000] {logging_mixin.py:188} INFO - [2026-05-10T15:35:53.674+0000] {dagbag.py:540} INFO - Filling up the DagBag from /opt/airflow/dags/sneakerz_pipeline.py
[2026-05-10T15:35:53.715+0000] {processor.py:840} INFO - DAG(s) 'sneakerz_pipeline' retrieved from /opt/airflow/dags/sneakerz_pipeline.py
[2026-05-10T15:35:53.771+0000] {logging_mixin.py:188} INFO - [2026-05-10T15:35:53.770+0000] {dag.py:3096} INFO - Sync 1 DAGs
[2026-05-10T15:35:53.816+0000] {logging_mixin.py:188} INFO - [2026-05-10T15:35:53.816+0000] {dag.py:3954} INFO - Setting next_dagrun for sneakerz_pipeline to 2026-05-10 15:00:00+00:00, run_after=2026-05-10 16:00:00+00:00
[2026-05-10T15:35:53.851+0000] {processor.py:183} INFO - Processing /opt/airflow/dags/sneakerz_pipeline.py took 0.195 seconds
[2026-05-10T15:36:23.963+0000] {processor.py:161} INFO - Started process (PID=356) to work on /opt/airflow/dags/sneakerz_pipeline.py
[2026-05-10T15:36:23.965+0000] {processor.py:830} INFO - Processing file /opt/airflow/dags/sneakerz_pipeline.py for tasks to queue
[2026-05-10T15:36:23.970+0000] {logging_mixin.py:188} INFO - [2026-05-10T15:36:23.969+0000] {dagbag.py:540} INFO - Filling up the DagBag from /opt/airflow/dags/sneakerz_pipeline.py
[2026-05-10T15:36:24.007+0000] {processor.py:840} INFO - DAG(s) 'sneakerz_pipeline' retrieved from /opt/airflow/dags/sneakerz_pipeline.py
[2026-05-10T15:36:24.059+0000] {logging_mixin.py:188} INFO - [2026-05-10T15:36:24.058+0000] {dag.py:3096} INFO - Sync 1 DAGs
[2026-05-10T15:36:24.098+0000] {logging_mixin.py:188} INFO - [2026-05-10T15:36:24.098+0000] {dag.py:3954} INFO - Setting next_dagrun for sneakerz_pipeline to 2026-05-10 15:00:00+00:00, run_after=2026-05-10 16:00:00+00:00
[2026-05-10T15:36:24.135+0000] {processor.py:183} INFO - Processing /opt/airflow/dags/sneakerz_pipeline.py took 0.182 seconds
[2026-05-10T15:36:54.322+0000] {processor.py:161} INFO - Started process (PID=361) to work on /opt/airflow/dags/sneakerz_pipeline.py
[2026-05-10T15:36:54.324+0000] {processor.py:830} INFO - Processing file /opt/airflow/dags/sneakerz_pipeline.py for tasks to queue
[2026-05-10T15:36:54.328+0000] {logging_mixin.py:188} INFO - [2026-05-10T15:36:54.327+0000] {dagbag.py:540} INFO - Filling up the DagBag from /opt/airflow/dags/sneakerz_pipeline.py
[2026-05-10T15:36:54.365+0000] {processor.py:840} INFO - DAG(s) 'sneakerz_pipeline' retrieved from /opt/airflow/dags/sneakerz_pipeline.py
[2026-05-10T15:36:54.413+0000] {logging_mixin.py:188} INFO - [2026-05-10T15:36:54.413+0000] {dag.py:3096} INFO - Sync 1 DAGs
[2026-05-10T15:36:54.448+0000] {logging_mixin.py:188} INFO - [2026-05-10T15:36:54.447+0000] {dag.py:3954} INFO - Setting next_dagrun for sneakerz_pipeline to 2026-05-10 15:00:00+00:00, run_after=2026-05-10 16:00:00+00:00
[2026-05-10T15:36:54.481+0000] {processor.py:183} INFO - Processing /opt/airflow/dags/sneakerz_pipeline.py took 0.167 seconds
[2026-05-10T15:37:24.577+0000] {processor.py:161} INFO - Started process (PID=366) to work on /opt/airflow/dags/sneakerz_pipeline.py
[2026-05-10T15:37:24.579+0000] {processor.py:830} INFO - Processing file /opt/airflow/dags/sneakerz_pipeline.py for tasks to queue
[2026-05-10T15:37:24.584+0000] {logging_mixin.py:188} INFO - [2026-05-10T15:37:24.583+0000] {dagbag.py:540} INFO - Filling up the DagBag from /opt/airflow/dags/sneakerz_pipeline.py
[2026-05-10T15:37:24.615+0000] {processor.py:840} INFO - DAG(s) 'sneakerz_pipeline' retrieved from /opt/airflow/dags/sneakerz_pipeline.py
[2026-05-10T15:37:24.660+0000] {logging_mixin.py:188} INFO - [2026-05-10T15:37:24.659+0000] {dag.py:3096} INFO - Sync 1 DAGs
[2026-05-10T15:37:24.692+0000] {logging_mixin.py:188} INFO - [2026-05-10T15:37:24.692+0000] {dag.py:3954} INFO - Setting next_dagrun for sneakerz_pipeline to 2026-05-10 15:00:00+00:00, run_after=2026-05-10 16:00:00+00:00
[2026-05-10T15:37:24.724+0000] {processor.py:183} INFO - Processing /opt/airflow/dags/sneakerz_pipeline.py took 0.156 seconds
[2026-05-10T15:37:54.927+0000] {processor.py:161} INFO - Started process (PID=371) to work on /opt/airflow/dags/sneakerz_pipeline.py
[2026-05-10T15:37:54.928+0000] {processor.py:830} INFO - Processing file /opt/airflow/dags/sneakerz_pipeline.py for tasks to queue
[2026-05-10T15:37:54.931+0000] {logging_mixin.py:188} INFO - [2026-05-10T15:37:54.930+0000] {dagbag.py:540} INFO - Filling up the DagBag from /opt/airflow/dags/sneakerz_pipeline.py
[2026-05-10T15:37:54.966+0000] {processor.py:840} INFO - DAG(s) 'sneakerz_pipeline' retrieved from /opt/airflow/dags/sneakerz_pipeline.py
[2026-05-10T15:37:55.013+0000] {logging_mixin.py:188} INFO - [2026-05-10T15:37:55.013+0000] {dag.py:3096} INFO - Sync 1 DAGs
[2026-05-10T15:37:55.049+0000] {logging_mixin.py:188} INFO - [2026-05-10T15:37:55.048+0000] {dag.py:3954} INFO - Setting next_dagrun for sneakerz_pipeline to 2026-05-10 15:00:00+00:00, run_after=2026-05-10 16:00:00+00:00
[2026-05-10T15:37:55.084+0000] {processor.py:183} INFO - Processing /opt/airflow/dags/sneakerz_pipeline.py took 0.165 seconds
[2026-05-10T15:38:25.186+0000] {processor.py:161} INFO - Started process (PID=376) to work on /opt/airflow/dags/sneakerz_pipeline.py
[2026-05-10T15:38:25.188+0000] {processor.py:830} INFO - Processing file /opt/airflow/dags/sneakerz_pipeline.py for tasks to queue
[2026-05-10T15:38:25.192+0000] {logging_mixin.py:188} INFO - [2026-05-10T15:38:25.190+0000] {dagbag.py:540} INFO - Filling up the DagBag from /opt/airflow/dags/sneakerz_pipeline.py
[2026-05-10T15:38:25.229+0000] {processor.py:840} INFO - DAG(s) 'sneakerz_pipeline' retrieved from /opt/airflow/dags/sneakerz_pipeline.py
[2026-05-10T15:38:25.282+0000] {logging_mixin.py:188} INFO - [2026-05-10T15:38:25.282+0000] {dag.py:3096} INFO - Sync 1 DAGs
[2026-05-10T15:38:25.317+0000] {logging_mixin.py:188} INFO - [2026-05-10T15:38:25.316+0000] {dag.py:3954} INFO - Setting next_dagrun for sneakerz_pipeline to 2026-05-10 15:00:00+00:00, run_after=2026-05-10 16:00:00+00:00
[2026-05-10T15:38:25.348+0000] {processor.py:183} INFO - Processing /opt/airflow/dags/sneakerz_pipeline.py took 0.173 seconds
[2026-05-10T15:38:55.522+0000] {processor.py:161} INFO - Started process (PID=381) to work on /opt/airflow/dags/sneakerz_pipeline.py
[2026-05-10T15:38:55.524+0000] {processor.py:830} INFO - Processing file /opt/airflow/dags/sneakerz_pipeline.py for tasks to queue
[2026-05-10T15:38:55.528+0000] {logging_mixin.py:188} INFO - [2026-05-10T15:38:55.527+0000] {dagbag.py:540} INFO - Filling up the DagBag from /opt/airflow/dags/sneakerz_pipeline.py
[2026-05-10T15:38:55.563+0000] {processor.py:840} INFO - DAG(s) 'sneakerz_pipeline' retrieved from /opt/airflow/dags/sneakerz_pipeline.py
[2026-05-10T15:38:55.611+0000] {logging_mixin.py:188} INFO - [2026-05-10T15:38:55.610+0000] {dag.py:3096} INFO - Sync 1 DAGs
[2026-05-10T15:38:55.644+0000] {logging_mixin.py:188} INFO - [2026-05-10T15:38:55.644+0000] {dag.py:3954} INFO - Setting next_dagrun for sneakerz_pipeline to 2026-05-10 15:00:00+00:00, run_after=2026-05-10 16:00:00+00:00
[2026-05-10T15:38:55.674+0000] {processor.py:183} INFO - Processing /opt/airflow/dags/sneakerz_pipeline.py took 0.160 seconds
[2026-05-10T15:39:25.764+0000] {processor.py:161} INFO - Started process (PID=386) to work on /opt/airflow/dags/sneakerz_pipeline.py
[2026-05-10T15:39:25.766+0000] {processor.py:830} INFO - Processing file /opt/airflow/dags/sneakerz_pipeline.py for tasks to queue
[2026-05-10T15:39:25.770+0000] {logging_mixin.py:188} INFO - [2026-05-10T15:39:25.769+0000] {dagbag.py:540} INFO - Filling up the DagBag from /opt/airflow/dags/sneakerz_pipeline.py
[2026-05-10T15:39:25.814+0000] {processor.py:840} INFO - DAG(s) 'sneakerz_pipeline' retrieved from /opt/airflow/dags/sneakerz_pipeline.py
[2026-05-10T15:39:25.864+0000] {logging_mixin.py:188} INFO - [2026-05-10T15:39:25.863+0000] {dag.py:3096} INFO - Sync 1 DAGs
[2026-05-10T15:39:25.895+0000] {logging_mixin.py:188} INFO - [2026-05-10T15:39:25.895+0000] {dag.py:3954} INFO - Setting next_dagrun for sneakerz_pipeline to 2026-05-10 15:00:00+00:00, run_after=2026-05-10 16:00:00+00:00
[2026-05-10T15:39:25.924+0000] {processor.py:183} INFO - Processing /opt/airflow/dags/sneakerz_pipeline.py took 0.169 seconds
[2026-05-10T15:39:56.138+0000] {processor.py:161} INFO - Started process (PID=391) to work on /opt/airflow/dags/sneakerz_pipeline.py
[2026-05-10T15:39:56.140+0000] {processor.py:830} INFO - Processing file /opt/airflow/dags/sneakerz_pipeline.py for tasks to queue
[2026-05-10T15:39:56.143+0000] {logging_mixin.py:188} INFO - [2026-05-10T15:39:56.142+0000] {dagbag.py:540} INFO - Filling up the DagBag from /opt/airflow/dags/sneakerz_pipeline.py
[2026-05-10T15:39:56.226+0000] {processor.py:840} INFO - DAG(s) 'sneakerz_pipeline' retrieved from /opt/airflow/dags/sneakerz_pipeline.py
[2026-05-10T15:39:56.313+0000] {logging_mixin.py:188} INFO - [2026-05-10T15:39:56.312+0000] {dag.py:3096} INFO - Sync 1 DAGs
[2026-05-10T15:39:56.362+0000] {logging_mixin.py:188} INFO - [2026-05-10T15:39:56.361+0000] {dag.py:3954} INFO - Setting next_dagrun for sneakerz_pipeline to 2026-05-10 15:00:00+00:00, run_after=2026-05-10 16:00:00+00:00
[2026-05-10T15:39:56.421+0000] {processor.py:183} INFO - Processing /opt/airflow/dags/sneakerz_pipeline.py took 0.293 seconds
[2026-05-10T15:40:26.692+0000] {processor.py:161} INFO - Started process (PID=396) to work on /opt/airflow/dags/sneakerz_pipeline.py
[2026-05-10T15:40:26.694+0000] {processor.py:830} INFO - Processing file /opt/airflow/dags/sneakerz_pipeline.py for tasks to queue
[2026-05-10T15:40:26.697+0000] {logging_mixin.py:188} INFO - [2026-05-10T15:40:26.697+0000] {dagbag.py:540} INFO - Filling up the DagBag from /opt/airflow/dags/sneakerz_pipeline.py
[2026-05-10T15:40:26.731+0000] {processor.py:840} INFO - DAG(s) 'sneakerz_pipeline' retrieved from /opt/airflow/dags/sneakerz_pipeline.py
[2026-05-10T15:40:26.784+0000] {logging_mixin.py:188} INFO - [2026-05-10T15:40:26.783+0000] {dag.py:3096} INFO - Sync 1 DAGs
[2026-05-10T15:40:26.827+0000] {logging_mixin.py:188} INFO - [2026-05-10T15:40:26.826+0000] {dag.py:3954} INFO - Setting next_dagrun for sneakerz_pipeline to 2026-05-10 15:00:00+00:00, run_after=2026-05-10 16:00:00+00:00
[2026-05-10T15:40:26.869+0000] {processor.py:183} INFO - Processing /opt/airflow/dags/sneakerz_pipeline.py took 0.187 seconds
[2026-05-10T15:40:57.150+0000] {processor.py:161} INFO - Started process (PID=401) to work on /opt/airflow/dags/sneakerz_pipeline.py
[2026-05-10T15:40:57.152+0000] {processor.py:830} INFO - Processing file /opt/airflow/dags/sneakerz_pipeline.py for tasks to queue
[2026-05-10T15:40:57.155+0000] {logging_mixin.py:188} INFO - [2026-05-10T15:40:57.154+0000] {dagbag.py:540} INFO - Filling up the DagBag from /opt/airflow/dags/sneakerz_pipeline.py
[2026-05-10T15:40:57.195+0000] {processor.py:840} INFO - DAG(s) 'sneakerz_pipeline' retrieved from /opt/airflow/dags/sneakerz_pipeline.py
[2026-05-10T15:40:57.256+0000] {logging_mixin.py:188} INFO - [2026-05-10T15:40:57.256+0000] {dag.py:3096} INFO - Sync 1 DAGs
[2026-05-10T15:40:57.299+0000] {logging_mixin.py:188} INFO - [2026-05-10T15:40:57.298+0000] {dag.py:3954} INFO - Setting next_dagrun for sneakerz_pipeline to 2026-05-10 15:00:00+00:00, run_after=2026-05-10 16:00:00+00:00
[2026-05-10T15:40:57.340+0000] {processor.py:183} INFO - Processing /opt/airflow/dags/sneakerz_pipeline.py took 0.203 seconds
[2026-05-10T15:41:27.433+0000] {processor.py:161} INFO - Started process (PID=406) to work on /opt/airflow/dags/sneakerz_pipeline.py
[2026-05-10T15:41:27.435+0000] {processor.py:830} INFO - Processing file /opt/airflow/dags/sneakerz_pipeline.py for tasks to queue
[2026-05-10T15:41:27.438+0000] {logging_mixin.py:188} INFO - [2026-05-10T15:41:27.438+0000] {dagbag.py:540} INFO - Filling up the DagBag from /opt/airflow/dags/sneakerz_pipeline.py
[2026-05-10T15:41:27.475+0000] {processor.py:840} INFO - DAG(s) 'sneakerz_pipeline' retrieved from /opt/airflow/dags/sneakerz_pipeline.py
[2026-05-10T15:41:27.522+0000] {logging_mixin.py:188} INFO - [2026-05-10T15:41:27.521+0000] {dag.py:3096} INFO - Sync 1 DAGs
[2026-05-10T15:41:27.555+0000] {logging_mixin.py:188} INFO - [2026-05-10T15:41:27.555+0000] {dag.py:3954} INFO - Setting next_dagrun for sneakerz_pipeline to 2026-05-10 15:00:00+00:00, run_after=2026-05-10 16:00:00+00:00
[2026-05-10T15:41:27.585+0000] {processor.py:183} INFO - Processing /opt/airflow/dags/sneakerz_pipeline.py took 0.160 seconds
[2026-05-10T15:41:57.767+0000] {processor.py:161} INFO - Started process (PID=411) to work on /opt/airflow/dags/sneakerz_pipeline.py
[2026-05-10T15:41:57.769+0000] {processor.py:830} INFO - Processing file /opt/airflow/dags/sneakerz_pipeline.py for tasks to queue
[2026-05-10T15:41:57.772+0000] {logging_mixin.py:188} INFO - [2026-05-10T15:41:57.772+0000] {dagbag.py:540} INFO - Filling up the DagBag from /opt/airflow/dags/sneakerz_pipeline.py
[2026-05-10T15:41:57.809+0000] {processor.py:840} INFO - DAG(s) 'sneakerz_pipeline' retrieved from /opt/airflow/dags/sneakerz_pipeline.py
[2026-05-10T15:41:57.859+0000] {logging_mixin.py:188} INFO - [2026-05-10T15:41:57.859+0000] {dag.py:3096} INFO - Sync 1 DAGs
[2026-05-10T15:41:57.890+0000] {logging_mixin.py:188} INFO - [2026-05-10T15:41:57.890+0000] {dag.py:3954} INFO - Setting next_dagrun for sneakerz_pipeline to 2026-05-10 15:00:00+00:00, run_after=2026-05-10 16:00:00+00:00
[2026-05-10T15:41:57.924+0000] {processor.py:183} INFO - Processing /opt/airflow/dags/sneakerz_pipeline.py took 0.166 seconds
[2026-05-10T15:42:28.049+0000] {processor.py:161} INFO - Started process (PID=416) to work on /opt/airflow/dags/sneakerz_pipeline.py
[2026-05-10T15:42:28.050+0000] {processor.py:830} INFO - Processing file /opt/airflow/dags/sneakerz_pipeline.py for tasks to queue
[2026-05-10T15:42:28.054+0000] {logging_mixin.py:188} INFO - [2026-05-10T15:42:28.053+0000] {dagbag.py:540} INFO - Filling up the DagBag from /opt/airflow/dags/sneakerz_pipeline.py
[2026-05-10T15:42:28.089+0000] {processor.py:840} INFO - DAG(s) 'sneakerz_pipeline' retrieved from /opt/airflow/dags/sneakerz_pipeline.py
[2026-05-10T15:42:28.136+0000] {logging_mixin.py:188} INFO - [2026-05-10T15:42:28.135+0000] {dag.py:3096} INFO - Sync 1 DAGs
[2026-05-10T15:42:28.169+0000] {logging_mixin.py:188} INFO - [2026-05-10T15:42:28.169+0000] {dag.py:3954} INFO - Setting next_dagrun for sneakerz_pipeline to 2026-05-10 15:00:00+00:00, run_after=2026-05-10 16:00:00+00:00
[2026-05-10T15:42:28.197+0000] {processor.py:183} INFO - Processing /opt/airflow/dags/sneakerz_pipeline.py took 0.159 seconds
[2026-05-10T15:42:58.353+0000] {processor.py:161} INFO - Started process (PID=421) to work on /opt/airflow/dags/sneakerz_pipeline.py
[2026-05-10T15:42:58.355+0000] {processor.py:830} INFO - Processing file /opt/airflow/dags/sneakerz_pipeline.py for tasks to queue
[2026-05-10T15:42:58.358+0000] {logging_mixin.py:188} INFO - [2026-05-10T15:42:58.357+0000] {dagbag.py:540} INFO - Filling up the DagBag from /opt/airflow/dags/sneakerz_pipeline.py
[2026-05-10T15:42:58.393+0000] {processor.py:840} INFO - DAG(s) 'sneakerz_pipeline' retrieved from /opt/airflow/dags/sneakerz_pipeline.py
[2026-05-10T15:42:58.441+0000] {logging_mixin.py:188} INFO - [2026-05-10T15:42:58.441+0000] {dag.py:3096} INFO - Sync 1 DAGs
[2026-05-10T15:42:58.477+0000] {logging_mixin.py:188} INFO - [2026-05-10T15:42:58.477+0000] {dag.py:3954} INFO - Setting next_dagrun for sneakerz_pipeline to 2026-05-10 15:00:00+00:00, run_after=2026-05-10 16:00:00+00:00
[2026-05-10T15:42:58.512+0000] {processor.py:183} INFO - Processing /opt/airflow/dags/sneakerz_pipeline.py took 0.168 seconds
[2026-05-10T15:43:28.629+0000] {processor.py:161} INFO - Started process (PID=426) to work on /opt/airflow/dags/sneakerz_pipeline.py
[2026-05-10T15:43:28.631+0000] {processor.py:830} INFO - Processing file /opt/airflow/dags/sneakerz_pipeline.py for tasks to queue
[2026-05-10T15:43:28.634+0000] {logging_mixin.py:188} INFO - [2026-05-10T15:43:28.633+0000] {dagbag.py:540} INFO - Filling up the DagBag from /opt/airflow/dags/sneakerz_pipeline.py
[2026-05-10T15:43:28.667+0000] {processor.py:840} INFO - DAG(s) 'sneakerz_pipeline' retrieved from /opt/airflow/dags/sneakerz_pipeline.py
[2026-05-10T15:43:28.712+0000] {logging_mixin.py:188} INFO - [2026-05-10T15:43:28.712+0000] {dag.py:3096} INFO - Sync 1 DAGs
[2026-05-10T15:43:28.744+0000] {logging_mixin.py:188} INFO - [2026-05-10T15:43:28.744+0000] {dag.py:3954} INFO - Setting next_dagrun for sneakerz_pipeline to 2026-05-10 15:00:00+00:00, run_after=2026-05-10 16:00:00+00:00
[2026-05-10T15:43:28.777+0000] {processor.py:183} INFO - Processing /opt/airflow/dags/sneakerz_pipeline.py took 0.158 seconds
[2026-05-10T15:43:58.994+0000] {processor.py:161} INFO - Started process (PID=431) to work on /opt/airflow/dags/sneakerz_pipeline.py
[2026-05-10T15:43:58.997+0000] {processor.py:830} INFO - Processing file /opt/airflow/dags/sneakerz_pipeline.py for tasks to queue
[2026-05-10T15:43:59.001+0000] {logging_mixin.py:188} INFO - [2026-05-10T15:43:59.000+0000] {dagbag.py:540} INFO - Filling up the DagBag from /opt/airflow/dags/sneakerz_pipeline.py
[2026-05-10T15:43:59.047+0000] {processor.py:840} INFO - DAG(s) 'sneakerz_pipeline' retrieved from /opt/airflow/dags/sneakerz_pipeline.py
[2026-05-10T15:43:59.104+0000] {logging_mixin.py:188} INFO - [2026-05-10T15:43:59.104+0000] {dag.py:3096} INFO - Sync 1 DAGs
[2026-05-10T15:43:59.148+0000] {logging_mixin.py:188} INFO - [2026-05-10T15:43:59.148+0000] {dag.py:3954} INFO - Setting next_dagrun for sneakerz_pipeline to 2026-05-10 15:00:00+00:00, run_after=2026-05-10 16:00:00+00:00
[2026-05-10T15:43:59.190+0000] {processor.py:183} INFO - Processing /opt/airflow/dags/sneakerz_pipeline.py took 0.209 seconds
[2026-05-10T15:44:29.430+0000] {processor.py:161} INFO - Started process (PID=436) to work on /opt/airflow/dags/sneakerz_pipeline.py
[2026-05-10T15:44:29.432+0000] {processor.py:830} INFO - Processing file /opt/airflow/dags/sneakerz_pipeline.py for tasks to queue
[2026-05-10T15:44:29.435+0000] {logging_mixin.py:188} INFO - [2026-05-10T15:44:29.435+0000] {dagbag.py:540} INFO - Filling up the DagBag from /opt/airflow/dags/sneakerz_pipeline.py
[2026-05-10T15:44:29.467+0000] {processor.py:840} INFO - DAG(s) 'sneakerz_pipeline' retrieved from /opt/airflow/dags/sneakerz_pipeline.py
[2026-05-10T15:44:29.512+0000] {logging_mixin.py:188} INFO - [2026-05-10T15:44:29.512+0000] {dag.py:3096} INFO - Sync 1 DAGs
[2026-05-10T15:44:29.544+0000] {logging_mixin.py:188} INFO - [2026-05-10T15:44:29.543+0000] {dag.py:3954} INFO - Setting next_dagrun for sneakerz_pipeline to 2026-05-10 15:00:00+00:00, run_after=2026-05-10 16:00:00+00:00
[2026-05-10T15:44:29.575+0000] {processor.py:183} INFO - Processing /opt/airflow/dags/sneakerz_pipeline.py took 0.153 seconds
[2026-05-10T15:44:59.811+0000] {processor.py:161} INFO - Started process (PID=441) to work on /opt/airflow/dags/sneakerz_pipeline.py
[2026-05-10T15:44:59.813+0000] {processor.py:830} INFO - Processing file /opt/airflow/dags/sneakerz_pipeline.py for tasks to queue
[2026-05-10T15:44:59.817+0000] {logging_mixin.py:188} INFO - [2026-05-10T15:44:59.816+0000] {dagbag.py:540} INFO - Filling up the DagBag from /opt/airflow/dags/sneakerz_pipeline.py
[2026-05-10T15:44:59.855+0000] {processor.py:840} INFO - DAG(s) 'sneakerz_pipeline' retrieved from /opt/airflow/dags/sneakerz_pipeline.py
[2026-05-10T15:44:59.904+0000] {logging_mixin.py:188} INFO - [2026-05-10T15:44:59.903+0000] {dag.py:3096} INFO - Sync 1 DAGs
[2026-05-10T15:44:59.941+0000] {logging_mixin.py:188} INFO - [2026-05-10T15:44:59.941+0000] {dag.py:3954} INFO - Setting next_dagrun for sneakerz_pipeline to 2026-05-10 15:00:00+00:00, run_after=2026-05-10 16:00:00+00:00
[2026-05-10T15:44:59.975+0000] {processor.py:183} INFO - Processing /opt/airflow/dags/sneakerz_pipeline.py took 0.172 seconds
[2026-05-10T15:45:30.238+0000] {processor.py:161} INFO - Started process (PID=446) to work on /opt/airflow/dags/sneakerz_pipeline.py
[2026-05-10T15:45:30.240+0000] {processor.py:830} INFO - Processing file /opt/airflow/dags/sneakerz_pipeline.py for tasks to queue
[2026-05-10T15:45:30.243+0000] {logging_mixin.py:188} INFO - [2026-05-10T15:45:30.243+0000] {dagbag.py:540} INFO - Filling up the DagBag from /opt/airflow/dags/sneakerz_pipeline.py
[2026-05-10T15:45:30.277+0000] {processor.py:840} INFO - DAG(s) 'sneakerz_pipeline' retrieved from /opt/airflow/dags/sneakerz_pipeline.py
[2026-05-10T15:45:30.324+0000] {logging_mixin.py:188} INFO - [2026-05-10T15:45:30.323+0000] {dag.py:3096} INFO - Sync 1 DAGs
[2026-05-10T15:45:30.356+0000] {logging_mixin.py:188} INFO - [2026-05-10T15:45:30.356+0000] {dag.py:3954} INFO - Setting next_dagrun for sneakerz_pipeline to 2026-05-10 15:00:00+00:00, run_after=2026-05-10 16:00:00+00:00
[2026-05-10T15:45:30.385+0000] {processor.py:183} INFO - Processing /opt/airflow/dags/sneakerz_pipeline.py took 0.157 seconds
[2026-05-10T15:46:00.618+0000] {processor.py:161} INFO - Started process (PID=451) to work on /opt/airflow/dags/sneakerz_pipeline.py
[2026-05-10T15:46:00.620+0000] {processor.py:830} INFO - Processing file /opt/airflow/dags/sneakerz_pipeline.py for tasks to queue
[2026-05-10T15:46:00.623+0000] {logging_mixin.py:188} INFO - [2026-05-10T15:46:00.623+0000] {dagbag.py:540} INFO - Filling up the DagBag from /opt/airflow/dags/sneakerz_pipeline.py
[2026-05-10T15:46:00.660+0000] {processor.py:840} INFO - DAG(s) 'sneakerz_pipeline' retrieved from /opt/airflow/dags/sneakerz_pipeline.py
[2026-05-10T15:46:00.712+0000] {logging_mixin.py:188} INFO - [2026-05-10T15:46:00.711+0000] {dag.py:3096} INFO - Sync 1 DAGs
[2026-05-10T15:46:00.747+0000] {logging_mixin.py:188} INFO - [2026-05-10T15:46:00.747+0000] {dag.py:3954} INFO - Setting next_dagrun for sneakerz_pipeline to 2026-05-10 15:00:00+00:00, run_after=2026-05-10 16:00:00+00:00
[2026-05-10T15:46:00.779+0000] {processor.py:183} INFO - Processing /opt/airflow/dags/sneakerz_pipeline.py took 0.170 seconds
[2026-05-10T15:46:30.892+0000] {processor.py:161} INFO - Started process (PID=456) to work on /opt/airflow/dags/sneakerz_pipeline.py
[2026-05-10T15:46:30.894+0000] {processor.py:830} INFO - Processing file /opt/airflow/dags/sneakerz_pipeline.py for tasks to queue
[2026-05-10T15:46:30.898+0000] {logging_mixin.py:188} INFO - [2026-05-10T15:46:30.898+0000] {dagbag.py:540} INFO - Filling up the DagBag from /opt/airflow/dags/sneakerz_pipeline.py
[2026-05-10T15:46:30.944+0000] {processor.py:840} INFO - DAG(s) 'sneakerz_pipeline' retrieved from /opt/airflow/dags/sneakerz_pipeline.py
[2026-05-10T15:46:31.005+0000] {logging_mixin.py:188} INFO - [2026-05-10T15:46:31.005+0000] {dag.py:3096} INFO - Sync 1 DAGs
[2026-05-10T15:46:31.051+0000] {logging_mixin.py:188} INFO - [2026-05-10T15:46:31.050+0000] {dag.py:3954} INFO - Setting next_dagrun for sneakerz_pipeline to 2026-05-10 15:00:00+00:00, run_after=2026-05-10 16:00:00+00:00
[2026-05-10T15:46:31.092+0000] {processor.py:183} INFO - Processing /opt/airflow/dags/sneakerz_pipeline.py took 0.212 seconds
[2026-05-10T15:47:01.265+0000] {processor.py:161} INFO - Started process (PID=461) to work on /opt/airflow/dags/sneakerz_pipeline.py
[2026-05-10T15:47:01.267+0000] {processor.py:830} INFO - Processing file /opt/airflow/dags/sneakerz_pipeline.py for tasks to queue
[2026-05-10T15:47:01.271+0000] {logging_mixin.py:188} INFO - [2026-05-10T15:47:01.270+0000] {dagbag.py:540} INFO - Filling up the DagBag from /opt/airflow/dags/sneakerz_pipeline.py
[2026-05-10T15:47:01.313+0000] {processor.py:840} INFO - DAG(s) 'sneakerz_pipeline' retrieved from /opt/airflow/dags/sneakerz_pipeline.py
[2026-05-10T15:47:01.378+0000] {logging_mixin.py:188} INFO - [2026-05-10T15:47:01.377+0000] {dag.py:3096} INFO - Sync 1 DAGs
[2026-05-10T15:47:01.416+0000] {logging_mixin.py:188} INFO - [2026-05-10T15:47:01.416+0000] {dag.py:3954} INFO - Setting next_dagrun for sneakerz_pipeline to 2026-05-10 15:00:00+00:00, run_after=2026-05-10 16:00:00+00:00
[2026-05-10T15:47:01.458+0000] {processor.py:183} INFO - Processing /opt/airflow/dags/sneakerz_pipeline.py took 0.202 seconds
[2026-05-10T15:47:31.601+0000] {processor.py:161} INFO - Started process (PID=466) to work on /opt/airflow/dags/sneakerz_pipeline.py
[2026-05-10T15:47:31.604+0000] {processor.py:830} INFO - Processing file /opt/airflow/dags/sneakerz_pipeline.py for tasks to queue
[2026-05-10T15:47:31.607+0000] {logging_mixin.py:188} INFO - [2026-05-10T15:47:31.607+0000] {dagbag.py:540} INFO - Filling up the DagBag from /opt/airflow/dags/sneakerz_pipeline.py
[2026-05-10T15:47:31.653+0000] {processor.py:840} INFO - DAG(s) 'sneakerz_pipeline' retrieved from /opt/airflow/dags/sneakerz_pipeline.py
[2026-05-10T15:47:31.716+0000] {logging_mixin.py:188} INFO - [2026-05-10T15:47:31.715+0000] {dag.py:3096} INFO - Sync 1 DAGs
[2026-05-10T15:47:31.765+0000] {logging_mixin.py:188} INFO - [2026-05-10T15:47:31.764+0000] {dag.py:3954} INFO - Setting next_dagrun for sneakerz_pipeline to 2026-05-10 15:00:00+00:00, run_after=2026-05-10 16:00:00+00:00
[2026-05-10T15:47:31.801+0000] {processor.py:183} INFO - Processing /opt/airflow/dags/sneakerz_pipeline.py took 0.211 seconds
[2026-05-10T15:48:01.930+0000] {processor.py:161} INFO - Started process (PID=471) to work on /opt/airflow/dags/sneakerz_pipeline.py
[2026-05-10T15:48:01.932+0000] {processor.py:830} INFO - Processing file /opt/airflow/dags/sneakerz_pipeline.py for tasks to queue
[2026-05-10T15:48:01.937+0000] {logging_mixin.py:188} INFO - [2026-05-10T15:48:01.936+0000] {dagbag.py:540} INFO - Filling up the DagBag from /opt/airflow/dags/sneakerz_pipeline.py
[2026-05-10T15:48:01.974+0000] {processor.py:840} INFO - DAG(s) 'sneakerz_pipeline' retrieved from /opt/airflow/dags/sneakerz_pipeline.py
[2026-05-10T15:48:02.020+0000] {logging_mixin.py:188} INFO - [2026-05-10T15:48:02.020+0000] {dag.py:3096} INFO - Sync 1 DAGs
[2026-05-10T15:48:02.053+0000] {logging_mixin.py:188} INFO - [2026-05-10T15:48:02.052+0000] {dag.py:3954} INFO - Setting next_dagrun for sneakerz_pipeline to 2026-05-10 15:00:00+00:00, run_after=2026-05-10 16:00:00+00:00
[2026-05-10T15:48:02.085+0000] {processor.py:183} INFO - Processing /opt/airflow/dags/sneakerz_pipeline.py took 0.165 seconds
[2026-05-10T15:48:32.276+0000] {processor.py:161} INFO - Started process (PID=476) to work on /opt/airflow/dags/sneakerz_pipeline.py
[2026-05-10T15:48:32.278+0000] {processor.py:830} INFO - Processing file /opt/airflow/dags/sneakerz_pipeline.py for tasks to queue
[2026-05-10T15:48:32.281+0000] {logging_mixin.py:188} INFO - [2026-05-10T15:48:32.281+0000] {dagbag.py:540} INFO - Filling up the DagBag from /opt/airflow/dags/sneakerz_pipeline.py
[2026-05-10T15:48:32.325+0000] {processor.py:840} INFO - DAG(s) 'sneakerz_pipeline' retrieved from /opt/airflow/dags/sneakerz_pipeline.py
[2026-05-10T15:48:32.375+0000] {logging_mixin.py:188} INFO - [2026-05-10T15:48:32.375+0000] {dag.py:3096} INFO - Sync 1 DAGs
[2026-05-10T15:48:32.412+0000] {logging_mixin.py:188} INFO - [2026-05-10T15:48:32.411+0000] {dag.py:3954} INFO - Setting next_dagrun for sneakerz_pipeline to 2026-05-10 15:00:00+00:00, run_after=2026-05-10 16:00:00+00:00
[2026-05-10T15:48:32.458+0000] {processor.py:183} INFO - Processing /opt/airflow/dags/sneakerz_pipeline.py took 0.193 seconds
[2026-05-10T15:49:02.634+0000] {processor.py:161} INFO - Started process (PID=481) to work on /opt/airflow/dags/sneakerz_pipeline.py
[2026-05-10T15:49:02.638+0000] {processor.py:830} INFO - Processing file /opt/airflow/dags/sneakerz_pipeline.py for tasks to queue
[2026-05-10T15:49:02.643+0000] {logging_mixin.py:188} INFO - [2026-05-10T15:49:02.642+0000] {dagbag.py:540} INFO - Filling up the DagBag from /opt/airflow/dags/sneakerz_pipeline.py
[2026-05-10T15:49:02.707+0000] {processor.py:840} INFO - DAG(s) 'sneakerz_pipeline' retrieved from /opt/airflow/dags/sneakerz_pipeline.py
[2026-05-10T15:49:02.790+0000] {logging_mixin.py:188} INFO - [2026-05-10T15:49:02.789+0000] {dag.py:3096} INFO - Sync 1 DAGs
[2026-05-10T15:49:02.850+0000] {logging_mixin.py:188} INFO - [2026-05-10T15:49:02.849+0000] {dag.py:3954} INFO - Setting next_dagrun for sneakerz_pipeline to 2026-05-10 15:00:00+00:00, run_after=2026-05-10 16:00:00+00:00
[2026-05-10T15:49:02.925+0000] {processor.py:183} INFO - Processing /opt/airflow/dags/sneakerz_pipeline.py took 0.310 seconds
[2026-05-10T15:49:33.207+0000] {processor.py:161} INFO - Started process (PID=486) to work on /opt/airflow/dags/sneakerz_pipeline.py
[2026-05-10T15:49:33.209+0000] {processor.py:830} INFO - Processing file /opt/airflow/dags/sneakerz_pipeline.py for tasks to queue
[2026-05-10T15:49:33.212+0000] {logging_mixin.py:188} INFO - [2026-05-10T15:49:33.212+0000] {dagbag.py:540} INFO - Filling up the DagBag from /opt/airflow/dags/sneakerz_pipeline.py
[2026-05-10T15:49:33.257+0000] {processor.py:840} INFO - DAG(s) 'sneakerz_pipeline' retrieved from /opt/airflow/dags/sneakerz_pipeline.py
[2026-05-10T15:49:33.310+0000] {logging_mixin.py:188} INFO - [2026-05-10T15:49:33.310+0000] {dag.py:3096} INFO - Sync 1 DAGs
[2026-05-10T15:49:33.350+0000] {logging_mixin.py:188} INFO - [2026-05-10T15:49:33.349+0000] {dag.py:3954} INFO - Setting next_dagrun for sneakerz_pipeline to 2026-05-10 15:00:00+00:00, run_after=2026-05-10 16:00:00+00:00
[2026-05-10T15:49:33.382+0000] {processor.py:183} INFO - Processing /opt/airflow/dags/sneakerz_pipeline.py took 0.185 seconds
[2026-05-10T15:50:03.619+0000] {processor.py:161} INFO - Started process (PID=491) to work on /opt/airflow/dags/sneakerz_pipeline.py
[2026-05-10T15:50:03.621+0000] {processor.py:830} INFO - Processing file /opt/airflow/dags/sneakerz_pipeline.py for tasks to queue
[2026-05-10T15:50:03.625+0000] {logging_mixin.py:188} INFO - [2026-05-10T15:50:03.624+0000] {dagbag.py:540} INFO - Filling up the DagBag from /opt/airflow/dags/sneakerz_pipeline.py
[2026-05-10T15:50:03.662+0000] {processor.py:840} INFO - DAG(s) 'sneakerz_pipeline' retrieved from /opt/airflow/dags/sneakerz_pipeline.py
[2026-05-10T15:50:03.712+0000] {logging_mixin.py:188} INFO - [2026-05-10T15:50:03.712+0000] {dag.py:3096} INFO - Sync 1 DAGs
[2026-05-10T15:50:03.745+0000] {logging_mixin.py:188} INFO - [2026-05-10T15:50:03.745+0000] {dag.py:3954} INFO - Setting next_dagrun for sneakerz_pipeline to 2026-05-10 15:00:00+00:00, run_after=2026-05-10 16:00:00+00:00
[2026-05-10T15:50:03.777+0000] {processor.py:183} INFO - Processing /opt/airflow/dags/sneakerz_pipeline.py took 0.166 seconds
[2026-05-10T15:50:34.013+0000] {processor.py:161} INFO - Started process (PID=496) to work on /opt/airflow/dags/sneakerz_pipeline.py
[2026-05-10T15:50:34.015+0000] {processor.py:830} INFO - Processing file /opt/airflow/dags/sneakerz_pipeline.py for tasks to queue
[2026-05-10T15:50:34.018+0000] {logging_mixin.py:188} INFO - [2026-05-10T15:50:34.017+0000] {dagbag.py:540} INFO - Filling up the DagBag from /opt/airflow/dags/sneakerz_pipeline.py
[2026-05-10T15:50:34.056+0000] {processor.py:840} INFO - DAG(s) 'sneakerz_pipeline' retrieved from /opt/airflow/dags/sneakerz_pipeline.py
[2026-05-10T15:50:34.109+0000] {logging_mixin.py:188} INFO - [2026-05-10T15:50:34.108+0000] {dag.py:3096} INFO - Sync 1 DAGs
[2026-05-10T15:50:34.146+0000] {logging_mixin.py:188} INFO - [2026-05-10T15:50:34.145+0000] {dag.py:3954} INFO - Setting next_dagrun for sneakerz_pipeline to 2026-05-10 15:00:00+00:00, run_after=2026-05-10 16:00:00+00:00
[2026-05-10T15:50:34.186+0000] {processor.py:183} INFO - Processing /opt/airflow/dags/sneakerz_pipeline.py took 0.184 seconds
[2026-05-10T15:51:04.434+0000] {processor.py:161} INFO - Started process (PID=501) to work on /opt/airflow/dags/sneakerz_pipeline.py
[2026-05-10T15:51:04.437+0000] {processor.py:830} INFO - Processing file /opt/airflow/dags/sneakerz_pipeline.py for tasks to queue
[2026-05-10T15:51:04.441+0000] {logging_mixin.py:188} INFO - [2026-05-10T15:51:04.440+0000] {dagbag.py:540} INFO - Filling up the DagBag from /opt/airflow/dags/sneakerz_pipeline.py
[2026-05-10T15:51:04.476+0000] {processor.py:840} INFO - DAG(s) 'sneakerz_pipeline' retrieved from /opt/airflow/dags/sneakerz_pipeline.py
[2026-05-10T15:51:04.532+0000] {logging_mixin.py:188} INFO - [2026-05-10T15:51:04.532+0000] {dag.py:3096} INFO - Sync 1 DAGs
[2026-05-10T15:51:04.577+0000] {logging_mixin.py:188} INFO - [2026-05-10T15:51:04.577+0000] {dag.py:3954} INFO - Setting next_dagrun for sneakerz_pipeline to 2026-05-10 15:00:00+00:00, run_after=2026-05-10 16:00:00+00:00
[2026-05-10T15:51:04.615+0000] {processor.py:183} INFO - Processing /opt/airflow/dags/sneakerz_pipeline.py took 0.191 seconds
[2026-05-10T15:51:34.897+0000] {processor.py:161} INFO - Started process (PID=506) to work on /opt/airflow/dags/sneakerz_pipeline.py
[2026-05-10T15:51:34.899+0000] {processor.py:830} INFO - Processing file /opt/airflow/dags/sneakerz_pipeline.py for tasks to queue
[2026-05-10T15:51:34.903+0000] {logging_mixin.py:188} INFO - [2026-05-10T15:51:34.902+0000] {dagbag.py:540} INFO - Filling up the DagBag from /opt/airflow/dags/sneakerz_pipeline.py
[2026-05-10T15:51:34.936+0000] {processor.py:840} INFO - DAG(s) 'sneakerz_pipeline' retrieved from /opt/airflow/dags/sneakerz_pipeline.py
[2026-05-10T15:51:34.984+0000] {logging_mixin.py:188} INFO - [2026-05-10T15:51:34.984+0000] {dag.py:3096} INFO - Sync 1 DAGs
[2026-05-10T15:51:35.017+0000] {logging_mixin.py:188} INFO - [2026-05-10T15:51:35.017+0000] {dag.py:3954} INFO - Setting next_dagrun for sneakerz_pipeline to 2026-05-10 15:00:00+00:00, run_after=2026-05-10 16:00:00+00:00
[2026-05-10T15:51:35.052+0000] {processor.py:183} INFO - Processing /opt/airflow/dags/sneakerz_pipeline.py took 0.162 seconds
[2026-05-10T15:52:05.300+0000] {processor.py:161} INFO - Started process (PID=511) to work on /opt/airflow/dags/sneakerz_pipeline.py
[2026-05-10T15:52:05.303+0000] {processor.py:830} INFO - Processing file /opt/airflow/dags/sneakerz_pipeline.py for tasks to queue
[2026-05-10T15:52:05.307+0000] {logging_mixin.py:188} INFO - [2026-05-10T15:52:05.306+0000] {dagbag.py:540} INFO - Filling up the DagBag from /opt/airflow/dags/sneakerz_pipeline.py
[2026-05-10T15:52:05.341+0000] {processor.py:840} INFO - DAG(s) 'sneakerz_pipeline' retrieved from /opt/airflow/dags/sneakerz_pipeline.py
[2026-05-10T15:52:05.393+0000] {logging_mixin.py:188} INFO - [2026-05-10T15:52:05.392+0000] {dag.py:3096} INFO - Sync 1 DAGs
[2026-05-10T15:52:05.441+0000] {logging_mixin.py:188} INFO - [2026-05-10T15:52:05.441+0000] {dag.py:3954} INFO - Setting next_dagrun for sneakerz_pipeline to 2026-05-10 15:00:00+00:00, run_after=2026-05-10 16:00:00+00:00
[2026-05-10T15:52:05.484+0000] {processor.py:183} INFO - Processing /opt/airflow/dags/sneakerz_pipeline.py took 0.193 seconds
[2026-05-10T15:52:35.731+0000] {processor.py:161} INFO - Started process (PID=516) to work on /opt/airflow/dags/sneakerz_pipeline.py
[2026-05-10T15:52:35.733+0000] {processor.py:830} INFO - Processing file /opt/airflow/dags/sneakerz_pipeline.py for tasks to queue
[2026-05-10T15:52:35.736+0000] {logging_mixin.py:188} INFO - [2026-05-10T15:52:35.735+0000] {dagbag.py:540} INFO - Filling up the DagBag from /opt/airflow/dags/sneakerz_pipeline.py
[2026-05-10T15:52:35.772+0000] {processor.py:840} INFO - DAG(s) 'sneakerz_pipeline' retrieved from /opt/airflow/dags/sneakerz_pipeline.py
[2026-05-10T15:52:35.825+0000] {logging_mixin.py:188} INFO - [2026-05-10T15:52:35.825+0000] {dag.py:3096} INFO - Sync 1 DAGs
[2026-05-10T15:52:35.865+0000] {logging_mixin.py:188} INFO - [2026-05-10T15:52:35.864+0000] {dag.py:3954} INFO - Setting next_dagrun for sneakerz_pipeline to 2026-05-10 15:00:00+00:00, run_after=2026-05-10 16:00:00+00:00
[2026-05-10T15:52:35.901+0000] {processor.py:183} INFO - Processing /opt/airflow/dags/sneakerz_pipeline.py took 0.178 seconds
[2026-05-10T15:53:06.140+0000] {processor.py:161} INFO - Started process (PID=521) to work on /opt/airflow/dags/sneakerz_pipeline.py
[2026-05-10T15:53:06.142+0000] {processor.py:830} INFO - Processing file /opt/airflow/dags/sneakerz_pipeline.py for tasks to queue
[2026-05-10T15:53:06.145+0000] {logging_mixin.py:188} INFO - [2026-05-10T15:53:06.144+0000] {dagbag.py:540} INFO - Filling up the DagBag from /opt/airflow/dags/sneakerz_pipeline.py
[2026-05-10T15:53:06.179+0000] {processor.py:840} INFO - DAG(s) 'sneakerz_pipeline' retrieved from /opt/airflow/dags/sneakerz_pipeline.py
[2026-05-10T15:53:06.228+0000] {logging_mixin.py:188} INFO - [2026-05-10T15:53:06.227+0000] {dag.py:3096} INFO - Sync 1 DAGs
[2026-05-10T15:53:06.264+0000] {logging_mixin.py:188} INFO - [2026-05-10T15:53:06.264+0000] {dag.py:3954} INFO - Setting next_dagrun for sneakerz_pipeline to 2026-05-10 15:00:00+00:00, run_after=2026-05-10 16:00:00+00:00
[2026-05-10T15:53:06.299+0000] {processor.py:183} INFO - Processing /opt/airflow/dags/sneakerz_pipeline.py took 0.168 seconds
[2026-05-10T15:53:36.522+0000] {processor.py:161} INFO - Started process (PID=526) to work on /opt/airflow/dags/sneakerz_pipeline.py
[2026-05-10T15:53:36.524+0000] {processor.py:830} INFO - Processing file /opt/airflow/dags/sneakerz_pipeline.py for tasks to queue
[2026-05-10T15:53:36.527+0000] {logging_mixin.py:188} INFO - [2026-05-10T15:53:36.526+0000] {dagbag.py:540} INFO - Filling up the DagBag from /opt/airflow/dags/sneakerz_pipeline.py
[2026-05-10T15:53:36.570+0000] {processor.py:840} INFO - DAG(s) 'sneakerz_pipeline' retrieved from /opt/airflow/dags/sneakerz_pipeline.py
[2026-05-10T15:53:36.619+0000] {logging_mixin.py:188} INFO - [2026-05-10T15:53:36.619+0000] {dag.py:3096} INFO - Sync 1 DAGs
[2026-05-10T15:53:36.659+0000] {logging_mixin.py:188} INFO - [2026-05-10T15:53:36.658+0000] {dag.py:3954} INFO - Setting next_dagrun for sneakerz_pipeline to 2026-05-10 15:00:00+00:00, run_after=2026-05-10 16:00:00+00:00
[2026-05-10T15:53:36.700+0000] {processor.py:183} INFO - Processing /opt/airflow/dags/sneakerz_pipeline.py took 0.187 seconds
[2026-05-10T15:54:06.946+0000] {processor.py:161} INFO - Started process (PID=531) to work on /opt/airflow/dags/sneakerz_pipeline.py
[2026-05-10T15:54:06.948+0000] {processor.py:830} INFO - Processing file /opt/airflow/dags/sneakerz_pipeline.py for tasks to queue
[2026-05-10T15:54:06.952+0000] {logging_mixin.py:188} INFO - [2026-05-10T15:54:06.951+0000] {dagbag.py:540} INFO - Filling up the DagBag from /opt/airflow/dags/sneakerz_pipeline.py
[2026-05-10T15:54:06.987+0000] {processor.py:840} INFO - DAG(s) 'sneakerz_pipeline' retrieved from /opt/airflow/dags/sneakerz_pipeline.py
[2026-05-10T15:54:07.037+0000] {logging_mixin.py:188} INFO - [2026-05-10T15:54:07.036+0000] {dag.py:3096} INFO - Sync 1 DAGs
[2026-05-10T15:54:07.071+0000] {logging_mixin.py:188} INFO - [2026-05-10T15:54:07.071+0000] {dag.py:3954} INFO - Setting next_dagrun for sneakerz_pipeline to 2026-05-10 15:00:00+00:00, run_after=2026-05-10 16:00:00+00:00
[2026-05-10T15:54:07.102+0000] {processor.py:183} INFO - Processing /opt/airflow/dags/sneakerz_pipeline.py took 0.163 seconds
[2026-05-10T15:54:37.337+0000] {processor.py:161} INFO - Started process (PID=536) to work on /opt/airflow/dags/sneakerz_pipeline.py
[2026-05-10T15:54:37.339+0000] {processor.py:830} INFO - Processing file /opt/airflow/dags/sneakerz_pipeline.py for tasks to queue
[2026-05-10T15:54:37.344+0000] {logging_mixin.py:188} INFO - [2026-05-10T15:54:37.343+0000] {dagbag.py:540} INFO - Filling up the DagBag from /opt/airflow/dags/sneakerz_pipeline.py
[2026-05-10T15:54:37.378+0000] {processor.py:840} INFO - DAG(s) 'sneakerz_pipeline' retrieved from /opt/airflow/dags/sneakerz_pipeline.py
[2026-05-10T15:54:37.425+0000] {logging_mixin.py:188} INFO - [2026-05-10T15:54:37.425+0000] {dag.py:3096} INFO - Sync 1 DAGs
[2026-05-10T15:54:37.459+0000] {logging_mixin.py:188} INFO - [2026-05-10T15:54:37.459+0000] {dag.py:3954} INFO - Setting next_dagrun for sneakerz_pipeline to 2026-05-10 15:00:00+00:00, run_after=2026-05-10 16:00:00+00:00
[2026-05-10T15:54:37.490+0000] {processor.py:183} INFO - Processing /opt/airflow/dags/sneakerz_pipeline.py took 0.162 seconds
[2026-05-10T15:55:07.733+0000] {processor.py:161} INFO - Started process (PID=541) to work on /opt/airflow/dags/sneakerz_pipeline.py
[2026-05-10T15:55:07.735+0000] {processor.py:830} INFO - Processing file /opt/airflow/dags/sneakerz_pipeline.py for tasks to queue
[2026-05-10T15:55:07.738+0000] {logging_mixin.py:188} INFO - [2026-05-10T15:55:07.737+0000] {dagbag.py:540} INFO - Filling up the DagBag from /opt/airflow/dags/sneakerz_pipeline.py
[2026-05-10T15:55:07.773+0000] {processor.py:840} INFO - DAG(s) 'sneakerz_pipeline' retrieved from /opt/airflow/dags/sneakerz_pipeline.py
[2026-05-10T15:55:07.822+0000] {logging_mixin.py:188} INFO - [2026-05-10T15:55:07.822+0000] {dag.py:3096} INFO - Sync 1 DAGs
[2026-05-10T15:55:07.856+0000] {logging_mixin.py:188} INFO - [2026-05-10T15:55:07.856+0000] {dag.py:3954} INFO - Setting next_dagrun for sneakerz_pipeline to 2026-05-10 15:00:00+00:00, run_after=2026-05-10 16:00:00+00:00
[2026-05-10T15:55:07.886+0000] {processor.py:183} INFO - Processing /opt/airflow/dags/sneakerz_pipeline.py took 0.161 seconds
[2026-05-10T15:55:38.136+0000] {processor.py:161} INFO - Started process (PID=546) to work on /opt/airflow/dags/sneakerz_pipeline.py
[2026-05-10T15:55:38.138+0000] {processor.py:830} INFO - Processing file /opt/airflow/dags/sneakerz_pipeline.py for tasks to queue
[2026-05-10T15:55:38.141+0000] {logging_mixin.py:188} INFO - [2026-05-10T15:55:38.141+0000] {dagbag.py:540} INFO - Filling up the DagBag from /opt/airflow/dags/sneakerz_pipeline.py
[2026-05-10T15:55:38.178+0000] {processor.py:840} INFO - DAG(s) 'sneakerz_pipeline' retrieved from /opt/airflow/dags/sneakerz_pipeline.py
[2026-05-10T15:55:38.227+0000] {logging_mixin.py:188} INFO - [2026-05-10T15:55:38.227+0000] {dag.py:3096} INFO - Sync 1 DAGs
[2026-05-10T15:55:38.265+0000] {logging_mixin.py:188} INFO - [2026-05-10T15:55:38.265+0000] {dag.py:3954} INFO - Setting next_dagrun for sneakerz_pipeline to 2026-05-10 15:00:00+00:00, run_after=2026-05-10 16:00:00+00:00
[2026-05-10T15:55:38.301+0000] {processor.py:183} INFO - Processing /opt/airflow/dags/sneakerz_pipeline.py took 0.175 seconds
[2026-05-10T15:56:08.591+0000] {processor.py:161} INFO - Started process (PID=551) to work on /opt/airflow/dags/sneakerz_pipeline.py
[2026-05-10T15:56:08.594+0000] {processor.py:830} INFO - Processing file /opt/airflow/dags/sneakerz_pipeline.py for tasks to queue
[2026-05-10T15:56:08.600+0000] {logging_mixin.py:188} INFO - [2026-05-10T15:56:08.598+0000] {dagbag.py:540} INFO - Filling up the DagBag from /opt/airflow/dags/sneakerz_pipeline.py
[2026-05-10T15:56:08.642+0000] {processor.py:840} INFO - DAG(s) 'sneakerz_pipeline' retrieved from /opt/airflow/dags/sneakerz_pipeline.py
[2026-05-10T15:56:08.689+0000] {logging_mixin.py:188} INFO - [2026-05-10T15:56:08.689+0000] {dag.py:3096} INFO - Sync 1 DAGs
[2026-05-10T15:56:08.727+0000] {logging_mixin.py:188} INFO - [2026-05-10T15:56:08.727+0000] {dag.py:3954} INFO - Setting next_dagrun for sneakerz_pipeline to 2026-05-10 15:00:00+00:00, run_after=2026-05-10 16:00:00+00:00
[2026-05-10T15:56:08.762+0000] {processor.py:183} INFO - Processing /opt/airflow/dags/sneakerz_pipeline.py took 0.182 seconds
[2026-05-10T15:56:39.106+0000] {processor.py:161} INFO - Started process (PID=556) to work on /opt/airflow/dags/sneakerz_pipeline.py
[2026-05-10T15:56:39.108+0000] {processor.py:830} INFO - Processing file /opt/airflow/dags/sneakerz_pipeline.py for tasks to queue
[2026-05-10T15:56:39.111+0000] {logging_mixin.py:188} INFO - [2026-05-10T15:56:39.110+0000] {dagbag.py:540} INFO - Filling up the DagBag from /opt/airflow/dags/sneakerz_pipeline.py
[2026-05-10T15:56:39.143+0000] {processor.py:840} INFO - DAG(s) 'sneakerz_pipeline' retrieved from /opt/airflow/dags/sneakerz_pipeline.py
[2026-05-10T15:56:39.191+0000] {logging_mixin.py:188} INFO - [2026-05-10T15:56:39.190+0000] {dag.py:3096} INFO - Sync 1 DAGs
[2026-05-10T15:56:39.223+0000] {logging_mixin.py:188} INFO - [2026-05-10T15:56:39.223+0000] {dag.py:3954} INFO - Setting next_dagrun for sneakerz_pipeline to 2026-05-10 15:00:00+00:00, run_after=2026-05-10 16:00:00+00:00
[2026-05-10T15:56:39.255+0000] {processor.py:183} INFO - Processing /opt/airflow/dags/sneakerz_pipeline.py took 0.157 seconds
[2026-05-10T15:57:09.326+0000] {processor.py:161} INFO - Started process (PID=561) to work on /opt/airflow/dags/sneakerz_pipeline.py
[2026-05-10T15:57:09.328+0000] {processor.py:830} INFO - Processing file /opt/airflow/dags/sneakerz_pipeline.py for tasks to queue
[2026-05-10T15:57:09.332+0000] {logging_mixin.py:188} INFO - [2026-05-10T15:57:09.331+0000] {dagbag.py:540} INFO - Filling up the DagBag from /opt/airflow/dags/sneakerz_pipeline.py
[2026-05-10T15:57:09.372+0000] {processor.py:840} INFO - DAG(s) 'sneakerz_pipeline' retrieved from /opt/airflow/dags/sneakerz_pipeline.py
[2026-05-10T15:57:09.428+0000] {logging_mixin.py:188} INFO - [2026-05-10T15:57:09.428+0000] {dag.py:3096} INFO - Sync 1 DAGs
[2026-05-10T15:57:09.467+0000] {logging_mixin.py:188} INFO - [2026-05-10T15:57:09.467+0000] {dag.py:3954} INFO - Setting next_dagrun for sneakerz_pipeline to 2026-05-10 15:00:00+00:00, run_after=2026-05-10 16:00:00+00:00
[2026-05-10T15:57:09.503+0000] {processor.py:183} INFO - Processing /opt/airflow/dags/sneakerz_pipeline.py took 0.186 seconds
[2026-05-10T15:57:39.701+0000] {processor.py:161} INFO - Started process (PID=566) to work on /opt/airflow/dags/sneakerz_pipeline.py
[2026-05-10T15:57:39.703+0000] {processor.py:830} INFO - Processing file /opt/airflow/dags/sneakerz_pipeline.py for tasks to queue
[2026-05-10T15:57:39.708+0000] {logging_mixin.py:188} INFO - [2026-05-10T15:57:39.707+0000] {dagbag.py:540} INFO - Filling up the DagBag from /opt/airflow/dags/sneakerz_pipeline.py
[2026-05-10T15:57:39.742+0000] {processor.py:840} INFO - DAG(s) 'sneakerz_pipeline' retrieved from /opt/airflow/dags/sneakerz_pipeline.py
[2026-05-10T15:57:39.796+0000] {logging_mixin.py:188} INFO - [2026-05-10T15:57:39.796+0000] {dag.py:3096} INFO - Sync 1 DAGs
[2026-05-10T15:57:39.834+0000] {logging_mixin.py:188} INFO - [2026-05-10T15:57:39.834+0000] {dag.py:3954} INFO - Setting next_dagrun for sneakerz_pipeline to 2026-05-10 15:00:00+00:00, run_after=2026-05-10 16:00:00+00:00
[2026-05-10T15:57:39.873+0000] {processor.py:183} INFO - Processing /opt/airflow/dags/sneakerz_pipeline.py took 0.182 seconds
[2026-05-10T15:58:10.133+0000] {processor.py:161} INFO - Started process (PID=571) to work on /opt/airflow/dags/sneakerz_pipeline.py
[2026-05-10T15:58:10.135+0000] {processor.py:830} INFO - Processing file /opt/airflow/dags/sneakerz_pipeline.py for tasks to queue
[2026-05-10T15:58:10.138+0000] {logging_mixin.py:188} INFO - [2026-05-10T15:58:10.138+0000] {dagbag.py:540} INFO - Filling up the DagBag from /opt/airflow/dags/sneakerz_pipeline.py
[2026-05-10T15:58:10.179+0000] {processor.py:840} INFO - DAG(s) 'sneakerz_pipeline' retrieved from /opt/airflow/dags/sneakerz_pipeline.py
[2026-05-10T15:58:10.241+0000] {logging_mixin.py:188} INFO - [2026-05-10T15:58:10.240+0000] {dag.py:3096} INFO - Sync 1 DAGs
[2026-05-10T15:58:10.287+0000] {logging_mixin.py:188} INFO - [2026-05-10T15:58:10.287+0000] {dag.py:3954} INFO - Setting next_dagrun for sneakerz_pipeline to 2026-05-10 15:00:00+00:00, run_after=2026-05-10 16:00:00+00:00
[2026-05-10T15:58:10.332+0000] {processor.py:183} INFO - Processing /opt/airflow/dags/sneakerz_pipeline.py took 0.211 seconds
[2026-05-10T15:58:40.576+0000] {processor.py:161} INFO - Started process (PID=576) to work on /opt/airflow/dags/sneakerz_pipeline.py
[2026-05-10T15:58:40.578+0000] {processor.py:830} INFO - Processing file /opt/airflow/dags/sneakerz_pipeline.py for tasks to queue
[2026-05-10T15:58:40.582+0000] {logging_mixin.py:188} INFO - [2026-05-10T15:58:40.581+0000] {dagbag.py:540} INFO - Filling up the DagBag from /opt/airflow/dags/sneakerz_pipeline.py
[2026-05-10T15:58:40.618+0000] {processor.py:840} INFO - DAG(s) 'sneakerz_pipeline' retrieved from /opt/airflow/dags/sneakerz_pipeline.py
[2026-05-10T15:58:40.665+0000] {logging_mixin.py:188} INFO - [2026-05-10T15:58:40.664+0000] {dag.py:3096} INFO - Sync 1 DAGs
[2026-05-10T15:58:40.700+0000] {logging_mixin.py:188} INFO - [2026-05-10T15:58:40.700+0000] {dag.py:3954} INFO - Setting next_dagrun for sneakerz_pipeline to 2026-05-10 15:00:00+00:00, run_after=2026-05-10 16:00:00+00:00
[2026-05-10T15:58:40.738+0000] {processor.py:183} INFO - Processing /opt/airflow/dags/sneakerz_pipeline.py took 0.172 seconds
[2026-05-10T15:59:10.981+0000] {processor.py:161} INFO - Started process (PID=581) to work on /opt/airflow/dags/sneakerz_pipeline.py
[2026-05-10T15:59:10.983+0000] {processor.py:830} INFO - Processing file /opt/airflow/dags/sneakerz_pipeline.py for tasks to queue
[2026-05-10T15:59:10.985+0000] {logging_mixin.py:188} INFO - [2026-05-10T15:59:10.985+0000] {dagbag.py:540} INFO - Filling up the DagBag from /opt/airflow/dags/sneakerz_pipeline.py
[2026-05-10T15:59:11.014+0000] {processor.py:840} INFO - DAG(s) 'sneakerz_pipeline' retrieved from /opt/airflow/dags/sneakerz_pipeline.py
[2026-05-10T15:59:11.060+0000] {logging_mixin.py:188} INFO - [2026-05-10T15:59:11.059+0000] {dag.py:3096} INFO - Sync 1 DAGs
[2026-05-10T15:59:11.092+0000] {logging_mixin.py:188} INFO - [2026-05-10T15:59:11.092+0000] {dag.py:3954} INFO - Setting next_dagrun for sneakerz_pipeline to 2026-05-10 15:00:00+00:00, run_after=2026-05-10 16:00:00+00:00
[2026-05-10T15:59:11.126+0000] {processor.py:183} INFO - Processing /opt/airflow/dags/sneakerz_pipeline.py took 0.152 seconds
[2026-05-10T15:59:41.363+0000] {processor.py:161} INFO - Started process (PID=586) to work on /opt/airflow/dags/sneakerz_pipeline.py
[2026-05-10T15:59:41.365+0000] {processor.py:830} INFO - Processing file /opt/airflow/dags/sneakerz_pipeline.py for tasks to queue
[2026-05-10T15:59:41.369+0000] {logging_mixin.py:188} INFO - [2026-05-10T15:59:41.368+0000] {dagbag.py:540} INFO - Filling up the DagBag from /opt/airflow/dags/sneakerz_pipeline.py
[2026-05-10T15:59:41.398+0000] {processor.py:840} INFO - DAG(s) 'sneakerz_pipeline' retrieved from /opt/airflow/dags/sneakerz_pipeline.py
[2026-05-10T15:59:41.448+0000] {logging_mixin.py:188} INFO - [2026-05-10T15:59:41.448+0000] {dag.py:3096} INFO - Sync 1 DAGs
[2026-05-10T15:59:41.483+0000] {logging_mixin.py:188} INFO - [2026-05-10T15:59:41.483+0000] {dag.py:3954} INFO - Setting next_dagrun for sneakerz_pipeline to 2026-05-10 15:00:00+00:00, run_after=2026-05-10 16:00:00+00:00
[2026-05-10T15:59:41.517+0000] {processor.py:183} INFO - Processing /opt/airflow/dags/sneakerz_pipeline.py took 0.162 seconds
[2026-05-10T16:00:11.767+0000] {processor.py:161} INFO - Started process (PID=602) to work on /opt/airflow/dags/sneakerz_pipeline.py
[2026-05-10T16:00:11.769+0000] {processor.py:830} INFO - Processing file /opt/airflow/dags/sneakerz_pipeline.py for tasks to queue
[2026-05-10T16:00:11.772+0000] {logging_mixin.py:188} INFO - [2026-05-10T16:00:11.771+0000] {dagbag.py:540} INFO - Filling up the DagBag from /opt/airflow/dags/sneakerz_pipeline.py
[2026-05-10T16:00:11.806+0000] {processor.py:840} INFO - DAG(s) 'sneakerz_pipeline' retrieved from /opt/airflow/dags/sneakerz_pipeline.py
[2026-05-10T16:00:11.850+0000] {logging_mixin.py:188} INFO - [2026-05-10T16:00:11.850+0000] {dag.py:3096} INFO - Sync 1 DAGs
[2026-05-10T16:00:11.884+0000] {logging_mixin.py:188} INFO - [2026-05-10T16:00:11.884+0000] {dag.py:3954} INFO - Setting next_dagrun for sneakerz_pipeline to 2026-05-10 16:00:00+00:00, run_after=2026-05-10 17:00:00+00:00
[2026-05-10T16:00:11.924+0000] {processor.py:183} INFO - Processing /opt/airflow/dags/sneakerz_pipeline.py took 0.170 seconds
[2026-05-10T16:00:42.186+0000] {processor.py:161} INFO - Started process (PID=607) to work on /opt/airflow/dags/sneakerz_pipeline.py
[2026-05-10T16:00:42.188+0000] {processor.py:830} INFO - Processing file /opt/airflow/dags/sneakerz_pipeline.py for tasks to queue
[2026-05-10T16:00:42.192+0000] {logging_mixin.py:188} INFO - [2026-05-10T16:00:42.191+0000] {dagbag.py:540} INFO - Filling up the DagBag from /opt/airflow/dags/sneakerz_pipeline.py
[2026-05-10T16:00:42.228+0000] {processor.py:840} INFO - DAG(s) 'sneakerz_pipeline' retrieved from /opt/airflow/dags/sneakerz_pipeline.py
[2026-05-10T16:00:42.281+0000] {logging_mixin.py:188} INFO - [2026-05-10T16:00:42.280+0000] {dag.py:3096} INFO - Sync 1 DAGs
[2026-05-10T16:00:42.321+0000] {logging_mixin.py:188} INFO - [2026-05-10T16:00:42.321+0000] {dag.py:3954} INFO - Setting next_dagrun for sneakerz_pipeline to 2026-05-10 16:00:00+00:00, run_after=2026-05-10 17:00:00+00:00
[2026-05-10T16:00:42.355+0000] {processor.py:183} INFO - Processing /opt/airflow/dags/sneakerz_pipeline.py took 0.178 seconds
[2026-05-10T16:01:12.610+0000] {processor.py:161} INFO - Started process (PID=612) to work on /opt/airflow/dags/sneakerz_pipeline.py
[2026-05-10T16:01:12.612+0000] {processor.py:830} INFO - Processing file /opt/airflow/dags/sneakerz_pipeline.py for tasks to queue
[2026-05-10T16:01:12.615+0000] {logging_mixin.py:188} INFO - [2026-05-10T16:01:12.614+0000] {dagbag.py:540} INFO - Filling up the DagBag from /opt/airflow/dags/sneakerz_pipeline.py
[2026-05-10T16:01:12.647+0000] {processor.py:840} INFO - DAG(s) 'sneakerz_pipeline' retrieved from /opt/airflow/dags/sneakerz_pipeline.py
[2026-05-10T16:01:12.698+0000] {logging_mixin.py:188} INFO - [2026-05-10T16:01:12.697+0000] {dag.py:3096} INFO - Sync 1 DAGs
[2026-05-10T16:01:12.733+0000] {logging_mixin.py:188} INFO - [2026-05-10T16:01:12.733+0000] {dag.py:3954} INFO - Setting next_dagrun for sneakerz_pipeline to 2026-05-10 16:00:00+00:00, run_after=2026-05-10 17:00:00+00:00
[2026-05-10T16:01:12.767+0000] {processor.py:183} INFO - Processing /opt/airflow/dags/sneakerz_pipeline.py took 0.165 seconds
[2026-05-10T16:01:42.877+0000] {processor.py:161} INFO - Started process (PID=617) to work on /opt/airflow/dags/sneakerz_pipeline.py
[2026-05-10T16:01:42.879+0000] {processor.py:830} INFO - Processing file /opt/airflow/dags/sneakerz_pipeline.py for tasks to queue
[2026-05-10T16:01:42.882+0000] {logging_mixin.py:188} INFO - [2026-05-10T16:01:42.881+0000] {dagbag.py:540} INFO - Filling up the DagBag from /opt/airflow/dags/sneakerz_pipeline.py
[2026-05-10T16:01:42.920+0000] {processor.py:840} INFO - DAG(s) 'sneakerz_pipeline' retrieved from /opt/airflow/dags/sneakerz_pipeline.py
[2026-05-10T16:01:42.971+0000] {logging_mixin.py:188} INFO - [2026-05-10T16:01:42.971+0000] {dag.py:3096} INFO - Sync 1 DAGs
[2026-05-10T16:01:43.007+0000] {logging_mixin.py:188} INFO - [2026-05-10T16:01:43.007+0000] {dag.py:3954} INFO - Setting next_dagrun for sneakerz_pipeline to 2026-05-10 16:00:00+00:00, run_after=2026-05-10 17:00:00+00:00
[2026-05-10T16:01:43.040+0000] {processor.py:183} INFO - Processing /opt/airflow/dags/sneakerz_pipeline.py took 0.173 seconds
[2026-05-10T16:02:13.228+0000] {processor.py:161} INFO - Started process (PID=622) to work on /opt/airflow/dags/sneakerz_pipeline.py
[2026-05-10T16:02:13.230+0000] {processor.py:830} INFO - Processing file /opt/airflow/dags/sneakerz_pipeline.py for tasks to queue
[2026-05-10T16:02:13.234+0000] {logging_mixin.py:188} INFO - [2026-05-10T16:02:13.233+0000] {dagbag.py:540} INFO - Filling up the DagBag from /opt/airflow/dags/sneakerz_pipeline.py
[2026-05-10T16:02:13.272+0000] {processor.py:840} INFO - DAG(s) 'sneakerz_pipeline' retrieved from /opt/airflow/dags/sneakerz_pipeline.py
[2026-05-10T16:02:13.322+0000] {logging_mixin.py:188} INFO - [2026-05-10T16:02:13.322+0000] {dag.py:3096} INFO - Sync 1 DAGs
[2026-05-10T16:02:13.357+0000] {logging_mixin.py:188} INFO - [2026-05-10T16:02:13.357+0000] {dag.py:3954} INFO - Setting next_dagrun for sneakerz_pipeline to 2026-05-10 16:00:00+00:00, run_after=2026-05-10 17:00:00+00:00
[2026-05-10T16:02:13.389+0000] {processor.py:183} INFO - Processing /opt/airflow/dags/sneakerz_pipeline.py took 0.170 seconds
[2026-05-10T16:02:43.475+0000] {processor.py:161} INFO - Started process (PID=627) to work on /opt/airflow/dags/sneakerz_pipeline.py
[2026-05-10T16:02:43.477+0000] {processor.py:830} INFO - Processing file /opt/airflow/dags/sneakerz_pipeline.py for tasks to queue
[2026-05-10T16:02:43.480+0000] {logging_mixin.py:188} INFO - [2026-05-10T16:02:43.480+0000] {dagbag.py:540} INFO - Filling up the DagBag from /opt/airflow/dags/sneakerz_pipeline.py
[2026-05-10T16:02:43.519+0000] {processor.py:840} INFO - DAG(s) 'sneakerz_pipeline' retrieved from /opt/airflow/dags/sneakerz_pipeline.py
[2026-05-10T16:02:43.570+0000] {logging_mixin.py:188} INFO - [2026-05-10T16:02:43.570+0000] {dag.py:3096} INFO - Sync 1 DAGs
[2026-05-10T16:02:43.609+0000] {logging_mixin.py:188} INFO - [2026-05-10T16:02:43.608+0000] {dag.py:3954} INFO - Setting next_dagrun for sneakerz_pipeline to 2026-05-10 16:00:00+00:00, run_after=2026-05-10 17:00:00+00:00
[2026-05-10T16:02:43.641+0000] {processor.py:183} INFO - Processing /opt/airflow/dags/sneakerz_pipeline.py took 0.178 seconds
[2026-05-10T16:03:13.829+0000] {processor.py:161} INFO - Started process (PID=632) to work on /opt/airflow/dags/sneakerz_pipeline.py
[2026-05-10T16:03:13.831+0000] {processor.py:830} INFO - Processing file /opt/airflow/dags/sneakerz_pipeline.py for tasks to queue
[2026-05-10T16:03:13.835+0000] {logging_mixin.py:188} INFO - [2026-05-10T16:03:13.834+0000] {dagbag.py:540} INFO - Filling up the DagBag from /opt/airflow/dags/sneakerz_pipeline.py
[2026-05-10T16:03:13.871+0000] {processor.py:840} INFO - DAG(s) 'sneakerz_pipeline' retrieved from /opt/airflow/dags/sneakerz_pipeline.py
[2026-05-10T16:03:13.924+0000] {logging_mixin.py:188} INFO - [2026-05-10T16:03:13.923+0000] {dag.py:3096} INFO - Sync 1 DAGs
[2026-05-10T16:03:13.963+0000] {logging_mixin.py:188} INFO - [2026-05-10T16:03:13.963+0000] {dag.py:3954} INFO - Setting next_dagrun for sneakerz_pipeline to 2026-05-10 16:00:00+00:00, run_after=2026-05-10 17:00:00+00:00
[2026-05-10T16:03:13.994+0000] {processor.py:183} INFO - Processing /opt/airflow/dags/sneakerz_pipeline.py took 0.181 seconds
[2026-05-10T16:03:44.112+0000] {processor.py:161} INFO - Started process (PID=637) to work on /opt/airflow/dags/sneakerz_pipeline.py
[2026-05-10T16:03:44.115+0000] {processor.py:830} INFO - Processing file /opt/airflow/dags/sneakerz_pipeline.py for tasks to queue
[2026-05-10T16:03:44.120+0000] {logging_mixin.py:188} INFO - [2026-05-10T16:03:44.120+0000] {dagbag.py:540} INFO - Filling up the DagBag from /opt/airflow/dags/sneakerz_pipeline.py
[2026-05-10T16:03:44.156+0000] {processor.py:840} INFO - DAG(s) 'sneakerz_pipeline' retrieved from /opt/airflow/dags/sneakerz_pipeline.py
[2026-05-10T16:03:44.205+0000] {logging_mixin.py:188} INFO - [2026-05-10T16:03:44.204+0000] {dag.py:3096} INFO - Sync 1 DAGs
[2026-05-10T16:03:44.238+0000] {logging_mixin.py:188} INFO - [2026-05-10T16:03:44.237+0000] {dag.py:3954} INFO - Setting next_dagrun for sneakerz_pipeline to 2026-05-10 16:00:00+00:00, run_after=2026-05-10 17:00:00+00:00
[2026-05-10T16:03:44.267+0000] {processor.py:183} INFO - Processing /opt/airflow/dags/sneakerz_pipeline.py took 0.172 seconds
[2026-05-10T16:04:14.426+0000] {processor.py:161} INFO - Started process (PID=642) to work on /opt/airflow/dags/sneakerz_pipeline.py
[2026-05-10T16:04:14.427+0000] {processor.py:830} INFO - Processing file /opt/airflow/dags/sneakerz_pipeline.py for tasks to queue
[2026-05-10T16:04:14.431+0000] {logging_mixin.py:188} INFO - [2026-05-10T16:04:14.430+0000] {dagbag.py:540} INFO - Filling up the DagBag from /opt/airflow/dags/sneakerz_pipeline.py
[2026-05-10T16:04:14.464+0000] {processor.py:840} INFO - DAG(s) 'sneakerz_pipeline' retrieved from /opt/airflow/dags/sneakerz_pipeline.py
[2026-05-10T16:04:14.514+0000] {logging_mixin.py:188} INFO - [2026-05-10T16:04:14.514+0000] {dag.py:3096} INFO - Sync 1 DAGs
[2026-05-10T16:04:14.551+0000] {logging_mixin.py:188} INFO - [2026-05-10T16:04:14.551+0000] {dag.py:3954} INFO - Setting next_dagrun for sneakerz_pipeline to 2026-05-10 16:00:00+00:00, run_after=2026-05-10 17:00:00+00:00
[2026-05-10T16:04:14.581+0000] {processor.py:183} INFO - Processing /opt/airflow/dags/sneakerz_pipeline.py took 0.165 seconds
[2026-05-10T16:04:44.726+0000] {processor.py:161} INFO - Started process (PID=647) to work on /opt/airflow/dags/sneakerz_pipeline.py
[2026-05-10T16:04:44.728+0000] {processor.py:830} INFO - Processing file /opt/airflow/dags/sneakerz_pipeline.py for tasks to queue
[2026-05-10T16:04:44.732+0000] {logging_mixin.py:188} INFO - [2026-05-10T16:04:44.731+0000] {dagbag.py:540} INFO - Filling up the DagBag from /opt/airflow/dags/sneakerz_pipeline.py
[2026-05-10T16:04:44.766+0000] {processor.py:840} INFO - DAG(s) 'sneakerz_pipeline' retrieved from /opt/airflow/dags/sneakerz_pipeline.py
[2026-05-10T16:04:44.813+0000] {logging_mixin.py:188} INFO - [2026-05-10T16:04:44.813+0000] {dag.py:3096} INFO - Sync 1 DAGs
[2026-05-10T16:04:44.856+0000] {logging_mixin.py:188} INFO - [2026-05-10T16:04:44.855+0000] {dag.py:3954} INFO - Setting next_dagrun for sneakerz_pipeline to 2026-05-10 16:00:00+00:00, run_after=2026-05-10 17:00:00+00:00
[2026-05-10T16:04:44.892+0000] {processor.py:183} INFO - Processing /opt/airflow/dags/sneakerz_pipeline.py took 0.173 seconds
[2026-05-10T16:05:15.022+0000] {processor.py:161} INFO - Started process (PID=655) to work on /opt/airflow/dags/sneakerz_pipeline.py
[2026-05-10T16:05:15.023+0000] {processor.py:830} INFO - Processing file /opt/airflow/dags/sneakerz_pipeline.py for tasks to queue
[2026-05-10T16:05:15.026+0000] {logging_mixin.py:188} INFO - [2026-05-10T16:05:15.026+0000] {dagbag.py:540} INFO - Filling up the DagBag from /opt/airflow/dags/sneakerz_pipeline.py
[2026-05-10T16:05:15.067+0000] {processor.py:840} INFO - DAG(s) 'sneakerz_pipeline' retrieved from /opt/airflow/dags/sneakerz_pipeline.py
[2026-05-10T16:05:15.115+0000] {logging_mixin.py:188} INFO - [2026-05-10T16:05:15.114+0000] {dag.py:3096} INFO - Sync 1 DAGs
[2026-05-10T16:05:15.147+0000] {logging_mixin.py:188} INFO - [2026-05-10T16:05:15.147+0000] {dag.py:3954} INFO - Setting next_dagrun for sneakerz_pipeline to 2026-05-10 16:00:00+00:00, run_after=2026-05-10 17:00:00+00:00
[2026-05-10T16:05:15.181+0000] {processor.py:183} INFO - Processing /opt/airflow/dags/sneakerz_pipeline.py took 0.166 seconds
[2026-05-10T16:05:45.361+0000] {processor.py:161} INFO - Started process (PID=660) to work on /opt/airflow/dags/sneakerz_pipeline.py
[2026-05-10T16:05:45.364+0000] {processor.py:830} INFO - Processing file /opt/airflow/dags/sneakerz_pipeline.py for tasks to queue
[2026-05-10T16:05:45.367+0000] {logging_mixin.py:188} INFO - [2026-05-10T16:05:45.367+0000] {dagbag.py:540} INFO - Filling up the DagBag from /opt/airflow/dags/sneakerz_pipeline.py
[2026-05-10T16:05:45.406+0000] {processor.py:840} INFO - DAG(s) 'sneakerz_pipeline' retrieved from /opt/airflow/dags/sneakerz_pipeline.py
[2026-05-10T16:05:45.451+0000] {logging_mixin.py:188} INFO - [2026-05-10T16:05:45.451+0000] {dag.py:3096} INFO - Sync 1 DAGs
[2026-05-10T16:05:45.485+0000] {logging_mixin.py:188} INFO - [2026-05-10T16:05:45.485+0000] {dag.py:3954} INFO - Setting next_dagrun for sneakerz_pipeline to 2026-05-10 16:00:00+00:00, run_after=2026-05-10 17:00:00+00:00
[2026-05-10T16:05:45.518+0000] {processor.py:183} INFO - Processing /opt/airflow/dags/sneakerz_pipeline.py took 0.166 seconds
[2026-05-10T16:06:15.637+0000] {processor.py:161} INFO - Started process (PID=665) to work on /opt/airflow/dags/sneakerz_pipeline.py
[2026-05-10T16:06:15.639+0000] {processor.py:830} INFO - Processing file /opt/airflow/dags/sneakerz_pipeline.py for tasks to queue
[2026-05-10T16:06:15.643+0000] {logging_mixin.py:188} INFO - [2026-05-10T16:06:15.642+0000] {dagbag.py:540} INFO - Filling up the DagBag from /opt/airflow/dags/sneakerz_pipeline.py
[2026-05-10T16:06:15.684+0000] {processor.py:840} INFO - DAG(s) 'sneakerz_pipeline' retrieved from /opt/airflow/dags/sneakerz_pipeline.py
[2026-05-10T16:06:15.732+0000] {logging_mixin.py:188} INFO - [2026-05-10T16:06:15.732+0000] {dag.py:3096} INFO - Sync 1 DAGs
[2026-05-10T16:06:15.767+0000] {logging_mixin.py:188} INFO - [2026-05-10T16:06:15.766+0000] {dag.py:3954} INFO - Setting next_dagrun for sneakerz_pipeline to 2026-05-10 16:00:00+00:00, run_after=2026-05-10 17:00:00+00:00
[2026-05-10T16:06:15.801+0000] {processor.py:183} INFO - Processing /opt/airflow/dags/sneakerz_pipeline.py took 0.173 seconds
[2026-05-10T16:06:46.024+0000] {processor.py:161} INFO - Started process (PID=670) to work on /opt/airflow/dags/sneakerz_pipeline.py
[2026-05-10T16:06:46.026+0000] {processor.py:830} INFO - Processing file /opt/airflow/dags/sneakerz_pipeline.py for tasks to queue
[2026-05-10T16:06:46.029+0000] {logging_mixin.py:188} INFO - [2026-05-10T16:06:46.029+0000] {dagbag.py:540} INFO - Filling up the DagBag from /opt/airflow/dags/sneakerz_pipeline.py
[2026-05-10T16:06:46.063+0000] {processor.py:840} INFO - DAG(s) 'sneakerz_pipeline' retrieved from /opt/airflow/dags/sneakerz_pipeline.py
[2026-05-10T16:06:46.106+0000] {logging_mixin.py:188} INFO - [2026-05-10T16:06:46.106+0000] {dag.py:3096} INFO - Sync 1 DAGs
[2026-05-10T16:06:46.137+0000] {logging_mixin.py:188} INFO - [2026-05-10T16:06:46.137+0000] {dag.py:3954} INFO - Setting next_dagrun for sneakerz_pipeline to 2026-05-10 16:00:00+00:00, run_after=2026-05-10 17:00:00+00:00
[2026-05-10T16:06:46.165+0000] {processor.py:183} INFO - Processing /opt/airflow/dags/sneakerz_pipeline.py took 0.147 seconds
[2026-05-10T16:07:16.257+0000] {processor.py:161} INFO - Started process (PID=675) to work on /opt/airflow/dags/sneakerz_pipeline.py
[2026-05-10T16:07:16.259+0000] {processor.py:830} INFO - Processing file /opt/airflow/dags/sneakerz_pipeline.py for tasks to queue
[2026-05-10T16:07:16.262+0000] {logging_mixin.py:188} INFO - [2026-05-10T16:07:16.261+0000] {dagbag.py:540} INFO - Filling up the DagBag from /opt/airflow/dags/sneakerz_pipeline.py
[2026-05-10T16:07:16.299+0000] {processor.py:840} INFO - DAG(s) 'sneakerz_pipeline' retrieved from /opt/airflow/dags/sneakerz_pipeline.py
[2026-05-10T16:07:16.349+0000] {logging_mixin.py:188} INFO - [2026-05-10T16:07:16.349+0000] {dag.py:3096} INFO - Sync 1 DAGs
[2026-05-10T16:07:16.381+0000] {logging_mixin.py:188} INFO - [2026-05-10T16:07:16.381+0000] {dag.py:3954} INFO - Setting next_dagrun for sneakerz_pipeline to 2026-05-10 16:00:00+00:00, run_after=2026-05-10 17:00:00+00:00
[2026-05-10T16:07:16.414+0000] {processor.py:183} INFO - Processing /opt/airflow/dags/sneakerz_pipeline.py took 0.166 seconds
[2026-05-10T16:07:46.619+0000] {processor.py:161} INFO - Started process (PID=680) to work on /opt/airflow/dags/sneakerz_pipeline.py
[2026-05-10T16:07:46.620+0000] {processor.py:830} INFO - Processing file /opt/airflow/dags/sneakerz_pipeline.py for tasks to queue
[2026-05-10T16:07:46.624+0000] {logging_mixin.py:188} INFO - [2026-05-10T16:07:46.624+0000] {dagbag.py:540} INFO - Filling up the DagBag from /opt/airflow/dags/sneakerz_pipeline.py
[2026-05-10T16:07:46.657+0000] {processor.py:840} INFO - DAG(s) 'sneakerz_pipeline' retrieved from /opt/airflow/dags/sneakerz_pipeline.py
[2026-05-10T16:07:46.707+0000] {logging_mixin.py:188} INFO - [2026-05-10T16:07:46.707+0000] {dag.py:3096} INFO - Sync 1 DAGs
[2026-05-10T16:07:46.744+0000] {logging_mixin.py:188} INFO - [2026-05-10T16:07:46.744+0000] {dag.py:3954} INFO - Setting next_dagrun for sneakerz_pipeline to 2026-05-10 16:00:00+00:00, run_after=2026-05-10 17:00:00+00:00
[2026-05-10T16:07:46.778+0000] {processor.py:183} INFO - Processing /opt/airflow/dags/sneakerz_pipeline.py took 0.169 seconds
[2026-05-10T16:08:16.871+0000] {processor.py:161} INFO - Started process (PID=685) to work on /opt/airflow/dags/sneakerz_pipeline.py
[2026-05-10T16:08:16.873+0000] {processor.py:830} INFO - Processing file /opt/airflow/dags/sneakerz_pipeline.py for tasks to queue
[2026-05-10T16:08:16.877+0000] {logging_mixin.py:188} INFO - [2026-05-10T16:08:16.876+0000] {dagbag.py:540} INFO - Filling up the DagBag from /opt/airflow/dags/sneakerz_pipeline.py
[2026-05-10T16:08:16.931+0000] {processor.py:840} INFO - DAG(s) 'sneakerz_pipeline' retrieved from /opt/airflow/dags/sneakerz_pipeline.py
[2026-05-10T16:08:17.016+0000] {logging_mixin.py:188} INFO - [2026-05-10T16:08:17.015+0000] {dag.py:3096} INFO - Sync 1 DAGs
[2026-05-10T16:08:17.103+0000] {logging_mixin.py:188} INFO - [2026-05-10T16:08:17.103+0000] {dag.py:3954} INFO - Setting next_dagrun for sneakerz_pipeline to 2026-05-10 16:00:00+00:00, run_after=2026-05-10 17:00:00+00:00
[2026-05-10T16:08:17.155+0000] {processor.py:183} INFO - Processing /opt/airflow/dags/sneakerz_pipeline.py took 0.297 seconds
[2026-05-10T16:08:47.399+0000] {processor.py:161} INFO - Started process (PID=690) to work on /opt/airflow/dags/sneakerz_pipeline.py
[2026-05-10T16:08:47.401+0000] {processor.py:830} INFO - Processing file /opt/airflow/dags/sneakerz_pipeline.py for tasks to queue
[2026-05-10T16:08:47.405+0000] {logging_mixin.py:188} INFO - [2026-05-10T16:08:47.404+0000] {dagbag.py:540} INFO - Filling up the DagBag from /opt/airflow/dags/sneakerz_pipeline.py
[2026-05-10T16:08:47.445+0000] {processor.py:840} INFO - DAG(s) 'sneakerz_pipeline' retrieved from /opt/airflow/dags/sneakerz_pipeline.py
[2026-05-10T16:08:47.496+0000] {logging_mixin.py:188} INFO - [2026-05-10T16:08:47.496+0000] {dag.py:3096} INFO - Sync 1 DAGs
[2026-05-10T16:08:47.530+0000] {logging_mixin.py:188} INFO - [2026-05-10T16:08:47.529+0000] {dag.py:3954} INFO - Setting next_dagrun for sneakerz_pipeline to 2026-05-10 16:00:00+00:00, run_after=2026-05-10 17:00:00+00:00
[2026-05-10T16:08:47.562+0000] {processor.py:183} INFO - Processing /opt/airflow/dags/sneakerz_pipeline.py took 0.172 seconds
[2026-05-10T16:09:17.809+0000] {processor.py:161} INFO - Started process (PID=695) to work on /opt/airflow/dags/sneakerz_pipeline.py
[2026-05-10T16:09:17.811+0000] {processor.py:830} INFO - Processing file /opt/airflow/dags/sneakerz_pipeline.py for tasks to queue
[2026-05-10T16:09:17.815+0000] {logging_mixin.py:188} INFO - [2026-05-10T16:09:17.815+0000] {dagbag.py:540} INFO - Filling up the DagBag from /opt/airflow/dags/sneakerz_pipeline.py
[2026-05-10T16:09:17.856+0000] {processor.py:840} INFO - DAG(s) 'sneakerz_pipeline' retrieved from /opt/airflow/dags/sneakerz_pipeline.py
[2026-05-10T16:09:17.908+0000] {logging_mixin.py:188} INFO - [2026-05-10T16:09:17.908+0000] {dag.py:3096} INFO - Sync 1 DAGs
[2026-05-10T16:09:17.947+0000] {logging_mixin.py:188} INFO - [2026-05-10T16:09:17.947+0000] {dag.py:3954} INFO - Setting next_dagrun for sneakerz_pipeline to 2026-05-10 16:00:00+00:00, run_after=2026-05-10 17:00:00+00:00
[2026-05-10T16:09:17.980+0000] {processor.py:183} INFO - Processing /opt/airflow/dags/sneakerz_pipeline.py took 0.179 seconds
[2026-05-10T16:09:48.245+0000] {processor.py:161} INFO - Started process (PID=700) to work on /opt/airflow/dags/sneakerz_pipeline.py
[2026-05-10T16:09:48.247+0000] {processor.py:830} INFO - Processing file /opt/airflow/dags/sneakerz_pipeline.py for tasks to queue
[2026-05-10T16:09:48.251+0000] {logging_mixin.py:188} INFO - [2026-05-10T16:09:48.250+0000] {dagbag.py:540} INFO - Filling up the DagBag from /opt/airflow/dags/sneakerz_pipeline.py
[2026-05-10T16:09:48.289+0000] {processor.py:840} INFO - DAG(s) 'sneakerz_pipeline' retrieved from /opt/airflow/dags/sneakerz_pipeline.py
[2026-05-10T16:09:48.338+0000] {logging_mixin.py:188} INFO - [2026-05-10T16:09:48.337+0000] {dag.py:3096} INFO - Sync 1 DAGs
[2026-05-10T16:09:48.377+0000] {logging_mixin.py:188} INFO - [2026-05-10T16:09:48.377+0000] {dag.py:3954} INFO - Setting next_dagrun for sneakerz_pipeline to 2026-05-10 16:00:00+00:00, run_after=2026-05-10 17:00:00+00:00
[2026-05-10T16:09:48.409+0000] {processor.py:183} INFO - Processing /opt/airflow/dags/sneakerz_pipeline.py took 0.174 seconds
[2026-05-10T16:10:18.676+0000] {processor.py:161} INFO - Started process (PID=708) to work on /opt/airflow/dags/sneakerz_pipeline.py
[2026-05-10T16:10:18.678+0000] {processor.py:830} INFO - Processing file /opt/airflow/dags/sneakerz_pipeline.py for tasks to queue
[2026-05-10T16:10:18.681+0000] {logging_mixin.py:188} INFO - [2026-05-10T16:10:18.680+0000] {dagbag.py:540} INFO - Filling up the DagBag from /opt/airflow/dags/sneakerz_pipeline.py
[2026-05-10T16:10:18.715+0000] {processor.py:840} INFO - DAG(s) 'sneakerz_pipeline' retrieved from /opt/airflow/dags/sneakerz_pipeline.py
[2026-05-10T16:10:18.762+0000] {logging_mixin.py:188} INFO - [2026-05-10T16:10:18.761+0000] {dag.py:3096} INFO - Sync 1 DAGs
[2026-05-10T16:10:18.794+0000] {logging_mixin.py:188} INFO - [2026-05-10T16:10:18.793+0000] {dag.py:3954} INFO - Setting next_dagrun for sneakerz_pipeline to 2026-05-10 16:00:00+00:00, run_after=2026-05-10 17:00:00+00:00
[2026-05-10T16:10:18.825+0000] {processor.py:183} INFO - Processing /opt/airflow/dags/sneakerz_pipeline.py took 0.156 seconds
[2026-05-10T16:10:49.068+0000] {processor.py:161} INFO - Started process (PID=713) to work on /opt/airflow/dags/sneakerz_pipeline.py
[2026-05-10T16:10:49.070+0000] {processor.py:830} INFO - Processing file /opt/airflow/dags/sneakerz_pipeline.py for tasks to queue
[2026-05-10T16:10:49.074+0000] {logging_mixin.py:188} INFO - [2026-05-10T16:10:49.073+0000] {dagbag.py:540} INFO - Filling up the DagBag from /opt/airflow/dags/sneakerz_pipeline.py
[2026-05-10T16:10:49.112+0000] {processor.py:840} INFO - DAG(s) 'sneakerz_pipeline' retrieved from /opt/airflow/dags/sneakerz_pipeline.py
[2026-05-10T16:10:49.164+0000] {logging_mixin.py:188} INFO - [2026-05-10T16:10:49.164+0000] {dag.py:3096} INFO - Sync 1 DAGs
[2026-05-10T16:10:49.205+0000] {logging_mixin.py:188} INFO - [2026-05-10T16:10:49.204+0000] {dag.py:3954} INFO - Setting next_dagrun for sneakerz_pipeline to 2026-05-10 16:00:00+00:00, run_after=2026-05-10 17:00:00+00:00
[2026-05-10T16:10:49.235+0000] {processor.py:183} INFO - Processing /opt/airflow/dags/sneakerz_pipeline.py took 0.175 seconds
[2026-05-10T16:11:19.337+0000] {processor.py:161} INFO - Started process (PID=718) to work on /opt/airflow/dags/sneakerz_pipeline.py
[2026-05-10T16:11:19.339+0000] {processor.py:830} INFO - Processing file /opt/airflow/dags/sneakerz_pipeline.py for tasks to queue
[2026-05-10T16:11:19.343+0000] {logging_mixin.py:188} INFO - [2026-05-10T16:11:19.342+0000] {dagbag.py:540} INFO - Filling up the DagBag from /opt/airflow/dags/sneakerz_pipeline.py
[2026-05-10T16:11:19.381+0000] {processor.py:840} INFO - DAG(s) 'sneakerz_pipeline' retrieved from /opt/airflow/dags/sneakerz_pipeline.py
[2026-05-10T16:11:19.437+0000] {logging_mixin.py:188} INFO - [2026-05-10T16:11:19.436+0000] {dag.py:3096} INFO - Sync 1 DAGs
[2026-05-10T16:11:19.476+0000] {logging_mixin.py:188} INFO - [2026-05-10T16:11:19.475+0000] {dag.py:3954} INFO - Setting next_dagrun for sneakerz_pipeline to 2026-05-10 16:00:00+00:00, run_after=2026-05-10 17:00:00+00:00
[2026-05-10T16:11:19.510+0000] {processor.py:183} INFO - Processing /opt/airflow/dags/sneakerz_pipeline.py took 0.184 seconds
[2026-05-10T16:11:49.688+0000] {processor.py:161} INFO - Started process (PID=723) to work on /opt/airflow/dags/sneakerz_pipeline.py
[2026-05-10T16:11:49.690+0000] {processor.py:830} INFO - Processing file /opt/airflow/dags/sneakerz_pipeline.py for tasks to queue
[2026-05-10T16:11:49.693+0000] {logging_mixin.py:188} INFO - [2026-05-10T16:11:49.693+0000] {dagbag.py:540} INFO - Filling up the DagBag from /opt/airflow/dags/sneakerz_pipeline.py
[2026-05-10T16:11:49.733+0000] {processor.py:840} INFO - DAG(s) 'sneakerz_pipeline' retrieved from /opt/airflow/dags/sneakerz_pipeline.py
[2026-05-10T16:11:49.780+0000] {logging_mixin.py:188} INFO - [2026-05-10T16:11:49.780+0000] {dag.py:3096} INFO - Sync 1 DAGs
[2026-05-10T16:11:49.817+0000] {logging_mixin.py:188} INFO - [2026-05-10T16:11:49.817+0000] {dag.py:3954} INFO - Setting next_dagrun for sneakerz_pipeline to 2026-05-10 16:00:00+00:00, run_after=2026-05-10 17:00:00+00:00
[2026-05-10T16:11:49.851+0000] {processor.py:183} INFO - Processing /opt/airflow/dags/sneakerz_pipeline.py took 0.173 seconds
[2026-05-10T16:12:19.961+0000] {processor.py:161} INFO - Started process (PID=728) to work on /opt/airflow/dags/sneakerz_pipeline.py
[2026-05-10T16:12:19.963+0000] {processor.py:830} INFO - Processing file /opt/airflow/dags/sneakerz_pipeline.py for tasks to queue
[2026-05-10T16:12:19.967+0000] {logging_mixin.py:188} INFO - [2026-05-10T16:12:19.966+0000] {dagbag.py:540} INFO - Filling up the DagBag from /opt/airflow/dags/sneakerz_pipeline.py
[2026-05-10T16:12:20.003+0000] {processor.py:840} INFO - DAG(s) 'sneakerz_pipeline' retrieved from /opt/airflow/dags/sneakerz_pipeline.py
[2026-05-10T16:12:20.055+0000] {logging_mixin.py:188} INFO - [2026-05-10T16:12:20.055+0000] {dag.py:3096} INFO - Sync 1 DAGs
[2026-05-10T16:12:20.090+0000] {logging_mixin.py:188} INFO - [2026-05-10T16:12:20.090+0000] {dag.py:3954} INFO - Setting next_dagrun for sneakerz_pipeline to 2026-05-10 16:00:00+00:00, run_after=2026-05-10 17:00:00+00:00
[2026-05-10T16:12:20.125+0000] {processor.py:183} INFO - Processing /opt/airflow/dags/sneakerz_pipeline.py took 0.177 seconds
[2026-05-10T16:12:50.286+0000] {processor.py:161} INFO - Started process (PID=733) to work on /opt/airflow/dags/sneakerz_pipeline.py
[2026-05-10T16:12:50.288+0000] {processor.py:830} INFO - Processing file /opt/airflow/dags/sneakerz_pipeline.py for tasks to queue
[2026-05-10T16:12:50.291+0000] {logging_mixin.py:188} INFO - [2026-05-10T16:12:50.291+0000] {dagbag.py:540} INFO - Filling up the DagBag from /opt/airflow/dags/sneakerz_pipeline.py
[2026-05-10T16:12:50.325+0000] {processor.py:840} INFO - DAG(s) 'sneakerz_pipeline' retrieved from /opt/airflow/dags/sneakerz_pipeline.py
[2026-05-10T16:12:50.369+0000] {logging_mixin.py:188} INFO - [2026-05-10T16:12:50.368+0000] {dag.py:3096} INFO - Sync 1 DAGs
[2026-05-10T16:12:50.400+0000] {logging_mixin.py:188} INFO - [2026-05-10T16:12:50.400+0000] {dag.py:3954} INFO - Setting next_dagrun for sneakerz_pipeline to 2026-05-10 16:00:00+00:00, run_after=2026-05-10 17:00:00+00:00
[2026-05-10T16:12:50.430+0000] {processor.py:183} INFO - Processing /opt/airflow/dags/sneakerz_pipeline.py took 0.153 seconds
[2026-05-10T16:13:20.578+0000] {processor.py:161} INFO - Started process (PID=738) to work on /opt/airflow/dags/sneakerz_pipeline.py
[2026-05-10T16:13:20.580+0000] {processor.py:830} INFO - Processing file /opt/airflow/dags/sneakerz_pipeline.py for tasks to queue
[2026-05-10T16:13:20.583+0000] {logging_mixin.py:188} INFO - [2026-05-10T16:13:20.582+0000] {dagbag.py:540} INFO - Filling up the DagBag from /opt/airflow/dags/sneakerz_pipeline.py
[2026-05-10T16:13:20.617+0000] {processor.py:840} INFO - DAG(s) 'sneakerz_pipeline' retrieved from /opt/airflow/dags/sneakerz_pipeline.py
[2026-05-10T16:13:20.660+0000] {logging_mixin.py:188} INFO - [2026-05-10T16:13:20.660+0000] {dag.py:3096} INFO - Sync 1 DAGs
[2026-05-10T16:13:20.691+0000] {logging_mixin.py:188} INFO - [2026-05-10T16:13:20.691+0000] {dag.py:3954} INFO - Setting next_dagrun for sneakerz_pipeline to 2026-05-10 16:00:00+00:00, run_after=2026-05-10 17:00:00+00:00
[2026-05-10T16:13:20.718+0000] {processor.py:183} INFO - Processing /opt/airflow/dags/sneakerz_pipeline.py took 0.149 seconds
[2026-05-10T16:13:50.877+0000] {processor.py:161} INFO - Started process (PID=743) to work on /opt/airflow/dags/sneakerz_pipeline.py
[2026-05-10T16:13:50.879+0000] {processor.py:830} INFO - Processing file /opt/airflow/dags/sneakerz_pipeline.py for tasks to queue
[2026-05-10T16:13:50.883+0000] {logging_mixin.py:188} INFO - [2026-05-10T16:13:50.882+0000] {dagbag.py:540} INFO - Filling up the DagBag from /opt/airflow/dags/sneakerz_pipeline.py
[2026-05-10T16:13:50.918+0000] {processor.py:840} INFO - DAG(s) 'sneakerz_pipeline' retrieved from /opt/airflow/dags/sneakerz_pipeline.py
[2026-05-10T16:13:50.966+0000] {logging_mixin.py:188} INFO - [2026-05-10T16:13:50.965+0000] {dag.py:3096} INFO - Sync 1 DAGs
[2026-05-10T16:13:51.000+0000] {logging_mixin.py:188} INFO - [2026-05-10T16:13:51.000+0000] {dag.py:3954} INFO - Setting next_dagrun for sneakerz_pipeline to 2026-05-10 16:00:00+00:00, run_after=2026-05-10 17:00:00+00:00
[2026-05-10T16:13:51.027+0000] {processor.py:183} INFO - Processing /opt/airflow/dags/sneakerz_pipeline.py took 0.158 seconds
[2026-05-10T16:14:21.137+0000] {processor.py:161} INFO - Started process (PID=748) to work on /opt/airflow/dags/sneakerz_pipeline.py
[2026-05-10T16:14:21.139+0000] {processor.py:830} INFO - Processing file /opt/airflow/dags/sneakerz_pipeline.py for tasks to queue
[2026-05-10T16:14:21.142+0000] {logging_mixin.py:188} INFO - [2026-05-10T16:14:21.142+0000] {dagbag.py:540} INFO - Filling up the DagBag from /opt/airflow/dags/sneakerz_pipeline.py
[2026-05-10T16:14:21.176+0000] {processor.py:840} INFO - DAG(s) 'sneakerz_pipeline' retrieved from /opt/airflow/dags/sneakerz_pipeline.py
[2026-05-10T16:14:21.220+0000] {logging_mixin.py:188} INFO - [2026-05-10T16:14:21.219+0000] {dag.py:3096} INFO - Sync 1 DAGs
[2026-05-10T16:14:21.250+0000] {logging_mixin.py:188} INFO - [2026-05-10T16:14:21.250+0000] {dag.py:3954} INFO - Setting next_dagrun for sneakerz_pipeline to 2026-05-10 16:00:00+00:00, run_after=2026-05-10 17:00:00+00:00
[2026-05-10T16:14:21.280+0000] {processor.py:183} INFO - Processing /opt/airflow/dags/sneakerz_pipeline.py took 0.155 seconds
[2026-05-10T16:14:51.455+0000] {processor.py:161} INFO - Started process (PID=753) to work on /opt/airflow/dags/sneakerz_pipeline.py
[2026-05-10T16:14:51.457+0000] {processor.py:830} INFO - Processing file /opt/airflow/dags/sneakerz_pipeline.py for tasks to queue
[2026-05-10T16:14:51.460+0000] {logging_mixin.py:188} INFO - [2026-05-10T16:14:51.459+0000] {dagbag.py:540} INFO - Filling up the DagBag from /opt/airflow/dags/sneakerz_pipeline.py
[2026-05-10T16:14:51.496+0000] {processor.py:840} INFO - DAG(s) 'sneakerz_pipeline' retrieved from /opt/airflow/dags/sneakerz_pipeline.py
[2026-05-10T16:14:51.556+0000] {logging_mixin.py:188} INFO - [2026-05-10T16:14:51.556+0000] {dag.py:3096} INFO - Sync 1 DAGs
[2026-05-10T16:14:51.601+0000] {logging_mixin.py:188} INFO - [2026-05-10T16:14:51.601+0000] {dag.py:3954} INFO - Setting next_dagrun for sneakerz_pipeline to 2026-05-10 16:00:00+00:00, run_after=2026-05-10 17:00:00+00:00
[2026-05-10T16:14:51.639+0000] {processor.py:183} INFO - Processing /opt/airflow/dags/sneakerz_pipeline.py took 0.192 seconds
[2026-05-10T16:15:21.859+0000] {processor.py:161} INFO - Started process (PID=758) to work on /opt/airflow/dags/sneakerz_pipeline.py
[2026-05-10T16:15:21.861+0000] {processor.py:830} INFO - Processing file /opt/airflow/dags/sneakerz_pipeline.py for tasks to queue
[2026-05-10T16:15:21.864+0000] {logging_mixin.py:188} INFO - [2026-05-10T16:15:21.864+0000] {dagbag.py:540} INFO - Filling up the DagBag from /opt/airflow/dags/sneakerz_pipeline.py
[2026-05-10T16:15:21.893+0000] {processor.py:840} INFO - DAG(s) 'sneakerz_pipeline' retrieved from /opt/airflow/dags/sneakerz_pipeline.py
[2026-05-10T16:15:21.937+0000] {logging_mixin.py:188} INFO - [2026-05-10T16:15:21.937+0000] {dag.py:3096} INFO - Sync 1 DAGs
[2026-05-10T16:15:21.968+0000] {logging_mixin.py:188} INFO - [2026-05-10T16:15:21.968+0000] {dag.py:3954} INFO - Setting next_dagrun for sneakerz_pipeline to 2026-05-10 16:00:00+00:00, run_after=2026-05-10 17:00:00+00:00
[2026-05-10T16:15:21.997+0000] {processor.py:183} INFO - Processing /opt/airflow/dags/sneakerz_pipeline.py took 0.145 seconds
[2026-05-10T16:15:52.079+0000] {processor.py:161} INFO - Started process (PID=763) to work on /opt/airflow/dags/sneakerz_pipeline.py
[2026-05-10T16:15:52.082+0000] {processor.py:830} INFO - Processing file /opt/airflow/dags/sneakerz_pipeline.py for tasks to queue
[2026-05-10T16:15:52.086+0000] {logging_mixin.py:188} INFO - [2026-05-10T16:15:52.085+0000] {dagbag.py:540} INFO - Filling up the DagBag from /opt/airflow/dags/sneakerz_pipeline.py
[2026-05-10T16:15:52.132+0000] {processor.py:840} INFO - DAG(s) 'sneakerz_pipeline' retrieved from /opt/airflow/dags/sneakerz_pipeline.py
[2026-05-10T16:15:52.182+0000] {logging_mixin.py:188} INFO - [2026-05-10T16:15:52.182+0000] {dag.py:3096} INFO - Sync 1 DAGs
[2026-05-10T16:15:52.212+0000] {logging_mixin.py:188} INFO - [2026-05-10T16:15:52.212+0000] {dag.py:3954} INFO - Setting next_dagrun for sneakerz_pipeline to 2026-05-10 16:00:00+00:00, run_after=2026-05-10 17:00:00+00:00
[2026-05-10T16:15:52.244+0000] {processor.py:183} INFO - Processing /opt/airflow/dags/sneakerz_pipeline.py took 0.175 seconds
[2026-05-10T16:16:22.442+0000] {processor.py:161} INFO - Started process (PID=768) to work on /opt/airflow/dags/sneakerz_pipeline.py
[2026-05-10T16:16:22.444+0000] {processor.py:830} INFO - Processing file /opt/airflow/dags/sneakerz_pipeline.py for tasks to queue
[2026-05-10T16:16:22.447+0000] {logging_mixin.py:188} INFO - [2026-05-10T16:16:22.447+0000] {dagbag.py:540} INFO - Filling up the DagBag from /opt/airflow/dags/sneakerz_pipeline.py
[2026-05-10T16:16:22.478+0000] {processor.py:840} INFO - DAG(s) 'sneakerz_pipeline' retrieved from /opt/airflow/dags/sneakerz_pipeline.py
[2026-05-10T16:16:22.525+0000] {logging_mixin.py:188} INFO - [2026-05-10T16:16:22.525+0000] {dag.py:3096} INFO - Sync 1 DAGs
[2026-05-10T16:16:22.561+0000] {logging_mixin.py:188} INFO - [2026-05-10T16:16:22.561+0000] {dag.py:3954} INFO - Setting next_dagrun for sneakerz_pipeline to 2026-05-10 16:00:00+00:00, run_after=2026-05-10 17:00:00+00:00
[2026-05-10T16:16:22.589+0000] {processor.py:183} INFO - Processing /opt/airflow/dags/sneakerz_pipeline.py took 0.157 seconds
[2026-05-10T16:16:52.821+0000] {processor.py:161} INFO - Started process (PID=773) to work on /opt/airflow/dags/sneakerz_pipeline.py
[2026-05-10T16:16:52.823+0000] {processor.py:830} INFO - Processing file /opt/airflow/dags/sneakerz_pipeline.py for tasks to queue
[2026-05-10T16:16:52.826+0000] {logging_mixin.py:188} INFO - [2026-05-10T16:16:52.825+0000] {dagbag.py:540} INFO - Filling up the DagBag from /opt/airflow/dags/sneakerz_pipeline.py
[2026-05-10T16:16:52.859+0000] {processor.py:840} INFO - DAG(s) 'sneakerz_pipeline' retrieved from /opt/airflow/dags/sneakerz_pipeline.py
[2026-05-10T16:16:52.906+0000] {logging_mixin.py:188} INFO - [2026-05-10T16:16:52.906+0000] {dag.py:3096} INFO - Sync 1 DAGs
[2026-05-10T16:16:52.939+0000] {logging_mixin.py:188} INFO - [2026-05-10T16:16:52.939+0000] {dag.py:3954} INFO - Setting next_dagrun for sneakerz_pipeline to 2026-05-10 16:00:00+00:00, run_after=2026-05-10 17:00:00+00:00
[2026-05-10T16:16:52.969+0000] {processor.py:183} INFO - Processing /opt/airflow/dags/sneakerz_pipeline.py took 0.156 seconds
[2026-05-10T16:17:23.034+0000] {processor.py:161} INFO - Started process (PID=778) to work on /opt/airflow/dags/sneakerz_pipeline.py
[2026-05-10T16:17:23.036+0000] {processor.py:830} INFO - Processing file /opt/airflow/dags/sneakerz_pipeline.py for tasks to queue
[2026-05-10T16:17:23.040+0000] {logging_mixin.py:188} INFO - [2026-05-10T16:17:23.039+0000] {dagbag.py:540} INFO - Filling up the DagBag from /opt/airflow/dags/sneakerz_pipeline.py
[2026-05-10T16:17:23.070+0000] {processor.py:840} INFO - DAG(s) 'sneakerz_pipeline' retrieved from /opt/airflow/dags/sneakerz_pipeline.py
[2026-05-10T16:17:23.115+0000] {logging_mixin.py:188} INFO - [2026-05-10T16:17:23.115+0000] {dag.py:3096} INFO - Sync 1 DAGs
[2026-05-10T16:17:23.145+0000] {logging_mixin.py:188} INFO - [2026-05-10T16:17:23.145+0000] {dag.py:3954} INFO - Setting next_dagrun for sneakerz_pipeline to 2026-05-10 16:00:00+00:00, run_after=2026-05-10 17:00:00+00:00
[2026-05-10T16:17:23.173+0000] {processor.py:183} INFO - Processing /opt/airflow/dags/sneakerz_pipeline.py took 0.148 seconds
[2026-05-10T16:17:53.377+0000] {processor.py:161} INFO - Started process (PID=783) to work on /opt/airflow/dags/sneakerz_pipeline.py
[2026-05-10T16:17:53.379+0000] {processor.py:830} INFO - Processing file /opt/airflow/dags/sneakerz_pipeline.py for tasks to queue
[2026-05-10T16:17:53.382+0000] {logging_mixin.py:188} INFO - [2026-05-10T16:17:53.382+0000] {dagbag.py:540} INFO - Filling up the DagBag from /opt/airflow/dags/sneakerz_pipeline.py
[2026-05-10T16:17:53.418+0000] {processor.py:840} INFO - DAG(s) 'sneakerz_pipeline' retrieved from /opt/airflow/dags/sneakerz_pipeline.py
[2026-05-10T16:17:53.466+0000] {logging_mixin.py:188} INFO - [2026-05-10T16:17:53.466+0000] {dag.py:3096} INFO - Sync 1 DAGs
[2026-05-10T16:17:53.504+0000] {logging_mixin.py:188} INFO - [2026-05-10T16:17:53.504+0000] {dag.py:3954} INFO - Setting next_dagrun for sneakerz_pipeline to 2026-05-10 16:00:00+00:00, run_after=2026-05-10 17:00:00+00:00
[2026-05-10T16:17:53.537+0000] {processor.py:183} INFO - Processing /opt/airflow/dags/sneakerz_pipeline.py took 0.168 seconds
[2026-05-10T16:18:23.785+0000] {processor.py:161} INFO - Started process (PID=788) to work on /opt/airflow/dags/sneakerz_pipeline.py
[2026-05-10T16:18:23.790+0000] {processor.py:830} INFO - Processing file /opt/airflow/dags/sneakerz_pipeline.py for tasks to queue
[2026-05-10T16:18:23.797+0000] {logging_mixin.py:188} INFO - [2026-05-10T16:18:23.796+0000] {dagbag.py:540} INFO - Filling up the DagBag from /opt/airflow/dags/sneakerz_pipeline.py
[2026-05-10T16:18:23.827+0000] {processor.py:840} INFO - DAG(s) 'sneakerz_pipeline' retrieved from /opt/airflow/dags/sneakerz_pipeline.py
[2026-05-10T16:18:23.879+0000] {logging_mixin.py:188} INFO - [2026-05-10T16:18:23.878+0000] {dag.py:3096} INFO - Sync 1 DAGs
[2026-05-10T16:18:23.918+0000] {logging_mixin.py:188} INFO - [2026-05-10T16:18:23.918+0000] {dag.py:3954} INFO - Setting next_dagrun for sneakerz_pipeline to 2026-05-10 16:00:00+00:00, run_after=2026-05-10 17:00:00+00:00
[2026-05-10T16:18:23.947+0000] {processor.py:183} INFO - Processing /opt/airflow/dags/sneakerz_pipeline.py took 0.189 seconds
[2026-05-10T16:18:54.178+0000] {processor.py:161} INFO - Started process (PID=793) to work on /opt/airflow/dags/sneakerz_pipeline.py
[2026-05-10T16:18:54.180+0000] {processor.py:830} INFO - Processing file /opt/airflow/dags/sneakerz_pipeline.py for tasks to queue
[2026-05-10T16:18:54.184+0000] {logging_mixin.py:188} INFO - [2026-05-10T16:18:54.183+0000] {dagbag.py:540} INFO - Filling up the DagBag from /opt/airflow/dags/sneakerz_pipeline.py
[2026-05-10T16:18:54.216+0000] {processor.py:840} INFO - DAG(s) 'sneakerz_pipeline' retrieved from /opt/airflow/dags/sneakerz_pipeline.py
[2026-05-10T16:18:54.261+0000] {logging_mixin.py:188} INFO - [2026-05-10T16:18:54.260+0000] {dag.py:3096} INFO - Sync 1 DAGs
[2026-05-10T16:18:54.296+0000] {logging_mixin.py:188} INFO - [2026-05-10T16:18:54.296+0000] {dag.py:3954} INFO - Setting next_dagrun for sneakerz_pipeline to 2026-05-10 16:00:00+00:00, run_after=2026-05-10 17:00:00+00:00
[2026-05-10T16:18:54.327+0000] {processor.py:183} INFO - Processing /opt/airflow/dags/sneakerz_pipeline.py took 0.157 seconds
[2026-05-10T16:19:24.559+0000] {processor.py:161} INFO - Started process (PID=798) to work on /opt/airflow/dags/sneakerz_pipeline.py
[2026-05-10T16:19:24.561+0000] {processor.py:830} INFO - Processing file /opt/airflow/dags/sneakerz_pipeline.py for tasks to queue
[2026-05-10T16:19:24.565+0000] {logging_mixin.py:188} INFO - [2026-05-10T16:19:24.565+0000] {dagbag.py:540} INFO - Filling up the DagBag from /opt/airflow/dags/sneakerz_pipeline.py
[2026-05-10T16:19:24.597+0000] {processor.py:840} INFO - DAG(s) 'sneakerz_pipeline' retrieved from /opt/airflow/dags/sneakerz_pipeline.py
[2026-05-10T16:19:24.645+0000] {logging_mixin.py:188} INFO - [2026-05-10T16:19:24.644+0000] {dag.py:3096} INFO - Sync 1 DAGs
[2026-05-10T16:19:24.675+0000] {logging_mixin.py:188} INFO - [2026-05-10T16:19:24.675+0000] {dag.py:3954} INFO - Setting next_dagrun for sneakerz_pipeline to 2026-05-10 16:00:00+00:00, run_after=2026-05-10 17:00:00+00:00
[2026-05-10T16:19:24.704+0000] {processor.py:183} INFO - Processing /opt/airflow/dags/sneakerz_pipeline.py took 0.154 seconds
[2026-05-10T16:19:54.937+0000] {processor.py:161} INFO - Started process (PID=803) to work on /opt/airflow/dags/sneakerz_pipeline.py
[2026-05-10T16:19:54.939+0000] {processor.py:830} INFO - Processing file /opt/airflow/dags/sneakerz_pipeline.py for tasks to queue
[2026-05-10T16:19:54.942+0000] {logging_mixin.py:188} INFO - [2026-05-10T16:19:54.942+0000] {dagbag.py:540} INFO - Filling up the DagBag from /opt/airflow/dags/sneakerz_pipeline.py
[2026-05-10T16:19:54.974+0000] {processor.py:840} INFO - DAG(s) 'sneakerz_pipeline' retrieved from /opt/airflow/dags/sneakerz_pipeline.py
[2026-05-10T16:19:55.020+0000] {logging_mixin.py:188} INFO - [2026-05-10T16:19:55.019+0000] {dag.py:3096} INFO - Sync 1 DAGs
[2026-05-10T16:19:55.051+0000] {logging_mixin.py:188} INFO - [2026-05-10T16:19:55.051+0000] {dag.py:3954} INFO - Setting next_dagrun for sneakerz_pipeline to 2026-05-10 16:00:00+00:00, run_after=2026-05-10 17:00:00+00:00
[2026-05-10T16:19:55.079+0000] {processor.py:183} INFO - Processing /opt/airflow/dags/sneakerz_pipeline.py took 0.150 seconds
[2026-05-10T16:20:25.297+0000] {processor.py:161} INFO - Started process (PID=808) to work on /opt/airflow/dags/sneakerz_pipeline.py
[2026-05-10T16:20:25.299+0000] {processor.py:830} INFO - Processing file /opt/airflow/dags/sneakerz_pipeline.py for tasks to queue
[2026-05-10T16:20:25.303+0000] {logging_mixin.py:188} INFO - [2026-05-10T16:20:25.302+0000] {dagbag.py:540} INFO - Filling up the DagBag from /opt/airflow/dags/sneakerz_pipeline.py
[2026-05-10T16:20:25.337+0000] {processor.py:840} INFO - DAG(s) 'sneakerz_pipeline' retrieved from /opt/airflow/dags/sneakerz_pipeline.py
[2026-05-10T16:20:25.386+0000] {logging_mixin.py:188} INFO - [2026-05-10T16:20:25.386+0000] {dag.py:3096} INFO - Sync 1 DAGs
[2026-05-10T16:20:25.424+0000] {logging_mixin.py:188} INFO - [2026-05-10T16:20:25.423+0000] {dag.py:3954} INFO - Setting next_dagrun for sneakerz_pipeline to 2026-05-10 16:00:00+00:00, run_after=2026-05-10 17:00:00+00:00
[2026-05-10T16:20:25.453+0000] {processor.py:183} INFO - Processing /opt/airflow/dags/sneakerz_pipeline.py took 0.163 seconds
[2026-05-10T16:20:55.683+0000] {processor.py:161} INFO - Started process (PID=813) to work on /opt/airflow/dags/sneakerz_pipeline.py
[2026-05-10T16:20:55.685+0000] {processor.py:830} INFO - Processing file /opt/airflow/dags/sneakerz_pipeline.py for tasks to queue
[2026-05-10T16:20:55.688+0000] {logging_mixin.py:188} INFO - [2026-05-10T16:20:55.687+0000] {dagbag.py:540} INFO - Filling up the DagBag from /opt/airflow/dags/sneakerz_pipeline.py
[2026-05-10T16:20:55.724+0000] {processor.py:840} INFO - DAG(s) 'sneakerz_pipeline' retrieved from /opt/airflow/dags/sneakerz_pipeline.py
[2026-05-10T16:20:55.766+0000] {logging_mixin.py:188} INFO - [2026-05-10T16:20:55.766+0000] {dag.py:3096} INFO - Sync 1 DAGs
[2026-05-10T16:20:55.796+0000] {logging_mixin.py:188} INFO - [2026-05-10T16:20:55.796+0000] {dag.py:3954} INFO - Setting next_dagrun for sneakerz_pipeline to 2026-05-10 16:00:00+00:00, run_after=2026-05-10 17:00:00+00:00
[2026-05-10T16:20:55.821+0000] {processor.py:183} INFO - Processing /opt/airflow/dags/sneakerz_pipeline.py took 0.147 seconds
[2026-05-10T16:21:25.937+0000] {processor.py:161} INFO - Started process (PID=818) to work on /opt/airflow/dags/sneakerz_pipeline.py
[2026-05-10T16:21:25.939+0000] {processor.py:830} INFO - Processing file /opt/airflow/dags/sneakerz_pipeline.py for tasks to queue
[2026-05-10T16:21:25.942+0000] {logging_mixin.py:188} INFO - [2026-05-10T16:21:25.942+0000] {dagbag.py:540} INFO - Filling up the DagBag from /opt/airflow/dags/sneakerz_pipeline.py
[2026-05-10T16:21:25.978+0000] {processor.py:840} INFO - DAG(s) 'sneakerz_pipeline' retrieved from /opt/airflow/dags/sneakerz_pipeline.py
[2026-05-10T16:21:26.027+0000] {logging_mixin.py:188} INFO - [2026-05-10T16:21:26.027+0000] {dag.py:3096} INFO - Sync 1 DAGs
[2026-05-10T16:21:26.061+0000] {logging_mixin.py:188} INFO - [2026-05-10T16:21:26.061+0000] {dag.py:3954} INFO - Setting next_dagrun for sneakerz_pipeline to 2026-05-10 16:00:00+00:00, run_after=2026-05-10 17:00:00+00:00
[2026-05-10T16:21:26.091+0000] {processor.py:183} INFO - Processing /opt/airflow/dags/sneakerz_pipeline.py took 0.164 seconds
[2026-05-10T16:21:56.235+0000] {processor.py:161} INFO - Started process (PID=823) to work on /opt/airflow/dags/sneakerz_pipeline.py
[2026-05-10T16:21:56.237+0000] {processor.py:830} INFO - Processing file /opt/airflow/dags/sneakerz_pipeline.py for tasks to queue
[2026-05-10T16:21:56.240+0000] {logging_mixin.py:188} INFO - [2026-05-10T16:21:56.240+0000] {dagbag.py:540} INFO - Filling up the DagBag from /opt/airflow/dags/sneakerz_pipeline.py
[2026-05-10T16:21:56.274+0000] {processor.py:840} INFO - DAG(s) 'sneakerz_pipeline' retrieved from /opt/airflow/dags/sneakerz_pipeline.py
[2026-05-10T16:21:56.317+0000] {logging_mixin.py:188} INFO - [2026-05-10T16:21:56.317+0000] {dag.py:3096} INFO - Sync 1 DAGs
[2026-05-10T16:21:56.347+0000] {logging_mixin.py:188} INFO - [2026-05-10T16:21:56.347+0000] {dag.py:3954} INFO - Setting next_dagrun for sneakerz_pipeline to 2026-05-10 16:00:00+00:00, run_after=2026-05-10 17:00:00+00:00
[2026-05-10T16:21:56.375+0000] {processor.py:183} INFO - Processing /opt/airflow/dags/sneakerz_pipeline.py took 0.150 seconds
[2026-05-10T16:22:26.496+0000] {processor.py:161} INFO - Started process (PID=828) to work on /opt/airflow/dags/sneakerz_pipeline.py
[2026-05-10T16:22:26.497+0000] {processor.py:830} INFO - Processing file /opt/airflow/dags/sneakerz_pipeline.py for tasks to queue
[2026-05-10T16:22:26.501+0000] {logging_mixin.py:188} INFO - [2026-05-10T16:22:26.500+0000] {dagbag.py:540} INFO - Filling up the DagBag from /opt/airflow/dags/sneakerz_pipeline.py
[2026-05-10T16:22:26.535+0000] {processor.py:840} INFO - DAG(s) 'sneakerz_pipeline' retrieved from /opt/airflow/dags/sneakerz_pipeline.py
[2026-05-10T16:22:26.579+0000] {logging_mixin.py:188} INFO - [2026-05-10T16:22:26.579+0000] {dag.py:3096} INFO - Sync 1 DAGs
[2026-05-10T16:22:26.609+0000] {logging_mixin.py:188} INFO - [2026-05-10T16:22:26.609+0000] {dag.py:3954} INFO - Setting next_dagrun for sneakerz_pipeline to 2026-05-10 16:00:00+00:00, run_after=2026-05-10 17:00:00+00:00
[2026-05-10T16:22:26.637+0000] {processor.py:183} INFO - Processing /opt/airflow/dags/sneakerz_pipeline.py took 0.150 seconds
[2026-05-10T16:22:56.795+0000] {processor.py:161} INFO - Started process (PID=833) to work on /opt/airflow/dags/sneakerz_pipeline.py
[2026-05-10T16:22:56.797+0000] {processor.py:830} INFO - Processing file /opt/airflow/dags/sneakerz_pipeline.py for tasks to queue
[2026-05-10T16:22:56.801+0000] {logging_mixin.py:188} INFO - [2026-05-10T16:22:56.800+0000] {dagbag.py:540} INFO - Filling up the DagBag from /opt/airflow/dags/sneakerz_pipeline.py
[2026-05-10T16:22:56.841+0000] {processor.py:840} INFO - DAG(s) 'sneakerz_pipeline' retrieved from /opt/airflow/dags/sneakerz_pipeline.py
[2026-05-10T16:22:56.891+0000] {logging_mixin.py:188} INFO - [2026-05-10T16:22:56.890+0000] {dag.py:3096} INFO - Sync 1 DAGs
[2026-05-10T16:22:56.925+0000] {logging_mixin.py:188} INFO - [2026-05-10T16:22:56.924+0000] {dag.py:3954} INFO - Setting next_dagrun for sneakerz_pipeline to 2026-05-10 16:00:00+00:00, run_after=2026-05-10 17:00:00+00:00
[2026-05-10T16:22:56.952+0000] {processor.py:183} INFO - Processing /opt/airflow/dags/sneakerz_pipeline.py took 0.166 seconds
[2026-05-10T16:23:27.040+0000] {processor.py:161} INFO - Started process (PID=838) to work on /opt/airflow/dags/sneakerz_pipeline.py
[2026-05-10T16:23:27.042+0000] {processor.py:830} INFO - Processing file /opt/airflow/dags/sneakerz_pipeline.py for tasks to queue
[2026-05-10T16:23:27.044+0000] {logging_mixin.py:188} INFO - [2026-05-10T16:23:27.044+0000] {dagbag.py:540} INFO - Filling up the DagBag from /opt/airflow/dags/sneakerz_pipeline.py
[2026-05-10T16:23:27.076+0000] {processor.py:840} INFO - DAG(s) 'sneakerz_pipeline' retrieved from /opt/airflow/dags/sneakerz_pipeline.py
[2026-05-10T16:23:27.124+0000] {logging_mixin.py:188} INFO - [2026-05-10T16:23:27.124+0000] {dag.py:3096} INFO - Sync 1 DAGs
[2026-05-10T16:23:27.160+0000] {logging_mixin.py:188} INFO - [2026-05-10T16:23:27.160+0000] {dag.py:3954} INFO - Setting next_dagrun for sneakerz_pipeline to 2026-05-10 16:00:00+00:00, run_after=2026-05-10 17:00:00+00:00
[2026-05-10T16:23:27.187+0000] {processor.py:183} INFO - Processing /opt/airflow/dags/sneakerz_pipeline.py took 0.154 seconds
[2026-05-10T16:23:57.369+0000] {processor.py:161} INFO - Started process (PID=843) to work on /opt/airflow/dags/sneakerz_pipeline.py
[2026-05-10T16:23:57.370+0000] {processor.py:830} INFO - Processing file /opt/airflow/dags/sneakerz_pipeline.py for tasks to queue
[2026-05-10T16:23:57.373+0000] {logging_mixin.py:188} INFO - [2026-05-10T16:23:57.372+0000] {dagbag.py:540} INFO - Filling up the DagBag from /opt/airflow/dags/sneakerz_pipeline.py
[2026-05-10T16:23:57.405+0000] {processor.py:840} INFO - DAG(s) 'sneakerz_pipeline' retrieved from /opt/airflow/dags/sneakerz_pipeline.py
[2026-05-10T16:23:57.450+0000] {logging_mixin.py:188} INFO - [2026-05-10T16:23:57.450+0000] {dag.py:3096} INFO - Sync 1 DAGs
[2026-05-10T16:23:57.483+0000] {logging_mixin.py:188} INFO - [2026-05-10T16:23:57.483+0000] {dag.py:3954} INFO - Setting next_dagrun for sneakerz_pipeline to 2026-05-10 16:00:00+00:00, run_after=2026-05-10 17:00:00+00:00
[2026-05-10T16:23:57.512+0000] {processor.py:183} INFO - Processing /opt/airflow/dags/sneakerz_pipeline.py took 0.150 seconds
[2026-05-10T16:24:27.589+0000] {processor.py:161} INFO - Started process (PID=848) to work on /opt/airflow/dags/sneakerz_pipeline.py
[2026-05-10T16:24:27.591+0000] {processor.py:830} INFO - Processing file /opt/airflow/dags/sneakerz_pipeline.py for tasks to queue
[2026-05-10T16:24:27.595+0000] {logging_mixin.py:188} INFO - [2026-05-10T16:24:27.594+0000] {dagbag.py:540} INFO - Filling up the DagBag from /opt/airflow/dags/sneakerz_pipeline.py
[2026-05-10T16:24:27.629+0000] {processor.py:840} INFO - DAG(s) 'sneakerz_pipeline' retrieved from /opt/airflow/dags/sneakerz_pipeline.py
[2026-05-10T16:24:27.673+0000] {logging_mixin.py:188} INFO - [2026-05-10T16:24:27.673+0000] {dag.py:3096} INFO - Sync 1 DAGs
[2026-05-10T16:24:27.706+0000] {logging_mixin.py:188} INFO - [2026-05-10T16:24:27.705+0000] {dag.py:3954} INFO - Setting next_dagrun for sneakerz_pipeline to 2026-05-10 16:00:00+00:00, run_after=2026-05-10 17:00:00+00:00
[2026-05-10T16:24:27.732+0000] {processor.py:183} INFO - Processing /opt/airflow/dags/sneakerz_pipeline.py took 0.152 seconds
[2026-05-10T16:24:57.923+0000] {processor.py:161} INFO - Started process (PID=853) to work on /opt/airflow/dags/sneakerz_pipeline.py
[2026-05-10T16:24:57.925+0000] {processor.py:830} INFO - Processing file /opt/airflow/dags/sneakerz_pipeline.py for tasks to queue
[2026-05-10T16:24:57.928+0000] {logging_mixin.py:188} INFO - [2026-05-10T16:24:57.927+0000] {dagbag.py:540} INFO - Filling up the DagBag from /opt/airflow/dags/sneakerz_pipeline.py
[2026-05-10T16:24:57.959+0000] {processor.py:840} INFO - DAG(s) 'sneakerz_pipeline' retrieved from /opt/airflow/dags/sneakerz_pipeline.py
[2026-05-10T16:24:58.002+0000] {logging_mixin.py:188} INFO - [2026-05-10T16:24:58.002+0000] {dag.py:3096} INFO - Sync 1 DAGs
[2026-05-10T16:24:58.034+0000] {logging_mixin.py:188} INFO - [2026-05-10T16:24:58.034+0000] {dag.py:3954} INFO - Setting next_dagrun for sneakerz_pipeline to 2026-05-10 16:00:00+00:00, run_after=2026-05-10 17:00:00+00:00
[2026-05-10T16:24:58.062+0000] {processor.py:183} INFO - Processing /opt/airflow/dags/sneakerz_pipeline.py took 0.147 seconds
[2026-05-10T16:25:28.282+0000] {processor.py:161} INFO - Started process (PID=858) to work on /opt/airflow/dags/sneakerz_pipeline.py
[2026-05-10T16:25:28.284+0000] {processor.py:830} INFO - Processing file /opt/airflow/dags/sneakerz_pipeline.py for tasks to queue
[2026-05-10T16:25:28.287+0000] {logging_mixin.py:188} INFO - [2026-05-10T16:25:28.287+0000] {dagbag.py:540} INFO - Filling up the DagBag from /opt/airflow/dags/sneakerz_pipeline.py
[2026-05-10T16:25:28.319+0000] {processor.py:840} INFO - DAG(s) 'sneakerz_pipeline' retrieved from /opt/airflow/dags/sneakerz_pipeline.py
[2026-05-10T16:25:28.361+0000] {logging_mixin.py:188} INFO - [2026-05-10T16:25:28.361+0000] {dag.py:3096} INFO - Sync 1 DAGs
[2026-05-10T16:25:28.392+0000] {logging_mixin.py:188} INFO - [2026-05-10T16:25:28.391+0000] {dag.py:3954} INFO - Setting next_dagrun for sneakerz_pipeline to 2026-05-10 16:00:00+00:00, run_after=2026-05-10 17:00:00+00:00
[2026-05-10T16:25:28.420+0000] {processor.py:183} INFO - Processing /opt/airflow/dags/sneakerz_pipeline.py took 0.147 seconds
[2026-05-10T16:25:58.652+0000] {processor.py:161} INFO - Started process (PID=863) to work on /opt/airflow/dags/sneakerz_pipeline.py
[2026-05-10T16:25:58.654+0000] {processor.py:830} INFO - Processing file /opt/airflow/dags/sneakerz_pipeline.py for tasks to queue
[2026-05-10T16:25:58.656+0000] {logging_mixin.py:188} INFO - [2026-05-10T16:25:58.656+0000] {dagbag.py:540} INFO - Filling up the DagBag from /opt/airflow/dags/sneakerz_pipeline.py
[2026-05-10T16:25:58.689+0000] {processor.py:840} INFO - DAG(s) 'sneakerz_pipeline' retrieved from /opt/airflow/dags/sneakerz_pipeline.py
[2026-05-10T16:25:58.732+0000] {logging_mixin.py:188} INFO - [2026-05-10T16:25:58.732+0000] {dag.py:3096} INFO - Sync 1 DAGs
[2026-05-10T16:25:58.763+0000] {logging_mixin.py:188} INFO - [2026-05-10T16:25:58.763+0000] {dag.py:3954} INFO - Setting next_dagrun for sneakerz_pipeline to 2026-05-10 16:00:00+00:00, run_after=2026-05-10 17:00:00+00:00
[2026-05-10T16:25:58.792+0000] {processor.py:183} INFO - Processing /opt/airflow/dags/sneakerz_pipeline.py took 0.148 seconds
[2026-05-10T16:26:28.861+0000] {processor.py:161} INFO - Started process (PID=868) to work on /opt/airflow/dags/sneakerz_pipeline.py
[2026-05-10T16:26:28.864+0000] {processor.py:830} INFO - Processing file /opt/airflow/dags/sneakerz_pipeline.py for tasks to queue
[2026-05-10T16:26:28.868+0000] {logging_mixin.py:188} INFO - [2026-05-10T16:26:28.867+0000] {dagbag.py:540} INFO - Filling up the DagBag from /opt/airflow/dags/sneakerz_pipeline.py
[2026-05-10T16:26:28.903+0000] {processor.py:840} INFO - DAG(s) 'sneakerz_pipeline' retrieved from /opt/airflow/dags/sneakerz_pipeline.py
[2026-05-10T16:26:28.951+0000] {logging_mixin.py:188} INFO - [2026-05-10T16:26:28.951+0000] {dag.py:3096} INFO - Sync 1 DAGs
[2026-05-10T16:26:28.987+0000] {logging_mixin.py:188} INFO - [2026-05-10T16:26:28.986+0000] {dag.py:3954} INFO - Setting next_dagrun for sneakerz_pipeline to 2026-05-10 16:00:00+00:00, run_after=2026-05-10 17:00:00+00:00
[2026-05-10T16:26:29.019+0000] {processor.py:183} INFO - Processing /opt/airflow/dags/sneakerz_pipeline.py took 0.168 seconds
[2026-05-10T16:26:59.243+0000] {processor.py:161} INFO - Started process (PID=873) to work on /opt/airflow/dags/sneakerz_pipeline.py
[2026-05-10T16:26:59.245+0000] {processor.py:830} INFO - Processing file /opt/airflow/dags/sneakerz_pipeline.py for tasks to queue
[2026-05-10T16:26:59.248+0000] {logging_mixin.py:188} INFO - [2026-05-10T16:26:59.247+0000] {dagbag.py:540} INFO - Filling up the DagBag from /opt/airflow/dags/sneakerz_pipeline.py
[2026-05-10T16:26:59.281+0000] {processor.py:840} INFO - DAG(s) 'sneakerz_pipeline' retrieved from /opt/airflow/dags/sneakerz_pipeline.py
[2026-05-10T16:26:59.325+0000] {logging_mixin.py:188} INFO - [2026-05-10T16:26:59.325+0000] {dag.py:3096} INFO - Sync 1 DAGs
[2026-05-10T16:26:59.355+0000] {logging_mixin.py:188} INFO - [2026-05-10T16:26:59.355+0000] {dag.py:3954} INFO - Setting next_dagrun for sneakerz_pipeline to 2026-05-10 16:00:00+00:00, run_after=2026-05-10 17:00:00+00:00
[2026-05-10T16:26:59.385+0000] {processor.py:183} INFO - Processing /opt/airflow/dags/sneakerz_pipeline.py took 0.150 seconds
[2026-05-10T16:27:29.453+0000] {processor.py:161} INFO - Started process (PID=878) to work on /opt/airflow/dags/sneakerz_pipeline.py
[2026-05-10T16:27:29.455+0000] {processor.py:830} INFO - Processing file /opt/airflow/dags/sneakerz_pipeline.py for tasks to queue
[2026-05-10T16:27:29.458+0000] {logging_mixin.py:188} INFO - [2026-05-10T16:27:29.457+0000] {dagbag.py:540} INFO - Filling up the DagBag from /opt/airflow/dags/sneakerz_pipeline.py
[2026-05-10T16:27:29.491+0000] {processor.py:840} INFO - DAG(s) 'sneakerz_pipeline' retrieved from /opt/airflow/dags/sneakerz_pipeline.py
[2026-05-10T16:27:29.536+0000] {logging_mixin.py:188} INFO - [2026-05-10T16:27:29.535+0000] {dag.py:3096} INFO - Sync 1 DAGs
[2026-05-10T16:27:29.566+0000] {logging_mixin.py:188} INFO - [2026-05-10T16:27:29.566+0000] {dag.py:3954} INFO - Setting next_dagrun for sneakerz_pipeline to 2026-05-10 16:00:00+00:00, run_after=2026-05-10 17:00:00+00:00
[2026-05-10T16:27:29.592+0000] {processor.py:183} INFO - Processing /opt/airflow/dags/sneakerz_pipeline.py took 0.149 seconds
[2026-05-10T16:27:59.786+0000] {processor.py:161} INFO - Started process (PID=883) to work on /opt/airflow/dags/sneakerz_pipeline.py
[2026-05-10T16:27:59.787+0000] {processor.py:830} INFO - Processing file /opt/airflow/dags/sneakerz_pipeline.py for tasks to queue
[2026-05-10T16:27:59.790+0000] {logging_mixin.py:188} INFO - [2026-05-10T16:27:59.790+0000] {dagbag.py:540} INFO - Filling up the DagBag from /opt/airflow/dags/sneakerz_pipeline.py
[2026-05-10T16:27:59.822+0000] {processor.py:840} INFO - DAG(s) 'sneakerz_pipeline' retrieved from /opt/airflow/dags/sneakerz_pipeline.py
[2026-05-10T16:27:59.864+0000] {logging_mixin.py:188} INFO - [2026-05-10T16:27:59.863+0000] {dag.py:3096} INFO - Sync 1 DAGs
[2026-05-10T16:27:59.893+0000] {logging_mixin.py:188} INFO - [2026-05-10T16:27:59.893+0000] {dag.py:3954} INFO - Setting next_dagrun for sneakerz_pipeline to 2026-05-10 16:00:00+00:00, run_after=2026-05-10 17:00:00+00:00
[2026-05-10T16:27:59.922+0000] {processor.py:183} INFO - Processing /opt/airflow/dags/sneakerz_pipeline.py took 0.145 seconds
[2026-05-10T16:28:29.994+0000] {processor.py:161} INFO - Started process (PID=888) to work on /opt/airflow/dags/sneakerz_pipeline.py
[2026-05-10T16:28:29.996+0000] {processor.py:830} INFO - Processing file /opt/airflow/dags/sneakerz_pipeline.py for tasks to queue
[2026-05-10T16:28:30.000+0000] {logging_mixin.py:188} INFO - [2026-05-10T16:28:30.000+0000] {dagbag.py:540} INFO - Filling up the DagBag from /opt/airflow/dags/sneakerz_pipeline.py
[2026-05-10T16:28:30.037+0000] {processor.py:840} INFO - DAG(s) 'sneakerz_pipeline' retrieved from /opt/airflow/dags/sneakerz_pipeline.py
[2026-05-10T16:28:30.082+0000] {logging_mixin.py:188} INFO - [2026-05-10T16:28:30.082+0000] {dag.py:3096} INFO - Sync 1 DAGs
[2026-05-10T16:28:30.113+0000] {logging_mixin.py:188} INFO - [2026-05-10T16:28:30.113+0000] {dag.py:3954} INFO - Setting next_dagrun for sneakerz_pipeline to 2026-05-10 16:00:00+00:00, run_after=2026-05-10 17:00:00+00:00
[2026-05-10T16:28:30.140+0000] {processor.py:183} INFO - Processing /opt/airflow/dags/sneakerz_pipeline.py took 0.153 seconds
[2026-05-10T16:29:00.341+0000] {processor.py:161} INFO - Started process (PID=893) to work on /opt/airflow/dags/sneakerz_pipeline.py
[2026-05-10T16:29:00.343+0000] {processor.py:830} INFO - Processing file /opt/airflow/dags/sneakerz_pipeline.py for tasks to queue
[2026-05-10T16:29:00.346+0000] {logging_mixin.py:188} INFO - [2026-05-10T16:29:00.345+0000] {dagbag.py:540} INFO - Filling up the DagBag from /opt/airflow/dags/sneakerz_pipeline.py
[2026-05-10T16:29:00.380+0000] {processor.py:840} INFO - DAG(s) 'sneakerz_pipeline' retrieved from /opt/airflow/dags/sneakerz_pipeline.py
[2026-05-10T16:29:00.422+0000] {logging_mixin.py:188} INFO - [2026-05-10T16:29:00.422+0000] {dag.py:3096} INFO - Sync 1 DAGs
[2026-05-10T16:29:00.453+0000] {logging_mixin.py:188} INFO - [2026-05-10T16:29:00.453+0000] {dag.py:3954} INFO - Setting next_dagrun for sneakerz_pipeline to 2026-05-10 16:00:00+00:00, run_after=2026-05-10 17:00:00+00:00
[2026-05-10T16:29:00.484+0000] {processor.py:183} INFO - Processing /opt/airflow/dags/sneakerz_pipeline.py took 0.152 seconds
[2026-05-10T16:29:30.716+0000] {processor.py:161} INFO - Started process (PID=898) to work on /opt/airflow/dags/sneakerz_pipeline.py
[2026-05-10T16:29:30.718+0000] {processor.py:830} INFO - Processing file /opt/airflow/dags/sneakerz_pipeline.py for tasks to queue
[2026-05-10T16:29:30.721+0000] {logging_mixin.py:188} INFO - [2026-05-10T16:29:30.721+0000] {dagbag.py:540} INFO - Filling up the DagBag from /opt/airflow/dags/sneakerz_pipeline.py
[2026-05-10T16:29:30.757+0000] {processor.py:840} INFO - DAG(s) 'sneakerz_pipeline' retrieved from /opt/airflow/dags/sneakerz_pipeline.py
[2026-05-10T16:29:30.807+0000] {logging_mixin.py:188} INFO - [2026-05-10T16:29:30.807+0000] {dag.py:3096} INFO - Sync 1 DAGs
[2026-05-10T16:29:30.842+0000] {logging_mixin.py:188} INFO - [2026-05-10T16:29:30.841+0000] {dag.py:3954} INFO - Setting next_dagrun for sneakerz_pipeline to 2026-05-10 16:00:00+00:00, run_after=2026-05-10 17:00:00+00:00
[2026-05-10T16:29:30.869+0000] {processor.py:183} INFO - Processing /opt/airflow/dags/sneakerz_pipeline.py took 0.162 seconds
[2026-05-10T16:30:01.094+0000] {processor.py:161} INFO - Started process (PID=903) to work on /opt/airflow/dags/sneakerz_pipeline.py
[2026-05-10T16:30:01.095+0000] {processor.py:830} INFO - Processing file /opt/airflow/dags/sneakerz_pipeline.py for tasks to queue
[2026-05-10T16:30:01.098+0000] {logging_mixin.py:188} INFO - [2026-05-10T16:30:01.098+0000] {dagbag.py:540} INFO - Filling up the DagBag from /opt/airflow/dags/sneakerz_pipeline.py
[2026-05-10T16:30:01.132+0000] {processor.py:840} INFO - DAG(s) 'sneakerz_pipeline' retrieved from /opt/airflow/dags/sneakerz_pipeline.py
[2026-05-10T16:30:01.179+0000] {logging_mixin.py:188} INFO - [2026-05-10T16:30:01.179+0000] {dag.py:3096} INFO - Sync 1 DAGs
[2026-05-10T16:30:01.215+0000] {logging_mixin.py:188} INFO - [2026-05-10T16:30:01.214+0000] {dag.py:3954} INFO - Setting next_dagrun for sneakerz_pipeline to 2026-05-10 16:00:00+00:00, run_after=2026-05-10 17:00:00+00:00
[2026-05-10T16:30:01.242+0000] {processor.py:183} INFO - Processing /opt/airflow/dags/sneakerz_pipeline.py took 0.156 seconds
[2026-05-10T16:30:31.462+0000] {processor.py:161} INFO - Started process (PID=908) to work on /opt/airflow/dags/sneakerz_pipeline.py
[2026-05-10T16:30:31.464+0000] {processor.py:830} INFO - Processing file /opt/airflow/dags/sneakerz_pipeline.py for tasks to queue
[2026-05-10T16:30:31.467+0000] {logging_mixin.py:188} INFO - [2026-05-10T16:30:31.467+0000] {dagbag.py:540} INFO - Filling up the DagBag from /opt/airflow/dags/sneakerz_pipeline.py
[2026-05-10T16:30:31.500+0000] {processor.py:840} INFO - DAG(s) 'sneakerz_pipeline' retrieved from /opt/airflow/dags/sneakerz_pipeline.py
[2026-05-10T16:30:31.544+0000] {logging_mixin.py:188} INFO - [2026-05-10T16:30:31.544+0000] {dag.py:3096} INFO - Sync 1 DAGs
[2026-05-10T16:30:31.577+0000] {logging_mixin.py:188} INFO - [2026-05-10T16:30:31.576+0000] {dag.py:3954} INFO - Setting next_dagrun for sneakerz_pipeline to 2026-05-10 16:00:00+00:00, run_after=2026-05-10 17:00:00+00:00
[2026-05-10T16:30:31.605+0000] {processor.py:183} INFO - Processing /opt/airflow/dags/sneakerz_pipeline.py took 0.152 seconds
[2026-05-10T16:31:01.828+0000] {processor.py:161} INFO - Started process (PID=913) to work on /opt/airflow/dags/sneakerz_pipeline.py
[2026-05-10T16:31:01.829+0000] {processor.py:830} INFO - Processing file /opt/airflow/dags/sneakerz_pipeline.py for tasks to queue
[2026-05-10T16:31:01.833+0000] {logging_mixin.py:188} INFO - [2026-05-10T16:31:01.832+0000] {dagbag.py:540} INFO - Filling up the DagBag from /opt/airflow/dags/sneakerz_pipeline.py
[2026-05-10T16:31:01.864+0000] {processor.py:840} INFO - DAG(s) 'sneakerz_pipeline' retrieved from /opt/airflow/dags/sneakerz_pipeline.py
[2026-05-10T16:31:01.910+0000] {logging_mixin.py:188} INFO - [2026-05-10T16:31:01.909+0000] {dag.py:3096} INFO - Sync 1 DAGs
[2026-05-10T16:31:01.940+0000] {logging_mixin.py:188} INFO - [2026-05-10T16:31:01.940+0000] {dag.py:3954} INFO - Setting next_dagrun for sneakerz_pipeline to 2026-05-10 16:00:00+00:00, run_after=2026-05-10 17:00:00+00:00
[2026-05-10T16:31:01.970+0000] {processor.py:183} INFO - Processing /opt/airflow/dags/sneakerz_pipeline.py took 0.150 seconds
[2026-05-10T16:31:32.259+0000] {processor.py:161} INFO - Started process (PID=918) to work on /opt/airflow/dags/sneakerz_pipeline.py
[2026-05-10T16:31:32.261+0000] {processor.py:830} INFO - Processing file /opt/airflow/dags/sneakerz_pipeline.py for tasks to queue
[2026-05-10T16:31:32.264+0000] {logging_mixin.py:188} INFO - [2026-05-10T16:31:32.264+0000] {dagbag.py:540} INFO - Filling up the DagBag from /opt/airflow/dags/sneakerz_pipeline.py
[2026-05-10T16:31:32.311+0000] {processor.py:840} INFO - DAG(s) 'sneakerz_pipeline' retrieved from /opt/airflow/dags/sneakerz_pipeline.py
[2026-05-10T16:31:32.374+0000] {logging_mixin.py:188} INFO - [2026-05-10T16:31:32.373+0000] {dag.py:3096} INFO - Sync 1 DAGs
[2026-05-10T16:31:32.424+0000] {logging_mixin.py:188} INFO - [2026-05-10T16:31:32.423+0000] {dag.py:3954} INFO - Setting next_dagrun for sneakerz_pipeline to 2026-05-10 16:00:00+00:00, run_after=2026-05-10 17:00:00+00:00
[2026-05-10T16:31:32.456+0000] {processor.py:183} INFO - Processing /opt/airflow/dags/sneakerz_pipeline.py took 0.207 seconds
[2026-05-10T16:32:02.683+0000] {processor.py:161} INFO - Started process (PID=923) to work on /opt/airflow/dags/sneakerz_pipeline.py
[2026-05-10T16:32:02.684+0000] {processor.py:830} INFO - Processing file /opt/airflow/dags/sneakerz_pipeline.py for tasks to queue
[2026-05-10T16:32:02.687+0000] {logging_mixin.py:188} INFO - [2026-05-10T16:32:02.687+0000] {dagbag.py:540} INFO - Filling up the DagBag from /opt/airflow/dags/sneakerz_pipeline.py
[2026-05-10T16:32:02.718+0000] {processor.py:840} INFO - DAG(s) 'sneakerz_pipeline' retrieved from /opt/airflow/dags/sneakerz_pipeline.py
[2026-05-10T16:32:02.762+0000] {logging_mixin.py:188} INFO - [2026-05-10T16:32:02.762+0000] {dag.py:3096} INFO - Sync 1 DAGs
[2026-05-10T16:32:02.795+0000] {logging_mixin.py:188} INFO - [2026-05-10T16:32:02.795+0000] {dag.py:3954} INFO - Setting next_dagrun for sneakerz_pipeline to 2026-05-10 16:00:00+00:00, run_after=2026-05-10 17:00:00+00:00
[2026-05-10T16:32:02.823+0000] {processor.py:183} INFO - Processing /opt/airflow/dags/sneakerz_pipeline.py took 0.148 seconds
[2026-05-10T16:32:33.061+0000] {processor.py:161} INFO - Started process (PID=928) to work on /opt/airflow/dags/sneakerz_pipeline.py
[2026-05-10T16:32:33.062+0000] {processor.py:830} INFO - Processing file /opt/airflow/dags/sneakerz_pipeline.py for tasks to queue
[2026-05-10T16:32:33.066+0000] {logging_mixin.py:188} INFO - [2026-05-10T16:32:33.065+0000] {dagbag.py:540} INFO - Filling up the DagBag from /opt/airflow/dags/sneakerz_pipeline.py
[2026-05-10T16:32:33.100+0000] {processor.py:840} INFO - DAG(s) 'sneakerz_pipeline' retrieved from /opt/airflow/dags/sneakerz_pipeline.py
[2026-05-10T16:32:33.147+0000] {logging_mixin.py:188} INFO - [2026-05-10T16:32:33.147+0000] {dag.py:3096} INFO - Sync 1 DAGs
[2026-05-10T16:32:33.178+0000] {logging_mixin.py:188} INFO - [2026-05-10T16:32:33.178+0000] {dag.py:3954} INFO - Setting next_dagrun for sneakerz_pipeline to 2026-05-10 16:00:00+00:00, run_after=2026-05-10 17:00:00+00:00
[2026-05-10T16:32:33.206+0000] {processor.py:183} INFO - Processing /opt/airflow/dags/sneakerz_pipeline.py took 0.153 seconds
[2026-05-10T16:33:03.277+0000] {processor.py:161} INFO - Started process (PID=933) to work on /opt/airflow/dags/sneakerz_pipeline.py
[2026-05-10T16:33:03.279+0000] {processor.py:830} INFO - Processing file /opt/airflow/dags/sneakerz_pipeline.py for tasks to queue
[2026-05-10T16:33:03.281+0000] {logging_mixin.py:188} INFO - [2026-05-10T16:33:03.281+0000] {dagbag.py:540} INFO - Filling up the DagBag from /opt/airflow/dags/sneakerz_pipeline.py
[2026-05-10T16:33:03.314+0000] {processor.py:840} INFO - DAG(s) 'sneakerz_pipeline' retrieved from /opt/airflow/dags/sneakerz_pipeline.py
[2026-05-10T16:33:03.359+0000] {logging_mixin.py:188} INFO - [2026-05-10T16:33:03.358+0000] {dag.py:3096} INFO - Sync 1 DAGs
[2026-05-10T16:33:03.391+0000] {logging_mixin.py:188} INFO - [2026-05-10T16:33:03.391+0000] {dag.py:3954} INFO - Setting next_dagrun for sneakerz_pipeline to 2026-05-10 16:00:00+00:00, run_after=2026-05-10 17:00:00+00:00
[2026-05-10T16:33:03.418+0000] {processor.py:183} INFO - Processing /opt/airflow/dags/sneakerz_pipeline.py took 0.149 seconds
[2026-05-10T16:33:33.639+0000] {processor.py:161} INFO - Started process (PID=938) to work on /opt/airflow/dags/sneakerz_pipeline.py
[2026-05-10T16:33:33.641+0000] {processor.py:830} INFO - Processing file /opt/airflow/dags/sneakerz_pipeline.py for tasks to queue
[2026-05-10T16:33:33.644+0000] {logging_mixin.py:188} INFO - [2026-05-10T16:33:33.643+0000] {dagbag.py:540} INFO - Filling up the DagBag from /opt/airflow/dags/sneakerz_pipeline.py
[2026-05-10T16:33:33.676+0000] {processor.py:840} INFO - DAG(s) 'sneakerz_pipeline' retrieved from /opt/airflow/dags/sneakerz_pipeline.py
[2026-05-10T16:33:33.728+0000] {logging_mixin.py:188} INFO - [2026-05-10T16:33:33.727+0000] {dag.py:3096} INFO - Sync 1 DAGs
[2026-05-10T16:33:33.762+0000] {logging_mixin.py:188} INFO - [2026-05-10T16:33:33.762+0000] {dag.py:3954} INFO - Setting next_dagrun for sneakerz_pipeline to 2026-05-10 16:00:00+00:00, run_after=2026-05-10 17:00:00+00:00
[2026-05-10T16:33:33.792+0000] {processor.py:183} INFO - Processing /opt/airflow/dags/sneakerz_pipeline.py took 0.164 seconds
[2026-05-10T16:34:04.014+0000] {processor.py:161} INFO - Started process (PID=943) to work on /opt/airflow/dags/sneakerz_pipeline.py
[2026-05-10T16:34:04.016+0000] {processor.py:830} INFO - Processing file /opt/airflow/dags/sneakerz_pipeline.py for tasks to queue
[2026-05-10T16:34:04.018+0000] {logging_mixin.py:188} INFO - [2026-05-10T16:34:04.018+0000] {dagbag.py:540} INFO - Filling up the DagBag from /opt/airflow/dags/sneakerz_pipeline.py
[2026-05-10T16:34:04.050+0000] {processor.py:840} INFO - DAG(s) 'sneakerz_pipeline' retrieved from /opt/airflow/dags/sneakerz_pipeline.py
[2026-05-10T16:34:04.095+0000] {logging_mixin.py:188} INFO - [2026-05-10T16:34:04.095+0000] {dag.py:3096} INFO - Sync 1 DAGs
[2026-05-10T16:34:04.128+0000] {logging_mixin.py:188} INFO - [2026-05-10T16:34:04.127+0000] {dag.py:3954} INFO - Setting next_dagrun for sneakerz_pipeline to 2026-05-10 16:00:00+00:00, run_after=2026-05-10 17:00:00+00:00
[2026-05-10T16:34:04.156+0000] {processor.py:183} INFO - Processing /opt/airflow/dags/sneakerz_pipeline.py took 0.151 seconds
[2026-05-10T16:34:34.375+0000] {processor.py:161} INFO - Started process (PID=948) to work on /opt/airflow/dags/sneakerz_pipeline.py
[2026-05-10T16:34:34.377+0000] {processor.py:830} INFO - Processing file /opt/airflow/dags/sneakerz_pipeline.py for tasks to queue
[2026-05-10T16:34:34.380+0000] {logging_mixin.py:188} INFO - [2026-05-10T16:34:34.379+0000] {dagbag.py:540} INFO - Filling up the DagBag from /opt/airflow/dags/sneakerz_pipeline.py
[2026-05-10T16:34:34.414+0000] {processor.py:840} INFO - DAG(s) 'sneakerz_pipeline' retrieved from /opt/airflow/dags/sneakerz_pipeline.py
[2026-05-10T16:34:34.460+0000] {logging_mixin.py:188} INFO - [2026-05-10T16:34:34.460+0000] {dag.py:3096} INFO - Sync 1 DAGs
[2026-05-10T16:34:34.493+0000] {logging_mixin.py:188} INFO - [2026-05-10T16:34:34.493+0000] {dag.py:3954} INFO - Setting next_dagrun for sneakerz_pipeline to 2026-05-10 16:00:00+00:00, run_after=2026-05-10 17:00:00+00:00
[2026-05-10T16:34:34.521+0000] {processor.py:183} INFO - Processing /opt/airflow/dags/sneakerz_pipeline.py took 0.154 seconds
[2026-05-10T16:35:04.589+0000] {processor.py:161} INFO - Started process (PID=953) to work on /opt/airflow/dags/sneakerz_pipeline.py
[2026-05-10T16:35:04.591+0000] {processor.py:830} INFO - Processing file /opt/airflow/dags/sneakerz_pipeline.py for tasks to queue
[2026-05-10T16:35:04.596+0000] {logging_mixin.py:188} INFO - [2026-05-10T16:35:04.595+0000] {dagbag.py:540} INFO - Filling up the DagBag from /opt/airflow/dags/sneakerz_pipeline.py
[2026-05-10T16:35:04.639+0000] {processor.py:840} INFO - DAG(s) 'sneakerz_pipeline' retrieved from /opt/airflow/dags/sneakerz_pipeline.py
[2026-05-10T16:35:04.684+0000] {logging_mixin.py:188} INFO - [2026-05-10T16:35:04.684+0000] {dag.py:3096} INFO - Sync 1 DAGs
[2026-05-10T16:35:04.720+0000] {logging_mixin.py:188} INFO - [2026-05-10T16:35:04.719+0000] {dag.py:3954} INFO - Setting next_dagrun for sneakerz_pipeline to 2026-05-10 16:00:00+00:00, run_after=2026-05-10 17:00:00+00:00
[2026-05-10T16:35:04.748+0000] {processor.py:183} INFO - Processing /opt/airflow/dags/sneakerz_pipeline.py took 0.169 seconds
[2026-05-10T16:35:34.941+0000] {processor.py:161} INFO - Started process (PID=958) to work on /opt/airflow/dags/sneakerz_pipeline.py
[2026-05-10T16:35:34.943+0000] {processor.py:830} INFO - Processing file /opt/airflow/dags/sneakerz_pipeline.py for tasks to queue
[2026-05-10T16:35:34.946+0000] {logging_mixin.py:188} INFO - [2026-05-10T16:35:34.946+0000] {dagbag.py:540} INFO - Filling up the DagBag from /opt/airflow/dags/sneakerz_pipeline.py
[2026-05-10T16:35:34.979+0000] {processor.py:840} INFO - DAG(s) 'sneakerz_pipeline' retrieved from /opt/airflow/dags/sneakerz_pipeline.py
[2026-05-10T16:35:35.033+0000] {logging_mixin.py:188} INFO - [2026-05-10T16:35:35.033+0000] {dag.py:3096} INFO - Sync 1 DAGs
[2026-05-10T16:35:35.071+0000] {logging_mixin.py:188} INFO - [2026-05-10T16:35:35.070+0000] {dag.py:3954} INFO - Setting next_dagrun for sneakerz_pipeline to 2026-05-10 16:00:00+00:00, run_after=2026-05-10 17:00:00+00:00
[2026-05-10T16:35:35.102+0000] {processor.py:183} INFO - Processing /opt/airflow/dags/sneakerz_pipeline.py took 0.170 seconds
[2026-05-10T16:36:05.330+0000] {processor.py:161} INFO - Started process (PID=963) to work on /opt/airflow/dags/sneakerz_pipeline.py
[2026-05-10T16:36:05.332+0000] {processor.py:830} INFO - Processing file /opt/airflow/dags/sneakerz_pipeline.py for tasks to queue
[2026-05-10T16:36:05.335+0000] {logging_mixin.py:188} INFO - [2026-05-10T16:36:05.334+0000] {dagbag.py:540} INFO - Filling up the DagBag from /opt/airflow/dags/sneakerz_pipeline.py
[2026-05-10T16:36:05.369+0000] {processor.py:840} INFO - DAG(s) 'sneakerz_pipeline' retrieved from /opt/airflow/dags/sneakerz_pipeline.py
[2026-05-10T16:36:05.412+0000] {logging_mixin.py:188} INFO - [2026-05-10T16:36:05.412+0000] {dag.py:3096} INFO - Sync 1 DAGs
[2026-05-10T16:36:05.442+0000] {logging_mixin.py:188} INFO - [2026-05-10T16:36:05.442+0000] {dag.py:3954} INFO - Setting next_dagrun for sneakerz_pipeline to 2026-05-10 16:00:00+00:00, run_after=2026-05-10 17:00:00+00:00
[2026-05-10T16:36:05.472+0000] {processor.py:183} INFO - Processing /opt/airflow/dags/sneakerz_pipeline.py took 0.148 seconds
[2026-05-10T16:36:35.572+0000] {processor.py:161} INFO - Started process (PID=968) to work on /opt/airflow/dags/sneakerz_pipeline.py
[2026-05-10T16:36:35.574+0000] {processor.py:830} INFO - Processing file /opt/airflow/dags/sneakerz_pipeline.py for tasks to queue
[2026-05-10T16:36:35.577+0000] {logging_mixin.py:188} INFO - [2026-05-10T16:36:35.576+0000] {dagbag.py:540} INFO - Filling up the DagBag from /opt/airflow/dags/sneakerz_pipeline.py
[2026-05-10T16:36:35.606+0000] {processor.py:840} INFO - DAG(s) 'sneakerz_pipeline' retrieved from /opt/airflow/dags/sneakerz_pipeline.py
[2026-05-10T16:36:35.651+0000] {logging_mixin.py:188} INFO - [2026-05-10T16:36:35.651+0000] {dag.py:3096} INFO - Sync 1 DAGs
[2026-05-10T16:36:35.682+0000] {logging_mixin.py:188} INFO - [2026-05-10T16:36:35.682+0000] {dag.py:3954} INFO - Setting next_dagrun for sneakerz_pipeline to 2026-05-10 16:00:00+00:00, run_after=2026-05-10 17:00:00+00:00
[2026-05-10T16:36:35.710+0000] {processor.py:183} INFO - Processing /opt/airflow/dags/sneakerz_pipeline.py took 0.146 seconds
[2026-05-10T16:37:05.903+0000] {processor.py:161} INFO - Started process (PID=973) to work on /opt/airflow/dags/sneakerz_pipeline.py
[2026-05-10T16:37:05.905+0000] {processor.py:830} INFO - Processing file /opt/airflow/dags/sneakerz_pipeline.py for tasks to queue
[2026-05-10T16:37:05.909+0000] {logging_mixin.py:188} INFO - [2026-05-10T16:37:05.909+0000] {dagbag.py:540} INFO - Filling up the DagBag from /opt/airflow/dags/sneakerz_pipeline.py
[2026-05-10T16:37:05.942+0000] {processor.py:840} INFO - DAG(s) 'sneakerz_pipeline' retrieved from /opt/airflow/dags/sneakerz_pipeline.py
[2026-05-10T16:37:05.982+0000] {logging_mixin.py:188} INFO - [2026-05-10T16:37:05.982+0000] {dag.py:3096} INFO - Sync 1 DAGs
[2026-05-10T16:37:06.015+0000] {logging_mixin.py:188} INFO - [2026-05-10T16:37:06.015+0000] {dag.py:3954} INFO - Setting next_dagrun for sneakerz_pipeline to 2026-05-10 16:00:00+00:00, run_after=2026-05-10 17:00:00+00:00
[2026-05-10T16:37:06.046+0000] {processor.py:183} INFO - Processing /opt/airflow/dags/sneakerz_pipeline.py took 0.153 seconds
[2026-05-10T16:37:36.128+0000] {processor.py:161} INFO - Started process (PID=978) to work on /opt/airflow/dags/sneakerz_pipeline.py
[2026-05-10T16:37:36.130+0000] {processor.py:830} INFO - Processing file /opt/airflow/dags/sneakerz_pipeline.py for tasks to queue
[2026-05-10T16:37:36.133+0000] {logging_mixin.py:188} INFO - [2026-05-10T16:37:36.133+0000] {dagbag.py:540} INFO - Filling up the DagBag from /opt/airflow/dags/sneakerz_pipeline.py
[2026-05-10T16:37:36.167+0000] {processor.py:840} INFO - DAG(s) 'sneakerz_pipeline' retrieved from /opt/airflow/dags/sneakerz_pipeline.py
[2026-05-10T16:37:36.214+0000] {logging_mixin.py:188} INFO - [2026-05-10T16:37:36.214+0000] {dag.py:3096} INFO - Sync 1 DAGs
[2026-05-10T16:37:36.247+0000] {logging_mixin.py:188} INFO - [2026-05-10T16:37:36.246+0000] {dag.py:3954} INFO - Setting next_dagrun for sneakerz_pipeline to 2026-05-10 16:00:00+00:00, run_after=2026-05-10 17:00:00+00:00
[2026-05-10T16:37:36.275+0000] {processor.py:183} INFO - Processing /opt/airflow/dags/sneakerz_pipeline.py took 0.156 seconds
[2026-05-10T16:38:06.452+0000] {processor.py:161} INFO - Started process (PID=983) to work on /opt/airflow/dags/sneakerz_pipeline.py
[2026-05-10T16:38:06.453+0000] {processor.py:830} INFO - Processing file /opt/airflow/dags/sneakerz_pipeline.py for tasks to queue
[2026-05-10T16:38:06.455+0000] {logging_mixin.py:188} INFO - [2026-05-10T16:38:06.455+0000] {dagbag.py:540} INFO - Filling up the DagBag from /opt/airflow/dags/sneakerz_pipeline.py
[2026-05-10T16:38:06.490+0000] {processor.py:840} INFO - DAG(s) 'sneakerz_pipeline' retrieved from /opt/airflow/dags/sneakerz_pipeline.py
[2026-05-10T16:38:06.536+0000] {logging_mixin.py:188} INFO - [2026-05-10T16:38:06.536+0000] {dag.py:3096} INFO - Sync 1 DAGs
[2026-05-10T16:38:06.570+0000] {logging_mixin.py:188} INFO - [2026-05-10T16:38:06.570+0000] {dag.py:3954} INFO - Setting next_dagrun for sneakerz_pipeline to 2026-05-10 16:00:00+00:00, run_after=2026-05-10 17:00:00+00:00
[2026-05-10T16:38:06.599+0000] {processor.py:183} INFO - Processing /opt/airflow/dags/sneakerz_pipeline.py took 0.155 seconds
[2026-05-10T16:38:36.699+0000] {processor.py:161} INFO - Started process (PID=988) to work on /opt/airflow/dags/sneakerz_pipeline.py
[2026-05-10T16:38:36.701+0000] {processor.py:830} INFO - Processing file /opt/airflow/dags/sneakerz_pipeline.py for tasks to queue
[2026-05-10T16:38:36.704+0000] {logging_mixin.py:188} INFO - [2026-05-10T16:38:36.703+0000] {dagbag.py:540} INFO - Filling up the DagBag from /opt/airflow/dags/sneakerz_pipeline.py
[2026-05-10T16:38:36.734+0000] {processor.py:840} INFO - DAG(s) 'sneakerz_pipeline' retrieved from /opt/airflow/dags/sneakerz_pipeline.py
[2026-05-10T16:38:36.777+0000] {logging_mixin.py:188} INFO - [2026-05-10T16:38:36.777+0000] {dag.py:3096} INFO - Sync 1 DAGs
[2026-05-10T16:38:36.807+0000] {logging_mixin.py:188} INFO - [2026-05-10T16:38:36.807+0000] {dag.py:3954} INFO - Setting next_dagrun for sneakerz_pipeline to 2026-05-10 16:00:00+00:00, run_after=2026-05-10 17:00:00+00:00
[2026-05-10T16:38:36.833+0000] {processor.py:183} INFO - Processing /opt/airflow/dags/sneakerz_pipeline.py took 0.143 seconds
[2026-05-10T16:39:07.020+0000] {processor.py:161} INFO - Started process (PID=993) to work on /opt/airflow/dags/sneakerz_pipeline.py
[2026-05-10T16:39:07.022+0000] {processor.py:830} INFO - Processing file /opt/airflow/dags/sneakerz_pipeline.py for tasks to queue
[2026-05-10T16:39:07.025+0000] {logging_mixin.py:188} INFO - [2026-05-10T16:39:07.024+0000] {dagbag.py:540} INFO - Filling up the DagBag from /opt/airflow/dags/sneakerz_pipeline.py
[2026-05-10T16:39:07.058+0000] {processor.py:840} INFO - DAG(s) 'sneakerz_pipeline' retrieved from /opt/airflow/dags/sneakerz_pipeline.py
[2026-05-10T16:39:07.105+0000] {logging_mixin.py:188} INFO - [2026-05-10T16:39:07.105+0000] {dag.py:3096} INFO - Sync 1 DAGs
[2026-05-10T16:39:07.136+0000] {logging_mixin.py:188} INFO - [2026-05-10T16:39:07.136+0000] {dag.py:3954} INFO - Setting next_dagrun for sneakerz_pipeline to 2026-05-10 16:00:00+00:00, run_after=2026-05-10 17:00:00+00:00
[2026-05-10T16:39:07.166+0000] {processor.py:183} INFO - Processing /opt/airflow/dags/sneakerz_pipeline.py took 0.155 seconds
[2026-05-10T16:39:37.241+0000] {processor.py:161} INFO - Started process (PID=998) to work on /opt/airflow/dags/sneakerz_pipeline.py
[2026-05-10T16:39:37.243+0000] {processor.py:830} INFO - Processing file /opt/airflow/dags/sneakerz_pipeline.py for tasks to queue
[2026-05-10T16:39:37.246+0000] {logging_mixin.py:188} INFO - [2026-05-10T16:39:37.245+0000] {dagbag.py:540} INFO - Filling up the DagBag from /opt/airflow/dags/sneakerz_pipeline.py
[2026-05-10T16:39:37.280+0000] {processor.py:840} INFO - DAG(s) 'sneakerz_pipeline' retrieved from /opt/airflow/dags/sneakerz_pipeline.py
[2026-05-10T16:39:37.327+0000] {logging_mixin.py:188} INFO - [2026-05-10T16:39:37.327+0000] {dag.py:3096} INFO - Sync 1 DAGs
[2026-05-10T16:39:37.360+0000] {logging_mixin.py:188} INFO - [2026-05-10T16:39:37.359+0000] {dag.py:3954} INFO - Setting next_dagrun for sneakerz_pipeline to 2026-05-10 16:00:00+00:00, run_after=2026-05-10 17:00:00+00:00
[2026-05-10T16:39:37.388+0000] {processor.py:183} INFO - Processing /opt/airflow/dags/sneakerz_pipeline.py took 0.156 seconds
[2026-05-10T16:40:07.591+0000] {processor.py:161} INFO - Started process (PID=1003) to work on /opt/airflow/dags/sneakerz_pipeline.py
[2026-05-10T16:40:07.593+0000] {processor.py:830} INFO - Processing file /opt/airflow/dags/sneakerz_pipeline.py for tasks to queue
[2026-05-10T16:40:07.596+0000] {logging_mixin.py:188} INFO - [2026-05-10T16:40:07.596+0000] {dagbag.py:540} INFO - Filling up the DagBag from /opt/airflow/dags/sneakerz_pipeline.py
[2026-05-10T16:40:07.630+0000] {processor.py:840} INFO - DAG(s) 'sneakerz_pipeline' retrieved from /opt/airflow/dags/sneakerz_pipeline.py
[2026-05-10T16:40:07.675+0000] {logging_mixin.py:188} INFO - [2026-05-10T16:40:07.675+0000] {dag.py:3096} INFO - Sync 1 DAGs
[2026-05-10T16:40:07.712+0000] {logging_mixin.py:188} INFO - [2026-05-10T16:40:07.712+0000] {dag.py:3954} INFO - Setting next_dagrun for sneakerz_pipeline to 2026-05-10 16:00:00+00:00, run_after=2026-05-10 17:00:00+00:00
[2026-05-10T16:40:07.745+0000] {processor.py:183} INFO - Processing /opt/airflow/dags/sneakerz_pipeline.py took 0.163 seconds
[2026-05-10T16:40:37.965+0000] {processor.py:161} INFO - Started process (PID=1008) to work on /opt/airflow/dags/sneakerz_pipeline.py
[2026-05-10T16:40:37.967+0000] {processor.py:830} INFO - Processing file /opt/airflow/dags/sneakerz_pipeline.py for tasks to queue
[2026-05-10T16:40:37.971+0000] {logging_mixin.py:188} INFO - [2026-05-10T16:40:37.970+0000] {dagbag.py:540} INFO - Filling up the DagBag from /opt/airflow/dags/sneakerz_pipeline.py
[2026-05-10T16:40:38.004+0000] {processor.py:840} INFO - DAG(s) 'sneakerz_pipeline' retrieved from /opt/airflow/dags/sneakerz_pipeline.py
[2026-05-10T16:40:38.048+0000] {logging_mixin.py:188} INFO - [2026-05-10T16:40:38.048+0000] {dag.py:3096} INFO - Sync 1 DAGs
[2026-05-10T16:40:38.081+0000] {logging_mixin.py:188} INFO - [2026-05-10T16:40:38.080+0000] {dag.py:3954} INFO - Setting next_dagrun for sneakerz_pipeline to 2026-05-10 16:00:00+00:00, run_after=2026-05-10 17:00:00+00:00
[2026-05-10T16:40:38.110+0000] {processor.py:183} INFO - Processing /opt/airflow/dags/sneakerz_pipeline.py took 0.155 seconds
[2026-05-10T16:41:08.342+0000] {processor.py:161} INFO - Started process (PID=1013) to work on /opt/airflow/dags/sneakerz_pipeline.py
[2026-05-10T16:41:08.344+0000] {processor.py:830} INFO - Processing file /opt/airflow/dags/sneakerz_pipeline.py for tasks to queue
[2026-05-10T16:41:08.346+0000] {logging_mixin.py:188} INFO - [2026-05-10T16:41:08.346+0000] {dagbag.py:540} INFO - Filling up the DagBag from /opt/airflow/dags/sneakerz_pipeline.py
[2026-05-10T16:41:08.378+0000] {processor.py:840} INFO - DAG(s) 'sneakerz_pipeline' retrieved from /opt/airflow/dags/sneakerz_pipeline.py
[2026-05-10T16:41:08.422+0000] {logging_mixin.py:188} INFO - [2026-05-10T16:41:08.421+0000] {dag.py:3096} INFO - Sync 1 DAGs
[2026-05-10T16:41:08.452+0000] {logging_mixin.py:188} INFO - [2026-05-10T16:41:08.452+0000] {dag.py:3954} INFO - Setting next_dagrun for sneakerz_pipeline to 2026-05-10 16:00:00+00:00, run_after=2026-05-10 17:00:00+00:00
[2026-05-10T16:41:08.480+0000] {processor.py:183} INFO - Processing /opt/airflow/dags/sneakerz_pipeline.py took 0.145 seconds
[2026-05-10T16:41:38.745+0000] {processor.py:161} INFO - Started process (PID=1018) to work on /opt/airflow/dags/sneakerz_pipeline.py
[2026-05-10T16:41:38.747+0000] {processor.py:830} INFO - Processing file /opt/airflow/dags/sneakerz_pipeline.py for tasks to queue
[2026-05-10T16:41:38.750+0000] {logging_mixin.py:188} INFO - [2026-05-10T16:41:38.750+0000] {dagbag.py:540} INFO - Filling up the DagBag from /opt/airflow/dags/sneakerz_pipeline.py
[2026-05-10T16:41:38.781+0000] {processor.py:840} INFO - DAG(s) 'sneakerz_pipeline' retrieved from /opt/airflow/dags/sneakerz_pipeline.py
[2026-05-10T16:41:38.825+0000] {logging_mixin.py:188} INFO - [2026-05-10T16:41:38.824+0000] {dag.py:3096} INFO - Sync 1 DAGs
[2026-05-10T16:41:38.856+0000] {logging_mixin.py:188} INFO - [2026-05-10T16:41:38.855+0000] {dag.py:3954} INFO - Setting next_dagrun for sneakerz_pipeline to 2026-05-10 16:00:00+00:00, run_after=2026-05-10 17:00:00+00:00
[2026-05-10T16:41:38.883+0000] {processor.py:183} INFO - Processing /opt/airflow/dags/sneakerz_pipeline.py took 0.147 seconds
[2026-05-10T16:42:09.114+0000] {processor.py:161} INFO - Started process (PID=1023) to work on /opt/airflow/dags/sneakerz_pipeline.py
[2026-05-10T16:42:09.116+0000] {processor.py:830} INFO - Processing file /opt/airflow/dags/sneakerz_pipeline.py for tasks to queue
[2026-05-10T16:42:09.119+0000] {logging_mixin.py:188} INFO - [2026-05-10T16:42:09.119+0000] {dagbag.py:540} INFO - Filling up the DagBag from /opt/airflow/dags/sneakerz_pipeline.py
[2026-05-10T16:42:09.155+0000] {processor.py:840} INFO - DAG(s) 'sneakerz_pipeline' retrieved from /opt/airflow/dags/sneakerz_pipeline.py
[2026-05-10T16:42:09.198+0000] {logging_mixin.py:188} INFO - [2026-05-10T16:42:09.197+0000] {dag.py:3096} INFO - Sync 1 DAGs
[2026-05-10T16:42:09.230+0000] {logging_mixin.py:188} INFO - [2026-05-10T16:42:09.229+0000] {dag.py:3954} INFO - Setting next_dagrun for sneakerz_pipeline to 2026-05-10 16:00:00+00:00, run_after=2026-05-10 17:00:00+00:00
[2026-05-10T16:42:09.256+0000] {processor.py:183} INFO - Processing /opt/airflow/dags/sneakerz_pipeline.py took 0.151 seconds
[2026-05-10T16:42:39.497+0000] {processor.py:161} INFO - Started process (PID=1028) to work on /opt/airflow/dags/sneakerz_pipeline.py
[2026-05-10T16:42:39.499+0000] {processor.py:830} INFO - Processing file /opt/airflow/dags/sneakerz_pipeline.py for tasks to queue
[2026-05-10T16:42:39.502+0000] {logging_mixin.py:188} INFO - [2026-05-10T16:42:39.501+0000] {dagbag.py:540} INFO - Filling up the DagBag from /opt/airflow/dags/sneakerz_pipeline.py
[2026-05-10T16:42:39.534+0000] {processor.py:840} INFO - DAG(s) 'sneakerz_pipeline' retrieved from /opt/airflow/dags/sneakerz_pipeline.py
[2026-05-10T16:42:39.582+0000] {logging_mixin.py:188} INFO - [2026-05-10T16:42:39.582+0000] {dag.py:3096} INFO - Sync 1 DAGs
[2026-05-10T16:42:39.614+0000] {logging_mixin.py:188} INFO - [2026-05-10T16:42:39.614+0000] {dag.py:3954} INFO - Setting next_dagrun for sneakerz_pipeline to 2026-05-10 16:00:00+00:00, run_after=2026-05-10 17:00:00+00:00
[2026-05-10T16:42:39.644+0000] {processor.py:183} INFO - Processing /opt/airflow/dags/sneakerz_pipeline.py took 0.156 seconds
[2026-05-10T16:43:09.875+0000] {processor.py:161} INFO - Started process (PID=1033) to work on /opt/airflow/dags/sneakerz_pipeline.py
[2026-05-10T16:43:09.876+0000] {processor.py:830} INFO - Processing file /opt/airflow/dags/sneakerz_pipeline.py for tasks to queue
[2026-05-10T16:43:09.880+0000] {logging_mixin.py:188} INFO - [2026-05-10T16:43:09.879+0000] {dagbag.py:540} INFO - Filling up the DagBag from /opt/airflow/dags/sneakerz_pipeline.py
[2026-05-10T16:43:09.911+0000] {processor.py:840} INFO - DAG(s) 'sneakerz_pipeline' retrieved from /opt/airflow/dags/sneakerz_pipeline.py
[2026-05-10T16:43:09.957+0000] {logging_mixin.py:188} INFO - [2026-05-10T16:43:09.957+0000] {dag.py:3096} INFO - Sync 1 DAGs
[2026-05-10T16:43:09.988+0000] {logging_mixin.py:188} INFO - [2026-05-10T16:43:09.988+0000] {dag.py:3954} INFO - Setting next_dagrun for sneakerz_pipeline to 2026-05-10 16:00:00+00:00, run_after=2026-05-10 17:00:00+00:00
[2026-05-10T16:43:10.014+0000] {processor.py:183} INFO - Processing /opt/airflow/dags/sneakerz_pipeline.py took 0.148 seconds
[2026-05-10T16:43:40.245+0000] {processor.py:161} INFO - Started process (PID=1038) to work on /opt/airflow/dags/sneakerz_pipeline.py
[2026-05-10T16:43:40.247+0000] {processor.py:830} INFO - Processing file /opt/airflow/dags/sneakerz_pipeline.py for tasks to queue
[2026-05-10T16:43:40.251+0000] {logging_mixin.py:188} INFO - [2026-05-10T16:43:40.250+0000] {dagbag.py:540} INFO - Filling up the DagBag from /opt/airflow/dags/sneakerz_pipeline.py
[2026-05-10T16:43:40.284+0000] {processor.py:840} INFO - DAG(s) 'sneakerz_pipeline' retrieved from /opt/airflow/dags/sneakerz_pipeline.py
[2026-05-10T16:43:40.331+0000] {logging_mixin.py:188} INFO - [2026-05-10T16:43:40.331+0000] {dag.py:3096} INFO - Sync 1 DAGs
[2026-05-10T16:43:40.364+0000] {logging_mixin.py:188} INFO - [2026-05-10T16:43:40.364+0000] {dag.py:3954} INFO - Setting next_dagrun for sneakerz_pipeline to 2026-05-10 16:00:00+00:00, run_after=2026-05-10 17:00:00+00:00
[2026-05-10T16:43:40.393+0000] {processor.py:183} INFO - Processing /opt/airflow/dags/sneakerz_pipeline.py took 0.156 seconds
[2026-05-10T16:44:10.627+0000] {processor.py:161} INFO - Started process (PID=1043) to work on /opt/airflow/dags/sneakerz_pipeline.py
[2026-05-10T16:44:10.629+0000] {processor.py:830} INFO - Processing file /opt/airflow/dags/sneakerz_pipeline.py for tasks to queue
[2026-05-10T16:44:10.632+0000] {logging_mixin.py:188} INFO - [2026-05-10T16:44:10.632+0000] {dagbag.py:540} INFO - Filling up the DagBag from /opt/airflow/dags/sneakerz_pipeline.py
[2026-05-10T16:44:10.665+0000] {processor.py:840} INFO - DAG(s) 'sneakerz_pipeline' retrieved from /opt/airflow/dags/sneakerz_pipeline.py
[2026-05-10T16:44:10.708+0000] {logging_mixin.py:188} INFO - [2026-05-10T16:44:10.708+0000] {dag.py:3096} INFO - Sync 1 DAGs
[2026-05-10T16:44:10.739+0000] {logging_mixin.py:188} INFO - [2026-05-10T16:44:10.739+0000] {dag.py:3954} INFO - Setting next_dagrun for sneakerz_pipeline to 2026-05-10 16:00:00+00:00, run_after=2026-05-10 17:00:00+00:00
[2026-05-10T16:44:10.767+0000] {processor.py:183} INFO - Processing /opt/airflow/dags/sneakerz_pipeline.py took 0.148 seconds
[2026-05-10T16:44:40.999+0000] {processor.py:161} INFO - Started process (PID=1048) to work on /opt/airflow/dags/sneakerz_pipeline.py
[2026-05-10T16:44:41.001+0000] {processor.py:830} INFO - Processing file /opt/airflow/dags/sneakerz_pipeline.py for tasks to queue
[2026-05-10T16:44:41.005+0000] {logging_mixin.py:188} INFO - [2026-05-10T16:44:41.004+0000] {dagbag.py:540} INFO - Filling up the DagBag from /opt/airflow/dags/sneakerz_pipeline.py
[2026-05-10T16:44:41.039+0000] {processor.py:840} INFO - DAG(s) 'sneakerz_pipeline' retrieved from /opt/airflow/dags/sneakerz_pipeline.py
[2026-05-10T16:44:41.088+0000] {logging_mixin.py:188} INFO - [2026-05-10T16:44:41.087+0000] {dag.py:3096} INFO - Sync 1 DAGs
[2026-05-10T16:44:41.125+0000] {logging_mixin.py:188} INFO - [2026-05-10T16:44:41.125+0000] {dag.py:3954} INFO - Setting next_dagrun for sneakerz_pipeline to 2026-05-10 16:00:00+00:00, run_after=2026-05-10 17:00:00+00:00
[2026-05-10T16:44:41.160+0000] {processor.py:183} INFO - Processing /opt/airflow/dags/sneakerz_pipeline.py took 0.171 seconds
[2026-05-10T16:45:11.392+0000] {processor.py:161} INFO - Started process (PID=1053) to work on /opt/airflow/dags/sneakerz_pipeline.py
[2026-05-10T16:45:11.395+0000] {processor.py:830} INFO - Processing file /opt/airflow/dags/sneakerz_pipeline.py for tasks to queue
[2026-05-10T16:45:11.397+0000] {logging_mixin.py:188} INFO - [2026-05-10T16:45:11.397+0000] {dagbag.py:540} INFO - Filling up the DagBag from /opt/airflow/dags/sneakerz_pipeline.py
[2026-05-10T16:45:11.432+0000] {processor.py:840} INFO - DAG(s) 'sneakerz_pipeline' retrieved from /opt/airflow/dags/sneakerz_pipeline.py
[2026-05-10T16:45:11.476+0000] {logging_mixin.py:188} INFO - [2026-05-10T16:45:11.476+0000] {dag.py:3096} INFO - Sync 1 DAGs
[2026-05-10T16:45:11.507+0000] {logging_mixin.py:188} INFO - [2026-05-10T16:45:11.507+0000] {dag.py:3954} INFO - Setting next_dagrun for sneakerz_pipeline to 2026-05-10 16:00:00+00:00, run_after=2026-05-10 17:00:00+00:00
[2026-05-10T16:45:11.537+0000] {processor.py:183} INFO - Processing /opt/airflow/dags/sneakerz_pipeline.py took 0.152 seconds
[2026-05-10T16:45:41.716+0000] {processor.py:161} INFO - Started process (PID=1058) to work on /opt/airflow/dags/sneakerz_pipeline.py
[2026-05-10T16:45:41.718+0000] {processor.py:830} INFO - Processing file /opt/airflow/dags/sneakerz_pipeline.py for tasks to queue
[2026-05-10T16:45:41.721+0000] {logging_mixin.py:188} INFO - [2026-05-10T16:45:41.720+0000] {dagbag.py:540} INFO - Filling up the DagBag from /opt/airflow/dags/sneakerz_pipeline.py
[2026-05-10T16:45:41.753+0000] {processor.py:840} INFO - DAG(s) 'sneakerz_pipeline' retrieved from /opt/airflow/dags/sneakerz_pipeline.py
[2026-05-10T16:45:41.802+0000] {logging_mixin.py:188} INFO - [2026-05-10T16:45:41.802+0000] {dag.py:3096} INFO - Sync 1 DAGs
[2026-05-10T16:45:41.835+0000] {logging_mixin.py:188} INFO - [2026-05-10T16:45:41.835+0000] {dag.py:3954} INFO - Setting next_dagrun for sneakerz_pipeline to 2026-05-10 16:00:00+00:00, run_after=2026-05-10 17:00:00+00:00
[2026-05-10T16:45:41.865+0000] {processor.py:183} INFO - Processing /opt/airflow/dags/sneakerz_pipeline.py took 0.159 seconds
[2026-05-10T16:46:11.987+0000] {processor.py:161} INFO - Started process (PID=1063) to work on /opt/airflow/dags/sneakerz_pipeline.py
[2026-05-10T16:46:11.989+0000] {processor.py:830} INFO - Processing file /opt/airflow/dags/sneakerz_pipeline.py for tasks to queue
[2026-05-10T16:46:11.992+0000] {logging_mixin.py:188} INFO - [2026-05-10T16:46:11.991+0000] {dagbag.py:540} INFO - Filling up the DagBag from /opt/airflow/dags/sneakerz_pipeline.py
[2026-05-10T16:46:12.024+0000] {processor.py:840} INFO - DAG(s) 'sneakerz_pipeline' retrieved from /opt/airflow/dags/sneakerz_pipeline.py
[2026-05-10T16:46:12.071+0000] {logging_mixin.py:188} INFO - [2026-05-10T16:46:12.071+0000] {dag.py:3096} INFO - Sync 1 DAGs
[2026-05-10T16:46:12.103+0000] {logging_mixin.py:188} INFO - [2026-05-10T16:46:12.103+0000] {dag.py:3954} INFO - Setting next_dagrun for sneakerz_pipeline to 2026-05-10 16:00:00+00:00, run_after=2026-05-10 17:00:00+00:00
[2026-05-10T16:46:12.132+0000] {processor.py:183} INFO - Processing /opt/airflow/dags/sneakerz_pipeline.py took 0.154 seconds
[2026-05-10T16:46:42.323+0000] {processor.py:161} INFO - Started process (PID=1068) to work on /opt/airflow/dags/sneakerz_pipeline.py
[2026-05-10T16:46:42.325+0000] {processor.py:830} INFO - Processing file /opt/airflow/dags/sneakerz_pipeline.py for tasks to queue
[2026-05-10T16:46:42.328+0000] {logging_mixin.py:188} INFO - [2026-05-10T16:46:42.328+0000] {dagbag.py:540} INFO - Filling up the DagBag from /opt/airflow/dags/sneakerz_pipeline.py
[2026-05-10T16:46:42.361+0000] {processor.py:840} INFO - DAG(s) 'sneakerz_pipeline' retrieved from /opt/airflow/dags/sneakerz_pipeline.py
[2026-05-10T16:46:42.407+0000] {logging_mixin.py:188} INFO - [2026-05-10T16:46:42.406+0000] {dag.py:3096} INFO - Sync 1 DAGs
[2026-05-10T16:46:42.438+0000] {logging_mixin.py:188} INFO - [2026-05-10T16:46:42.438+0000] {dag.py:3954} INFO - Setting next_dagrun for sneakerz_pipeline to 2026-05-10 16:00:00+00:00, run_after=2026-05-10 17:00:00+00:00
[2026-05-10T16:46:42.467+0000] {processor.py:183} INFO - Processing /opt/airflow/dags/sneakerz_pipeline.py took 0.152 seconds
[2026-05-10T16:47:12.561+0000] {processor.py:161} INFO - Started process (PID=1073) to work on /opt/airflow/dags/sneakerz_pipeline.py
[2026-05-10T16:47:12.563+0000] {processor.py:830} INFO - Processing file /opt/airflow/dags/sneakerz_pipeline.py for tasks to queue
[2026-05-10T16:47:12.567+0000] {logging_mixin.py:188} INFO - [2026-05-10T16:47:12.566+0000] {dagbag.py:540} INFO - Filling up the DagBag from /opt/airflow/dags/sneakerz_pipeline.py
[2026-05-10T16:47:12.600+0000] {processor.py:840} INFO - DAG(s) 'sneakerz_pipeline' retrieved from /opt/airflow/dags/sneakerz_pipeline.py
[2026-05-10T16:47:12.651+0000] {logging_mixin.py:188} INFO - [2026-05-10T16:47:12.650+0000] {dag.py:3096} INFO - Sync 1 DAGs
[2026-05-10T16:47:12.684+0000] {logging_mixin.py:188} INFO - [2026-05-10T16:47:12.684+0000] {dag.py:3954} INFO - Setting next_dagrun for sneakerz_pipeline to 2026-05-10 16:00:00+00:00, run_after=2026-05-10 17:00:00+00:00
[2026-05-10T16:47:12.714+0000] {processor.py:183} INFO - Processing /opt/airflow/dags/sneakerz_pipeline.py took 0.163 seconds
[2026-05-10T16:47:42.896+0000] {processor.py:161} INFO - Started process (PID=1078) to work on /opt/airflow/dags/sneakerz_pipeline.py
[2026-05-10T16:47:42.898+0000] {processor.py:830} INFO - Processing file /opt/airflow/dags/sneakerz_pipeline.py for tasks to queue
[2026-05-10T16:47:42.901+0000] {logging_mixin.py:188} INFO - [2026-05-10T16:47:42.900+0000] {dagbag.py:540} INFO - Filling up the DagBag from /opt/airflow/dags/sneakerz_pipeline.py
[2026-05-10T16:47:42.935+0000] {processor.py:840} INFO - DAG(s) 'sneakerz_pipeline' retrieved from /opt/airflow/dags/sneakerz_pipeline.py
[2026-05-10T16:47:42.982+0000] {logging_mixin.py:188} INFO - [2026-05-10T16:47:42.981+0000] {dag.py:3096} INFO - Sync 1 DAGs
[2026-05-10T16:47:43.021+0000] {logging_mixin.py:188} INFO - [2026-05-10T16:47:43.021+0000] {dag.py:3954} INFO - Setting next_dagrun for sneakerz_pipeline to 2026-05-10 16:00:00+00:00, run_after=2026-05-10 17:00:00+00:00
[2026-05-10T16:47:43.059+0000] {processor.py:183} INFO - Processing /opt/airflow/dags/sneakerz_pipeline.py took 0.172 seconds
[2026-05-10T16:48:13.285+0000] {processor.py:161} INFO - Started process (PID=1083) to work on /opt/airflow/dags/sneakerz_pipeline.py
[2026-05-10T16:48:13.286+0000] {processor.py:830} INFO - Processing file /opt/airflow/dags/sneakerz_pipeline.py for tasks to queue
[2026-05-10T16:48:13.289+0000] {logging_mixin.py:188} INFO - [2026-05-10T16:48:13.289+0000] {dagbag.py:540} INFO - Filling up the DagBag from /opt/airflow/dags/sneakerz_pipeline.py
[2026-05-10T16:48:13.321+0000] {processor.py:840} INFO - DAG(s) 'sneakerz_pipeline' retrieved from /opt/airflow/dags/sneakerz_pipeline.py
[2026-05-10T16:48:13.367+0000] {logging_mixin.py:188} INFO - [2026-05-10T16:48:13.366+0000] {dag.py:3096} INFO - Sync 1 DAGs
[2026-05-10T16:48:13.396+0000] {logging_mixin.py:188} INFO - [2026-05-10T16:48:13.396+0000] {dag.py:3954} INFO - Setting next_dagrun for sneakerz_pipeline to 2026-05-10 16:00:00+00:00, run_after=2026-05-10 17:00:00+00:00
[2026-05-10T16:48:13.422+0000] {processor.py:183} INFO - Processing /opt/airflow/dags/sneakerz_pipeline.py took 0.145 seconds
[2026-05-10T16:48:43.651+0000] {processor.py:161} INFO - Started process (PID=1088) to work on /opt/airflow/dags/sneakerz_pipeline.py
[2026-05-10T16:48:43.653+0000] {processor.py:830} INFO - Processing file /opt/airflow/dags/sneakerz_pipeline.py for tasks to queue
[2026-05-10T16:48:43.656+0000] {logging_mixin.py:188} INFO - [2026-05-10T16:48:43.655+0000] {dagbag.py:540} INFO - Filling up the DagBag from /opt/airflow/dags/sneakerz_pipeline.py
[2026-05-10T16:48:43.688+0000] {processor.py:840} INFO - DAG(s) 'sneakerz_pipeline' retrieved from /opt/airflow/dags/sneakerz_pipeline.py
[2026-05-10T16:48:43.733+0000] {logging_mixin.py:188} INFO - [2026-05-10T16:48:43.733+0000] {dag.py:3096} INFO - Sync 1 DAGs
[2026-05-10T16:48:43.764+0000] {logging_mixin.py:188} INFO - [2026-05-10T16:48:43.763+0000] {dag.py:3954} INFO - Setting next_dagrun for sneakerz_pipeline to 2026-05-10 16:00:00+00:00, run_after=2026-05-10 17:00:00+00:00
[2026-05-10T16:48:43.790+0000] {processor.py:183} INFO - Processing /opt/airflow/dags/sneakerz_pipeline.py took 0.148 seconds
[2026-05-10T16:49:13.859+0000] {processor.py:161} INFO - Started process (PID=1093) to work on /opt/airflow/dags/sneakerz_pipeline.py
[2026-05-10T16:49:13.860+0000] {processor.py:830} INFO - Processing file /opt/airflow/dags/sneakerz_pipeline.py for tasks to queue
[2026-05-10T16:49:13.863+0000] {logging_mixin.py:188} INFO - [2026-05-10T16:49:13.863+0000] {dagbag.py:540} INFO - Filling up the DagBag from /opt/airflow/dags/sneakerz_pipeline.py
[2026-05-10T16:49:13.897+0000] {processor.py:840} INFO - DAG(s) 'sneakerz_pipeline' retrieved from /opt/airflow/dags/sneakerz_pipeline.py
[2026-05-10T16:49:13.942+0000] {logging_mixin.py:188} INFO - [2026-05-10T16:49:13.941+0000] {dag.py:3096} INFO - Sync 1 DAGs
[2026-05-10T16:49:13.973+0000] {logging_mixin.py:188} INFO - [2026-05-10T16:49:13.973+0000] {dag.py:3954} INFO - Setting next_dagrun for sneakerz_pipeline to 2026-05-10 16:00:00+00:00, run_after=2026-05-10 17:00:00+00:00
[2026-05-10T16:49:14.001+0000] {processor.py:183} INFO - Processing /opt/airflow/dags/sneakerz_pipeline.py took 0.150 seconds
[2026-05-10T16:49:44.228+0000] {processor.py:161} INFO - Started process (PID=1098) to work on /opt/airflow/dags/sneakerz_pipeline.py
[2026-05-10T16:49:44.232+0000] {processor.py:830} INFO - Processing file /opt/airflow/dags/sneakerz_pipeline.py for tasks to queue
[2026-05-10T16:49:44.235+0000] {logging_mixin.py:188} INFO - [2026-05-10T16:49:44.235+0000] {dagbag.py:540} INFO - Filling up the DagBag from /opt/airflow/dags/sneakerz_pipeline.py
[2026-05-10T16:49:44.269+0000] {processor.py:840} INFO - DAG(s) 'sneakerz_pipeline' retrieved from /opt/airflow/dags/sneakerz_pipeline.py
[2026-05-10T16:49:44.317+0000] {logging_mixin.py:188} INFO - [2026-05-10T16:49:44.317+0000] {dag.py:3096} INFO - Sync 1 DAGs
[2026-05-10T16:49:44.354+0000] {logging_mixin.py:188} INFO - [2026-05-10T16:49:44.353+0000] {dag.py:3954} INFO - Setting next_dagrun for sneakerz_pipeline to 2026-05-10 16:00:00+00:00, run_after=2026-05-10 17:00:00+00:00
[2026-05-10T16:49:44.386+0000] {processor.py:183} INFO - Processing /opt/airflow/dags/sneakerz_pipeline.py took 0.170 seconds
[2026-05-10T16:50:14.622+0000] {processor.py:161} INFO - Started process (PID=1103) to work on /opt/airflow/dags/sneakerz_pipeline.py
[2026-05-10T16:50:14.624+0000] {processor.py:830} INFO - Processing file /opt/airflow/dags/sneakerz_pipeline.py for tasks to queue
[2026-05-10T16:50:14.629+0000] {logging_mixin.py:188} INFO - [2026-05-10T16:50:14.628+0000] {dagbag.py:540} INFO - Filling up the DagBag from /opt/airflow/dags/sneakerz_pipeline.py
[2026-05-10T16:50:14.661+0000] {processor.py:840} INFO - DAG(s) 'sneakerz_pipeline' retrieved from /opt/airflow/dags/sneakerz_pipeline.py
[2026-05-10T16:50:14.706+0000] {logging_mixin.py:188} INFO - [2026-05-10T16:50:14.706+0000] {dag.py:3096} INFO - Sync 1 DAGs
[2026-05-10T16:50:14.737+0000] {logging_mixin.py:188} INFO - [2026-05-10T16:50:14.736+0000] {dag.py:3954} INFO - Setting next_dagrun for sneakerz_pipeline to 2026-05-10 16:00:00+00:00, run_after=2026-05-10 17:00:00+00:00
[2026-05-10T16:50:14.765+0000] {processor.py:183} INFO - Processing /opt/airflow/dags/sneakerz_pipeline.py took 0.152 seconds
[2026-05-10T16:50:45.016+0000] {processor.py:161} INFO - Started process (PID=1108) to work on /opt/airflow/dags/sneakerz_pipeline.py
[2026-05-10T16:50:45.017+0000] {processor.py:830} INFO - Processing file /opt/airflow/dags/sneakerz_pipeline.py for tasks to queue
[2026-05-10T16:50:45.021+0000] {logging_mixin.py:188} INFO - [2026-05-10T16:50:45.020+0000] {dagbag.py:540} INFO - Filling up the DagBag from /opt/airflow/dags/sneakerz_pipeline.py
[2026-05-10T16:50:45.059+0000] {processor.py:840} INFO - DAG(s) 'sneakerz_pipeline' retrieved from /opt/airflow/dags/sneakerz_pipeline.py
[2026-05-10T16:50:45.108+0000] {logging_mixin.py:188} INFO - [2026-05-10T16:50:45.107+0000] {dag.py:3096} INFO - Sync 1 DAGs
[2026-05-10T16:50:45.143+0000] {logging_mixin.py:188} INFO - [2026-05-10T16:50:45.143+0000] {dag.py:3954} INFO - Setting next_dagrun for sneakerz_pipeline to 2026-05-10 16:00:00+00:00, run_after=2026-05-10 17:00:00+00:00
[2026-05-10T16:50:45.174+0000] {processor.py:183} INFO - Processing /opt/airflow/dags/sneakerz_pipeline.py took 0.172 seconds
[2026-05-10T16:51:15.422+0000] {processor.py:161} INFO - Started process (PID=1113) to work on /opt/airflow/dags/sneakerz_pipeline.py
[2026-05-10T16:51:15.425+0000] {processor.py:830} INFO - Processing file /opt/airflow/dags/sneakerz_pipeline.py for tasks to queue
[2026-05-10T16:51:15.428+0000] {logging_mixin.py:188} INFO - [2026-05-10T16:51:15.428+0000] {dagbag.py:540} INFO - Filling up the DagBag from /opt/airflow/dags/sneakerz_pipeline.py
[2026-05-10T16:51:15.467+0000] {processor.py:840} INFO - DAG(s) 'sneakerz_pipeline' retrieved from /opt/airflow/dags/sneakerz_pipeline.py
[2026-05-10T16:51:15.517+0000] {logging_mixin.py:188} INFO - [2026-05-10T16:51:15.516+0000] {dag.py:3096} INFO - Sync 1 DAGs
[2026-05-10T16:51:15.551+0000] {logging_mixin.py:188} INFO - [2026-05-10T16:51:15.551+0000] {dag.py:3954} INFO - Setting next_dagrun for sneakerz_pipeline to 2026-05-10 16:00:00+00:00, run_after=2026-05-10 17:00:00+00:00
[2026-05-10T16:51:15.582+0000] {processor.py:183} INFO - Processing /opt/airflow/dags/sneakerz_pipeline.py took 0.172 seconds
[2026-05-10T16:51:45.673+0000] {processor.py:161} INFO - Started process (PID=1118) to work on /opt/airflow/dags/sneakerz_pipeline.py
[2026-05-10T16:51:45.675+0000] {processor.py:830} INFO - Processing file /opt/airflow/dags/sneakerz_pipeline.py for tasks to queue
[2026-05-10T16:51:45.679+0000] {logging_mixin.py:188} INFO - [2026-05-10T16:51:45.678+0000] {dagbag.py:540} INFO - Filling up the DagBag from /opt/airflow/dags/sneakerz_pipeline.py
[2026-05-10T16:51:45.714+0000] {processor.py:840} INFO - DAG(s) 'sneakerz_pipeline' retrieved from /opt/airflow/dags/sneakerz_pipeline.py
[2026-05-10T16:51:45.761+0000] {logging_mixin.py:188} INFO - [2026-05-10T16:51:45.761+0000] {dag.py:3096} INFO - Sync 1 DAGs
[2026-05-10T16:51:45.794+0000] {logging_mixin.py:188} INFO - [2026-05-10T16:51:45.794+0000] {dag.py:3954} INFO - Setting next_dagrun for sneakerz_pipeline to 2026-05-10 16:00:00+00:00, run_after=2026-05-10 17:00:00+00:00
[2026-05-10T16:51:45.824+0000] {processor.py:183} INFO - Processing /opt/airflow/dags/sneakerz_pipeline.py took 0.160 seconds
[2026-05-10T16:52:16.024+0000] {processor.py:161} INFO - Started process (PID=1123) to work on /opt/airflow/dags/sneakerz_pipeline.py
[2026-05-10T16:52:16.026+0000] {processor.py:830} INFO - Processing file /opt/airflow/dags/sneakerz_pipeline.py for tasks to queue
[2026-05-10T16:52:16.030+0000] {logging_mixin.py:188} INFO - [2026-05-10T16:52:16.029+0000] {dagbag.py:540} INFO - Filling up the DagBag from /opt/airflow/dags/sneakerz_pipeline.py
[2026-05-10T16:52:16.067+0000] {processor.py:840} INFO - DAG(s) 'sneakerz_pipeline' retrieved from /opt/airflow/dags/sneakerz_pipeline.py
[2026-05-10T16:52:16.118+0000] {logging_mixin.py:188} INFO - [2026-05-10T16:52:16.118+0000] {dag.py:3096} INFO - Sync 1 DAGs
[2026-05-10T16:52:16.155+0000] {logging_mixin.py:188} INFO - [2026-05-10T16:52:16.155+0000] {dag.py:3954} INFO - Setting next_dagrun for sneakerz_pipeline to 2026-05-10 16:00:00+00:00, run_after=2026-05-10 17:00:00+00:00
[2026-05-10T16:52:16.186+0000] {processor.py:183} INFO - Processing /opt/airflow/dags/sneakerz_pipeline.py took 0.170 seconds
[2026-05-10T16:52:46.260+0000] {processor.py:161} INFO - Started process (PID=1128) to work on /opt/airflow/dags/sneakerz_pipeline.py
[2026-05-10T16:52:46.262+0000] {processor.py:830} INFO - Processing file /opt/airflow/dags/sneakerz_pipeline.py for tasks to queue
[2026-05-10T16:52:46.265+0000] {logging_mixin.py:188} INFO - [2026-05-10T16:52:46.264+0000] {dagbag.py:540} INFO - Filling up the DagBag from /opt/airflow/dags/sneakerz_pipeline.py
[2026-05-10T16:52:46.298+0000] {processor.py:840} INFO - DAG(s) 'sneakerz_pipeline' retrieved from /opt/airflow/dags/sneakerz_pipeline.py
[2026-05-10T16:52:46.347+0000] {logging_mixin.py:188} INFO - [2026-05-10T16:52:46.346+0000] {dag.py:3096} INFO - Sync 1 DAGs
[2026-05-10T16:52:46.382+0000] {logging_mixin.py:188} INFO - [2026-05-10T16:52:46.381+0000] {dag.py:3954} INFO - Setting next_dagrun for sneakerz_pipeline to 2026-05-10 16:00:00+00:00, run_after=2026-05-10 17:00:00+00:00
[2026-05-10T16:52:46.412+0000] {processor.py:183} INFO - Processing /opt/airflow/dags/sneakerz_pipeline.py took 0.159 seconds
[2026-05-10T16:53:16.629+0000] {processor.py:161} INFO - Started process (PID=1133) to work on /opt/airflow/dags/sneakerz_pipeline.py
[2026-05-10T16:53:16.631+0000] {processor.py:830} INFO - Processing file /opt/airflow/dags/sneakerz_pipeline.py for tasks to queue
[2026-05-10T16:53:16.635+0000] {logging_mixin.py:188} INFO - [2026-05-10T16:53:16.635+0000] {dagbag.py:540} INFO - Filling up the DagBag from /opt/airflow/dags/sneakerz_pipeline.py
[2026-05-10T16:53:16.670+0000] {processor.py:840} INFO - DAG(s) 'sneakerz_pipeline' retrieved from /opt/airflow/dags/sneakerz_pipeline.py
[2026-05-10T16:53:16.718+0000] {logging_mixin.py:188} INFO - [2026-05-10T16:53:16.718+0000] {dag.py:3096} INFO - Sync 1 DAGs
[2026-05-10T16:53:16.754+0000] {logging_mixin.py:188} INFO - [2026-05-10T16:53:16.754+0000] {dag.py:3954} INFO - Setting next_dagrun for sneakerz_pipeline to 2026-05-10 16:00:00+00:00, run_after=2026-05-10 17:00:00+00:00
[2026-05-10T16:53:17.457+0000] {processor.py:183} INFO - Processing /opt/airflow/dags/sneakerz_pipeline.py took 0.837 seconds
[2026-05-10T16:53:47.734+0000] {processor.py:161} INFO - Started process (PID=1138) to work on /opt/airflow/dags/sneakerz_pipeline.py
[2026-05-10T16:53:47.736+0000] {processor.py:830} INFO - Processing file /opt/airflow/dags/sneakerz_pipeline.py for tasks to queue
[2026-05-10T16:53:47.739+0000] {logging_mixin.py:188} INFO - [2026-05-10T16:53:47.738+0000] {dagbag.py:540} INFO - Filling up the DagBag from /opt/airflow/dags/sneakerz_pipeline.py
[2026-05-10T16:53:47.771+0000] {processor.py:840} INFO - DAG(s) 'sneakerz_pipeline' retrieved from /opt/airflow/dags/sneakerz_pipeline.py
[2026-05-10T16:53:47.820+0000] {logging_mixin.py:188} INFO - [2026-05-10T16:53:47.819+0000] {dag.py:3096} INFO - Sync 1 DAGs
[2026-05-10T16:53:47.855+0000] {logging_mixin.py:188} INFO - [2026-05-10T16:53:47.855+0000] {dag.py:3954} INFO - Setting next_dagrun for sneakerz_pipeline to 2026-05-10 16:00:00+00:00, run_after=2026-05-10 17:00:00+00:00
[2026-05-10T16:53:47.884+0000] {processor.py:183} INFO - Processing /opt/airflow/dags/sneakerz_pipeline.py took 0.159 seconds
[2026-05-10T16:54:18.035+0000] {processor.py:161} INFO - Started process (PID=1143) to work on /opt/airflow/dags/sneakerz_pipeline.py
[2026-05-10T16:54:18.037+0000] {processor.py:830} INFO - Processing file /opt/airflow/dags/sneakerz_pipeline.py for tasks to queue
[2026-05-10T16:54:18.041+0000] {logging_mixin.py:188} INFO - [2026-05-10T16:54:18.040+0000] {dagbag.py:540} INFO - Filling up the DagBag from /opt/airflow/dags/sneakerz_pipeline.py
[2026-05-10T16:54:18.076+0000] {processor.py:840} INFO - DAG(s) 'sneakerz_pipeline' retrieved from /opt/airflow/dags/sneakerz_pipeline.py
[2026-05-10T16:54:18.123+0000] {logging_mixin.py:188} INFO - [2026-05-10T16:54:18.123+0000] {dag.py:3096} INFO - Sync 1 DAGs
[2026-05-10T16:54:18.157+0000] {logging_mixin.py:188} INFO - [2026-05-10T16:54:18.157+0000] {dag.py:3954} INFO - Setting next_dagrun for sneakerz_pipeline to 2026-05-10 16:00:00+00:00, run_after=2026-05-10 17:00:00+00:00
[2026-05-10T16:54:18.188+0000] {processor.py:183} INFO - Processing /opt/airflow/dags/sneakerz_pipeline.py took 0.162 seconds
[2026-05-10T16:54:48.325+0000] {processor.py:161} INFO - Started process (PID=1148) to work on /opt/airflow/dags/sneakerz_pipeline.py
[2026-05-10T16:54:48.327+0000] {processor.py:830} INFO - Processing file /opt/airflow/dags/sneakerz_pipeline.py for tasks to queue
[2026-05-10T16:54:48.330+0000] {logging_mixin.py:188} INFO - [2026-05-10T16:54:48.330+0000] {dagbag.py:540} INFO - Filling up the DagBag from /opt/airflow/dags/sneakerz_pipeline.py
[2026-05-10T16:54:48.365+0000] {processor.py:840} INFO - DAG(s) 'sneakerz_pipeline' retrieved from /opt/airflow/dags/sneakerz_pipeline.py
[2026-05-10T16:54:48.412+0000] {logging_mixin.py:188} INFO - [2026-05-10T16:54:48.412+0000] {dag.py:3096} INFO - Sync 1 DAGs
[2026-05-10T16:54:48.445+0000] {logging_mixin.py:188} INFO - [2026-05-10T16:54:48.444+0000] {dag.py:3954} INFO - Setting next_dagrun for sneakerz_pipeline to 2026-05-10 16:00:00+00:00, run_after=2026-05-10 17:00:00+00:00
[2026-05-10T16:54:48.473+0000] {processor.py:183} INFO - Processing /opt/airflow/dags/sneakerz_pipeline.py took 0.157 seconds
[2026-05-10T16:55:18.640+0000] {processor.py:161} INFO - Started process (PID=1153) to work on /opt/airflow/dags/sneakerz_pipeline.py
[2026-05-10T16:55:18.642+0000] {processor.py:830} INFO - Processing file /opt/airflow/dags/sneakerz_pipeline.py for tasks to queue
[2026-05-10T16:55:18.646+0000] {logging_mixin.py:188} INFO - [2026-05-10T16:55:18.645+0000] {dagbag.py:540} INFO - Filling up the DagBag from /opt/airflow/dags/sneakerz_pipeline.py
[2026-05-10T16:55:18.684+0000] {processor.py:840} INFO - DAG(s) 'sneakerz_pipeline' retrieved from /opt/airflow/dags/sneakerz_pipeline.py
[2026-05-10T16:55:18.731+0000] {logging_mixin.py:188} INFO - [2026-05-10T16:55:18.731+0000] {dag.py:3096} INFO - Sync 1 DAGs
[2026-05-10T16:55:18.763+0000] {logging_mixin.py:188} INFO - [2026-05-10T16:55:18.763+0000] {dag.py:3954} INFO - Setting next_dagrun for sneakerz_pipeline to 2026-05-10 16:00:00+00:00, run_after=2026-05-10 17:00:00+00:00
[2026-05-10T16:55:18.988+0000] {processor.py:183} INFO - Processing /opt/airflow/dags/sneakerz_pipeline.py took 0.358 seconds
[2026-05-10T16:55:49.249+0000] {processor.py:161} INFO - Started process (PID=1158) to work on /opt/airflow/dags/sneakerz_pipeline.py
[2026-05-10T16:55:49.251+0000] {processor.py:830} INFO - Processing file /opt/airflow/dags/sneakerz_pipeline.py for tasks to queue
[2026-05-10T16:55:49.254+0000] {logging_mixin.py:188} INFO - [2026-05-10T16:55:49.254+0000] {dagbag.py:540} INFO - Filling up the DagBag from /opt/airflow/dags/sneakerz_pipeline.py
[2026-05-10T16:55:49.290+0000] {processor.py:840} INFO - DAG(s) 'sneakerz_pipeline' retrieved from /opt/airflow/dags/sneakerz_pipeline.py
[2026-05-10T16:55:49.336+0000] {logging_mixin.py:188} INFO - [2026-05-10T16:55:49.336+0000] {dag.py:3096} INFO - Sync 1 DAGs
[2026-05-10T16:55:49.369+0000] {logging_mixin.py:188} INFO - [2026-05-10T16:55:49.369+0000] {dag.py:3954} INFO - Setting next_dagrun for sneakerz_pipeline to 2026-05-10 16:00:00+00:00, run_after=2026-05-10 17:00:00+00:00
[2026-05-10T16:55:49.400+0000] {processor.py:183} INFO - Processing /opt/airflow/dags/sneakerz_pipeline.py took 0.162 seconds
[2026-05-10T16:56:19.692+0000] {processor.py:161} INFO - Started process (PID=1163) to work on /opt/airflow/dags/sneakerz_pipeline.py
[2026-05-10T16:56:19.694+0000] {processor.py:830} INFO - Processing file /opt/airflow/dags/sneakerz_pipeline.py for tasks to queue
[2026-05-10T16:56:19.697+0000] {logging_mixin.py:188} INFO - [2026-05-10T16:56:19.696+0000] {dagbag.py:540} INFO - Filling up the DagBag from /opt/airflow/dags/sneakerz_pipeline.py
[2026-05-10T16:56:19.733+0000] {processor.py:840} INFO - DAG(s) 'sneakerz_pipeline' retrieved from /opt/airflow/dags/sneakerz_pipeline.py
[2026-05-10T16:56:19.782+0000] {logging_mixin.py:188} INFO - [2026-05-10T16:56:19.781+0000] {dag.py:3096} INFO - Sync 1 DAGs
[2026-05-10T16:56:19.818+0000] {logging_mixin.py:188} INFO - [2026-05-10T16:56:19.818+0000] {dag.py:3954} INFO - Setting next_dagrun for sneakerz_pipeline to 2026-05-10 16:00:00+00:00, run_after=2026-05-10 17:00:00+00:00
[2026-05-10T16:56:19.853+0000] {processor.py:183} INFO - Processing /opt/airflow/dags/sneakerz_pipeline.py took 0.169 seconds
[2026-05-10T16:56:50.098+0000] {processor.py:161} INFO - Started process (PID=1168) to work on /opt/airflow/dags/sneakerz_pipeline.py
[2026-05-10T16:56:50.100+0000] {processor.py:830} INFO - Processing file /opt/airflow/dags/sneakerz_pipeline.py for tasks to queue
[2026-05-10T16:56:50.103+0000] {logging_mixin.py:188} INFO - [2026-05-10T16:56:50.103+0000] {dagbag.py:540} INFO - Filling up the DagBag from /opt/airflow/dags/sneakerz_pipeline.py
[2026-05-10T16:56:50.139+0000] {processor.py:840} INFO - DAG(s) 'sneakerz_pipeline' retrieved from /opt/airflow/dags/sneakerz_pipeline.py
[2026-05-10T16:56:50.195+0000] {logging_mixin.py:188} INFO - [2026-05-10T16:56:50.194+0000] {dag.py:3096} INFO - Sync 1 DAGs
[2026-05-10T16:56:50.234+0000] {logging_mixin.py:188} INFO - [2026-05-10T16:56:50.234+0000] {dag.py:3954} INFO - Setting next_dagrun for sneakerz_pipeline to 2026-05-10 16:00:00+00:00, run_after=2026-05-10 17:00:00+00:00
[2026-05-10T16:56:50.268+0000] {processor.py:183} INFO - Processing /opt/airflow/dags/sneakerz_pipeline.py took 0.180 seconds
[2026-05-10T16:57:20.513+0000] {processor.py:161} INFO - Started process (PID=1173) to work on /opt/airflow/dags/sneakerz_pipeline.py
[2026-05-10T16:57:20.515+0000] {processor.py:830} INFO - Processing file /opt/airflow/dags/sneakerz_pipeline.py for tasks to queue
[2026-05-10T16:57:20.519+0000] {logging_mixin.py:188} INFO - [2026-05-10T16:57:20.518+0000] {dagbag.py:540} INFO - Filling up the DagBag from /opt/airflow/dags/sneakerz_pipeline.py
[2026-05-10T16:57:20.552+0000] {processor.py:840} INFO - DAG(s) 'sneakerz_pipeline' retrieved from /opt/airflow/dags/sneakerz_pipeline.py
[2026-05-10T16:57:20.598+0000] {logging_mixin.py:188} INFO - [2026-05-10T16:57:20.597+0000] {dag.py:3096} INFO - Sync 1 DAGs
[2026-05-10T16:57:20.630+0000] {logging_mixin.py:188} INFO - [2026-05-10T16:57:20.630+0000] {dag.py:3954} INFO - Setting next_dagrun for sneakerz_pipeline to 2026-05-10 16:00:00+00:00, run_after=2026-05-10 17:00:00+00:00
[2026-05-10T16:57:20.662+0000] {processor.py:183} INFO - Processing /opt/airflow/dags/sneakerz_pipeline.py took 0.159 seconds
[2026-05-10T16:57:50.901+0000] {processor.py:161} INFO - Started process (PID=1178) to work on /opt/airflow/dags/sneakerz_pipeline.py
[2026-05-10T16:57:50.902+0000] {processor.py:830} INFO - Processing file /opt/airflow/dags/sneakerz_pipeline.py for tasks to queue
[2026-05-10T16:57:50.905+0000] {logging_mixin.py:188} INFO - [2026-05-10T16:57:50.905+0000] {dagbag.py:540} INFO - Filling up the DagBag from /opt/airflow/dags/sneakerz_pipeline.py
[2026-05-10T16:57:50.939+0000] {processor.py:840} INFO - DAG(s) 'sneakerz_pipeline' retrieved from /opt/airflow/dags/sneakerz_pipeline.py
[2026-05-10T16:57:50.985+0000] {logging_mixin.py:188} INFO - [2026-05-10T16:57:50.985+0000] {dag.py:3096} INFO - Sync 1 DAGs
[2026-05-10T16:57:51.018+0000] {logging_mixin.py:188} INFO - [2026-05-10T16:57:51.018+0000] {dag.py:3954} INFO - Setting next_dagrun for sneakerz_pipeline to 2026-05-10 16:00:00+00:00, run_after=2026-05-10 17:00:00+00:00
[2026-05-10T16:57:51.239+0000] {processor.py:183} INFO - Processing /opt/airflow/dags/sneakerz_pipeline.py took 0.346 seconds
[2026-05-10T16:58:21.514+0000] {processor.py:161} INFO - Started process (PID=1183) to work on /opt/airflow/dags/sneakerz_pipeline.py
[2026-05-10T16:58:21.516+0000] {processor.py:830} INFO - Processing file /opt/airflow/dags/sneakerz_pipeline.py for tasks to queue
[2026-05-10T16:58:21.520+0000] {logging_mixin.py:188} INFO - [2026-05-10T16:58:21.519+0000] {dagbag.py:540} INFO - Filling up the DagBag from /opt/airflow/dags/sneakerz_pipeline.py
[2026-05-10T16:58:21.555+0000] {processor.py:840} INFO - DAG(s) 'sneakerz_pipeline' retrieved from /opt/airflow/dags/sneakerz_pipeline.py
[2026-05-10T16:58:21.604+0000] {logging_mixin.py:188} INFO - [2026-05-10T16:58:21.604+0000] {dag.py:3096} INFO - Sync 1 DAGs
[2026-05-10T16:58:21.847+0000] {logging_mixin.py:188} INFO - [2026-05-10T16:58:21.846+0000] {dag.py:3954} INFO - Setting next_dagrun for sneakerz_pipeline to 2026-05-10 16:00:00+00:00, run_after=2026-05-10 17:00:00+00:00
[2026-05-10T16:58:21.874+0000] {processor.py:183} INFO - Processing /opt/airflow/dags/sneakerz_pipeline.py took 0.371 seconds
[2026-05-10T16:58:52.140+0000] {processor.py:161} INFO - Started process (PID=1188) to work on /opt/airflow/dags/sneakerz_pipeline.py
[2026-05-10T16:58:52.142+0000] {processor.py:830} INFO - Processing file /opt/airflow/dags/sneakerz_pipeline.py for tasks to queue
[2026-05-10T16:58:52.146+0000] {logging_mixin.py:188} INFO - [2026-05-10T16:58:52.145+0000] {dagbag.py:540} INFO - Filling up the DagBag from /opt/airflow/dags/sneakerz_pipeline.py
[2026-05-10T16:58:52.178+0000] {processor.py:840} INFO - DAG(s) 'sneakerz_pipeline' retrieved from /opt/airflow/dags/sneakerz_pipeline.py
[2026-05-10T16:58:52.225+0000] {logging_mixin.py:188} INFO - [2026-05-10T16:58:52.225+0000] {dag.py:3096} INFO - Sync 1 DAGs
[2026-05-10T16:58:52.258+0000] {logging_mixin.py:188} INFO - [2026-05-10T16:58:52.257+0000] {dag.py:3954} INFO - Setting next_dagrun for sneakerz_pipeline to 2026-05-10 16:00:00+00:00, run_after=2026-05-10 17:00:00+00:00
[2026-05-10T16:58:52.289+0000] {processor.py:183} INFO - Processing /opt/airflow/dags/sneakerz_pipeline.py took 0.159 seconds
[2026-05-10T16:59:22.525+0000] {processor.py:161} INFO - Started process (PID=1193) to work on /opt/airflow/dags/sneakerz_pipeline.py
[2026-05-10T16:59:22.527+0000] {processor.py:830} INFO - Processing file /opt/airflow/dags/sneakerz_pipeline.py for tasks to queue
[2026-05-10T16:59:22.530+0000] {logging_mixin.py:188} INFO - [2026-05-10T16:59:22.530+0000] {dagbag.py:540} INFO - Filling up the DagBag from /opt/airflow/dags/sneakerz_pipeline.py
[2026-05-10T16:59:22.565+0000] {processor.py:840} INFO - DAG(s) 'sneakerz_pipeline' retrieved from /opt/airflow/dags/sneakerz_pipeline.py
[2026-05-10T16:59:22.609+0000] {logging_mixin.py:188} INFO - [2026-05-10T16:59:22.609+0000] {dag.py:3096} INFO - Sync 1 DAGs
[2026-05-10T16:59:22.643+0000] {logging_mixin.py:188} INFO - [2026-05-10T16:59:22.643+0000] {dag.py:3954} INFO - Setting next_dagrun for sneakerz_pipeline to 2026-05-10 16:00:00+00:00, run_after=2026-05-10 17:00:00+00:00
[2026-05-10T16:59:22.673+0000] {processor.py:183} INFO - Processing /opt/airflow/dags/sneakerz_pipeline.py took 0.157 seconds
[2026-05-10T16:59:52.925+0000] {processor.py:161} INFO - Started process (PID=1198) to work on /opt/airflow/dags/sneakerz_pipeline.py
[2026-05-10T16:59:52.927+0000] {processor.py:830} INFO - Processing file /opt/airflow/dags/sneakerz_pipeline.py for tasks to queue
[2026-05-10T16:59:52.930+0000] {logging_mixin.py:188} INFO - [2026-05-10T16:59:52.930+0000] {dagbag.py:540} INFO - Filling up the DagBag from /opt/airflow/dags/sneakerz_pipeline.py
[2026-05-10T16:59:52.963+0000] {processor.py:840} INFO - DAG(s) 'sneakerz_pipeline' retrieved from /opt/airflow/dags/sneakerz_pipeline.py
[2026-05-10T16:59:53.009+0000] {logging_mixin.py:188} INFO - [2026-05-10T16:59:53.009+0000] {dag.py:3096} INFO - Sync 1 DAGs
[2026-05-10T16:59:53.043+0000] {logging_mixin.py:188} INFO - [2026-05-10T16:59:53.042+0000] {dag.py:3954} INFO - Setting next_dagrun for sneakerz_pipeline to 2026-05-10 16:00:00+00:00, run_after=2026-05-10 17:00:00+00:00
[2026-05-10T16:59:53.072+0000] {processor.py:183} INFO - Processing /opt/airflow/dags/sneakerz_pipeline.py took 0.158 seconds
[2026-05-10T17:00:23.318+0000] {processor.py:161} INFO - Started process (PID=1211) to work on /opt/airflow/dags/sneakerz_pipeline.py
[2026-05-10T17:00:23.319+0000] {processor.py:830} INFO - Processing file /opt/airflow/dags/sneakerz_pipeline.py for tasks to queue
[2026-05-10T17:00:23.322+0000] {logging_mixin.py:188} INFO - [2026-05-10T17:00:23.322+0000] {dagbag.py:540} INFO - Filling up the DagBag from /opt/airflow/dags/sneakerz_pipeline.py
[2026-05-10T17:00:23.356+0000] {processor.py:840} INFO - DAG(s) 'sneakerz_pipeline' retrieved from /opt/airflow/dags/sneakerz_pipeline.py
[2026-05-10T17:00:23.400+0000] {logging_mixin.py:188} INFO - [2026-05-10T17:00:23.399+0000] {dag.py:3096} INFO - Sync 1 DAGs
[2026-05-10T17:00:23.433+0000] {logging_mixin.py:188} INFO - [2026-05-10T17:00:23.433+0000] {dag.py:3954} INFO - Setting next_dagrun for sneakerz_pipeline to 2026-05-10 17:00:00+00:00, run_after=2026-05-10 18:00:00+00:00
[2026-05-10T17:00:23.464+0000] {processor.py:183} INFO - Processing /opt/airflow/dags/sneakerz_pipeline.py took 0.157 seconds
[2026-05-10T17:00:53.732+0000] {processor.py:161} INFO - Started process (PID=1216) to work on /opt/airflow/dags/sneakerz_pipeline.py
[2026-05-10T17:00:53.735+0000] {processor.py:830} INFO - Processing file /opt/airflow/dags/sneakerz_pipeline.py for tasks to queue
[2026-05-10T17:00:53.739+0000] {logging_mixin.py:188} INFO - [2026-05-10T17:00:53.739+0000] {dagbag.py:540} INFO - Filling up the DagBag from /opt/airflow/dags/sneakerz_pipeline.py
[2026-05-10T17:00:53.800+0000] {processor.py:840} INFO - DAG(s) 'sneakerz_pipeline' retrieved from /opt/airflow/dags/sneakerz_pipeline.py
[2026-05-10T17:00:53.857+0000] {logging_mixin.py:188} INFO - [2026-05-10T17:00:53.857+0000] {dag.py:3096} INFO - Sync 1 DAGs
[2026-05-10T17:00:53.892+0000] {logging_mixin.py:188} INFO - [2026-05-10T17:00:53.892+0000] {dag.py:3954} INFO - Setting next_dagrun for sneakerz_pipeline to 2026-05-10 17:00:00+00:00, run_after=2026-05-10 18:00:00+00:00
[2026-05-10T17:00:54.136+0000] {processor.py:183} INFO - Processing /opt/airflow/dags/sneakerz_pipeline.py took 0.418 seconds
[2026-05-10T17:01:24.430+0000] {processor.py:161} INFO - Started process (PID=1221) to work on /opt/airflow/dags/sneakerz_pipeline.py
[2026-05-10T17:01:24.436+0000] {processor.py:830} INFO - Processing file /opt/airflow/dags/sneakerz_pipeline.py for tasks to queue
[2026-05-10T17:01:24.448+0000] {logging_mixin.py:188} INFO - [2026-05-10T17:01:24.446+0000] {dagbag.py:540} INFO - Filling up the DagBag from /opt/airflow/dags/sneakerz_pipeline.py
[2026-05-10T17:01:24.521+0000] {processor.py:840} INFO - DAG(s) 'sneakerz_pipeline' retrieved from /opt/airflow/dags/sneakerz_pipeline.py
[2026-05-10T17:01:24.630+0000] {logging_mixin.py:188} INFO - [2026-05-10T17:01:24.630+0000] {dag.py:3096} INFO - Sync 1 DAGs
[2026-05-10T17:01:24.697+0000] {logging_mixin.py:188} INFO - [2026-05-10T17:01:24.696+0000] {dag.py:3954} INFO - Setting next_dagrun for sneakerz_pipeline to 2026-05-10 17:00:00+00:00, run_after=2026-05-10 18:00:00+00:00
[2026-05-10T17:01:24.733+0000] {processor.py:183} INFO - Processing /opt/airflow/dags/sneakerz_pipeline.py took 0.328 seconds
[2026-05-10T17:01:54.999+0000] {processor.py:161} INFO - Started process (PID=1226) to work on /opt/airflow/dags/sneakerz_pipeline.py
[2026-05-10T17:01:55.000+0000] {processor.py:830} INFO - Processing file /opt/airflow/dags/sneakerz_pipeline.py for tasks to queue
[2026-05-10T17:01:55.004+0000] {logging_mixin.py:188} INFO - [2026-05-10T17:01:55.003+0000] {dagbag.py:540} INFO - Filling up the DagBag from /opt/airflow/dags/sneakerz_pipeline.py
[2026-05-10T17:01:55.042+0000] {processor.py:840} INFO - DAG(s) 'sneakerz_pipeline' retrieved from /opt/airflow/dags/sneakerz_pipeline.py
[2026-05-10T17:01:55.094+0000] {logging_mixin.py:188} INFO - [2026-05-10T17:01:55.094+0000] {dag.py:3096} INFO - Sync 1 DAGs
[2026-05-10T17:01:55.132+0000] {logging_mixin.py:188} INFO - [2026-05-10T17:01:55.132+0000] {dag.py:3954} INFO - Setting next_dagrun for sneakerz_pipeline to 2026-05-10 17:00:00+00:00, run_after=2026-05-10 18:00:00+00:00
[2026-05-10T17:01:55.167+0000] {processor.py:183} INFO - Processing /opt/airflow/dags/sneakerz_pipeline.py took 0.182 seconds
[2026-05-10T17:02:25.409+0000] {processor.py:161} INFO - Started process (PID=1231) to work on /opt/airflow/dags/sneakerz_pipeline.py
[2026-05-10T17:02:25.411+0000] {processor.py:830} INFO - Processing file /opt/airflow/dags/sneakerz_pipeline.py for tasks to queue
[2026-05-10T17:02:25.415+0000] {logging_mixin.py:188} INFO - [2026-05-10T17:02:25.414+0000] {dagbag.py:540} INFO - Filling up the DagBag from /opt/airflow/dags/sneakerz_pipeline.py
[2026-05-10T17:02:25.445+0000] {processor.py:840} INFO - DAG(s) 'sneakerz_pipeline' retrieved from /opt/airflow/dags/sneakerz_pipeline.py
[2026-05-10T17:02:25.501+0000] {logging_mixin.py:188} INFO - [2026-05-10T17:02:25.501+0000] {dag.py:3096} INFO - Sync 1 DAGs
[2026-05-10T17:02:25.542+0000] {logging_mixin.py:188} INFO - [2026-05-10T17:02:25.542+0000] {dag.py:3954} INFO - Setting next_dagrun for sneakerz_pipeline to 2026-05-10 17:00:00+00:00, run_after=2026-05-10 18:00:00+00:00
[2026-05-10T17:02:25.573+0000] {processor.py:183} INFO - Processing /opt/airflow/dags/sneakerz_pipeline.py took 0.172 seconds
[2026-05-10T17:02:55.816+0000] {processor.py:161} INFO - Started process (PID=1236) to work on /opt/airflow/dags/sneakerz_pipeline.py
[2026-05-10T17:02:55.817+0000] {processor.py:830} INFO - Processing file /opt/airflow/dags/sneakerz_pipeline.py for tasks to queue
[2026-05-10T17:02:55.821+0000] {logging_mixin.py:188} INFO - [2026-05-10T17:02:55.820+0000] {dagbag.py:540} INFO - Filling up the DagBag from /opt/airflow/dags/sneakerz_pipeline.py
[2026-05-10T17:02:55.855+0000] {processor.py:840} INFO - DAG(s) 'sneakerz_pipeline' retrieved from /opt/airflow/dags/sneakerz_pipeline.py
[2026-05-10T17:02:55.923+0000] {logging_mixin.py:188} INFO - [2026-05-10T17:02:55.923+0000] {dag.py:3096} INFO - Sync 1 DAGs
[2026-05-10T17:02:55.962+0000] {logging_mixin.py:188} INFO - [2026-05-10T17:02:55.962+0000] {dag.py:3954} INFO - Setting next_dagrun for sneakerz_pipeline to 2026-05-10 17:00:00+00:00, run_after=2026-05-10 18:00:00+00:00
[2026-05-10T17:02:55.992+0000] {processor.py:183} INFO - Processing /opt/airflow/dags/sneakerz_pipeline.py took 0.188 seconds
[2026-05-10T17:03:26.231+0000] {processor.py:161} INFO - Started process (PID=1241) to work on /opt/airflow/dags/sneakerz_pipeline.py
[2026-05-10T17:03:26.233+0000] {processor.py:830} INFO - Processing file /opt/airflow/dags/sneakerz_pipeline.py for tasks to queue
[2026-05-10T17:03:26.236+0000] {logging_mixin.py:188} INFO - [2026-05-10T17:03:26.235+0000] {dagbag.py:540} INFO - Filling up the DagBag from /opt/airflow/dags/sneakerz_pipeline.py
[2026-05-10T17:03:26.269+0000] {processor.py:840} INFO - DAG(s) 'sneakerz_pipeline' retrieved from /opt/airflow/dags/sneakerz_pipeline.py
[2026-05-10T17:03:26.323+0000] {logging_mixin.py:188} INFO - [2026-05-10T17:03:26.322+0000] {dag.py:3096} INFO - Sync 1 DAGs
[2026-05-10T17:03:26.358+0000] {logging_mixin.py:188} INFO - [2026-05-10T17:03:26.358+0000] {dag.py:3954} INFO - Setting next_dagrun for sneakerz_pipeline to 2026-05-10 17:00:00+00:00, run_after=2026-05-10 18:00:00+00:00
[2026-05-10T17:03:26.649+0000] {processor.py:183} INFO - Processing /opt/airflow/dags/sneakerz_pipeline.py took 0.425 seconds
[2026-05-10T17:03:56.941+0000] {processor.py:161} INFO - Started process (PID=1246) to work on /opt/airflow/dags/sneakerz_pipeline.py
[2026-05-10T17:03:56.943+0000] {processor.py:830} INFO - Processing file /opt/airflow/dags/sneakerz_pipeline.py for tasks to queue
[2026-05-10T17:03:56.947+0000] {logging_mixin.py:188} INFO - [2026-05-10T17:03:56.946+0000] {dagbag.py:540} INFO - Filling up the DagBag from /opt/airflow/dags/sneakerz_pipeline.py
[2026-05-10T17:03:56.982+0000] {processor.py:840} INFO - DAG(s) 'sneakerz_pipeline' retrieved from /opt/airflow/dags/sneakerz_pipeline.py
[2026-05-10T17:03:57.034+0000] {logging_mixin.py:188} INFO - [2026-05-10T17:03:57.034+0000] {dag.py:3096} INFO - Sync 1 DAGs
[2026-05-10T17:03:57.302+0000] {logging_mixin.py:188} INFO - [2026-05-10T17:03:57.302+0000] {dag.py:3954} INFO - Setting next_dagrun for sneakerz_pipeline to 2026-05-10 17:00:00+00:00, run_after=2026-05-10 18:00:00+00:00
[2026-05-10T17:03:57.330+0000] {processor.py:183} INFO - Processing /opt/airflow/dags/sneakerz_pipeline.py took 0.400 seconds
[2026-05-10T17:04:27.595+0000] {processor.py:161} INFO - Started process (PID=1251) to work on /opt/airflow/dags/sneakerz_pipeline.py
[2026-05-10T17:04:27.597+0000] {processor.py:830} INFO - Processing file /opt/airflow/dags/sneakerz_pipeline.py for tasks to queue
[2026-05-10T17:04:27.600+0000] {logging_mixin.py:188} INFO - [2026-05-10T17:04:27.599+0000] {dagbag.py:540} INFO - Filling up the DagBag from /opt/airflow/dags/sneakerz_pipeline.py
[2026-05-10T17:04:27.631+0000] {processor.py:840} INFO - DAG(s) 'sneakerz_pipeline' retrieved from /opt/airflow/dags/sneakerz_pipeline.py
[2026-05-10T17:04:27.682+0000] {logging_mixin.py:188} INFO - [2026-05-10T17:04:27.681+0000] {dag.py:3096} INFO - Sync 1 DAGs
[2026-05-10T17:04:27.718+0000] {logging_mixin.py:188} INFO - [2026-05-10T17:04:27.717+0000] {dag.py:3954} INFO - Setting next_dagrun for sneakerz_pipeline to 2026-05-10 17:00:00+00:00, run_after=2026-05-10 18:00:00+00:00
[2026-05-10T17:04:27.747+0000] {processor.py:183} INFO - Processing /opt/airflow/dags/sneakerz_pipeline.py took 0.160 seconds
[2026-05-10T17:04:57.994+0000] {processor.py:161} INFO - Started process (PID=1256) to work on /opt/airflow/dags/sneakerz_pipeline.py
[2026-05-10T17:04:57.996+0000] {processor.py:830} INFO - Processing file /opt/airflow/dags/sneakerz_pipeline.py for tasks to queue
[2026-05-10T17:04:57.999+0000] {logging_mixin.py:188} INFO - [2026-05-10T17:04:57.998+0000] {dagbag.py:540} INFO - Filling up the DagBag from /opt/airflow/dags/sneakerz_pipeline.py
[2026-05-10T17:04:58.032+0000] {processor.py:840} INFO - DAG(s) 'sneakerz_pipeline' retrieved from /opt/airflow/dags/sneakerz_pipeline.py
[2026-05-10T17:04:58.082+0000] {logging_mixin.py:188} INFO - [2026-05-10T17:04:58.081+0000] {dag.py:3096} INFO - Sync 1 DAGs
[2026-05-10T17:04:58.119+0000] {logging_mixin.py:188} INFO - [2026-05-10T17:04:58.118+0000] {dag.py:3954} INFO - Setting next_dagrun for sneakerz_pipeline to 2026-05-10 17:00:00+00:00, run_after=2026-05-10 18:00:00+00:00
[2026-05-10T17:04:58.149+0000] {processor.py:183} INFO - Processing /opt/airflow/dags/sneakerz_pipeline.py took 0.162 seconds
[2026-05-10T17:05:28.388+0000] {processor.py:161} INFO - Started process (PID=1269) to work on /opt/airflow/dags/sneakerz_pipeline.py
[2026-05-10T17:05:28.389+0000] {processor.py:830} INFO - Processing file /opt/airflow/dags/sneakerz_pipeline.py for tasks to queue
[2026-05-10T17:05:28.393+0000] {logging_mixin.py:188} INFO - [2026-05-10T17:05:28.392+0000] {dagbag.py:540} INFO - Filling up the DagBag from /opt/airflow/dags/sneakerz_pipeline.py
[2026-05-10T17:05:28.426+0000] {processor.py:840} INFO - DAG(s) 'sneakerz_pipeline' retrieved from /opt/airflow/dags/sneakerz_pipeline.py
[2026-05-10T17:05:28.475+0000] {logging_mixin.py:188} INFO - [2026-05-10T17:05:28.475+0000] {dag.py:3096} INFO - Sync 1 DAGs
[2026-05-10T17:05:28.511+0000] {logging_mixin.py:188} INFO - [2026-05-10T17:05:28.511+0000] {dag.py:3954} INFO - Setting next_dagrun for sneakerz_pipeline to 2026-05-10 17:00:00+00:00, run_after=2026-05-10 18:00:00+00:00
[2026-05-10T17:05:28.541+0000] {processor.py:183} INFO - Processing /opt/airflow/dags/sneakerz_pipeline.py took 0.163 seconds
[2026-05-10T17:05:58.781+0000] {processor.py:161} INFO - Started process (PID=1274) to work on /opt/airflow/dags/sneakerz_pipeline.py
[2026-05-10T17:05:58.783+0000] {processor.py:830} INFO - Processing file /opt/airflow/dags/sneakerz_pipeline.py for tasks to queue
[2026-05-10T17:05:58.786+0000] {logging_mixin.py:188} INFO - [2026-05-10T17:05:58.785+0000] {dagbag.py:540} INFO - Filling up the DagBag from /opt/airflow/dags/sneakerz_pipeline.py
[2026-05-10T17:05:58.821+0000] {processor.py:840} INFO - DAG(s) 'sneakerz_pipeline' retrieved from /opt/airflow/dags/sneakerz_pipeline.py
[2026-05-10T17:05:58.868+0000] {logging_mixin.py:188} INFO - [2026-05-10T17:05:58.867+0000] {dag.py:3096} INFO - Sync 1 DAGs
[2026-05-10T17:05:58.901+0000] {logging_mixin.py:188} INFO - [2026-05-10T17:05:58.901+0000] {dag.py:3954} INFO - Setting next_dagrun for sneakerz_pipeline to 2026-05-10 17:00:00+00:00, run_after=2026-05-10 18:00:00+00:00
[2026-05-10T17:05:58.930+0000] {processor.py:183} INFO - Processing /opt/airflow/dags/sneakerz_pipeline.py took 0.158 seconds
[2026-05-10T17:06:29.040+0000] {processor.py:161} INFO - Started process (PID=1279) to work on /opt/airflow/dags/sneakerz_pipeline.py
[2026-05-10T17:06:29.042+0000] {processor.py:830} INFO - Processing file /opt/airflow/dags/sneakerz_pipeline.py for tasks to queue
[2026-05-10T17:06:29.045+0000] {logging_mixin.py:188} INFO - [2026-05-10T17:06:29.044+0000] {dagbag.py:540} INFO - Filling up the DagBag from /opt/airflow/dags/sneakerz_pipeline.py
[2026-05-10T17:06:29.080+0000] {processor.py:840} INFO - DAG(s) 'sneakerz_pipeline' retrieved from /opt/airflow/dags/sneakerz_pipeline.py
[2026-05-10T17:06:29.131+0000] {logging_mixin.py:188} INFO - [2026-05-10T17:06:29.131+0000] {dag.py:3096} INFO - Sync 1 DAGs
[2026-05-10T17:06:29.169+0000] {logging_mixin.py:188} INFO - [2026-05-10T17:06:29.169+0000] {dag.py:3954} INFO - Setting next_dagrun for sneakerz_pipeline to 2026-05-10 17:00:00+00:00, run_after=2026-05-10 18:00:00+00:00
[2026-05-10T17:06:29.378+0000] {processor.py:183} INFO - Processing /opt/airflow/dags/sneakerz_pipeline.py took 0.347 seconds
[2026-05-10T17:06:59.627+0000] {processor.py:161} INFO - Started process (PID=1284) to work on /opt/airflow/dags/sneakerz_pipeline.py
[2026-05-10T17:06:59.628+0000] {processor.py:830} INFO - Processing file /opt/airflow/dags/sneakerz_pipeline.py for tasks to queue
[2026-05-10T17:06:59.632+0000] {logging_mixin.py:188} INFO - [2026-05-10T17:06:59.631+0000] {dagbag.py:540} INFO - Filling up the DagBag from /opt/airflow/dags/sneakerz_pipeline.py
[2026-05-10T17:06:59.657+0000] {processor.py:840} INFO - DAG(s) 'sneakerz_pipeline' retrieved from /opt/airflow/dags/sneakerz_pipeline.py
[2026-05-10T17:06:59.704+0000] {logging_mixin.py:188} INFO - [2026-05-10T17:06:59.704+0000] {dag.py:3096} INFO - Sync 1 DAGs
[2026-05-10T17:06:59.737+0000] {logging_mixin.py:188} INFO - [2026-05-10T17:06:59.737+0000] {dag.py:3954} INFO - Setting next_dagrun for sneakerz_pipeline to 2026-05-10 17:00:00+00:00, run_after=2026-05-10 18:00:00+00:00
[2026-05-10T17:06:59.766+0000] {processor.py:183} INFO - Processing /opt/airflow/dags/sneakerz_pipeline.py took 0.147 seconds
[2026-05-10T17:07:30.013+0000] {processor.py:161} INFO - Started process (PID=1289) to work on /opt/airflow/dags/sneakerz_pipeline.py
[2026-05-10T17:07:30.015+0000] {processor.py:830} INFO - Processing file /opt/airflow/dags/sneakerz_pipeline.py for tasks to queue
[2026-05-10T17:07:30.019+0000] {logging_mixin.py:188} INFO - [2026-05-10T17:07:30.018+0000] {dagbag.py:540} INFO - Filling up the DagBag from /opt/airflow/dags/sneakerz_pipeline.py
[2026-05-10T17:07:30.052+0000] {processor.py:840} INFO - DAG(s) 'sneakerz_pipeline' retrieved from /opt/airflow/dags/sneakerz_pipeline.py
[2026-05-10T17:07:30.100+0000] {logging_mixin.py:188} INFO - [2026-05-10T17:07:30.100+0000] {dag.py:3096} INFO - Sync 1 DAGs
[2026-05-10T17:07:30.134+0000] {logging_mixin.py:188} INFO - [2026-05-10T17:07:30.134+0000] {dag.py:3954} INFO - Setting next_dagrun for sneakerz_pipeline to 2026-05-10 17:00:00+00:00, run_after=2026-05-10 18:00:00+00:00
[2026-05-10T17:07:30.165+0000] {processor.py:183} INFO - Processing /opt/airflow/dags/sneakerz_pipeline.py took 0.161 seconds
[2026-05-10T17:08:00.401+0000] {processor.py:161} INFO - Started process (PID=1294) to work on /opt/airflow/dags/sneakerz_pipeline.py
[2026-05-10T17:08:00.402+0000] {processor.py:830} INFO - Processing file /opt/airflow/dags/sneakerz_pipeline.py for tasks to queue
[2026-05-10T17:08:00.405+0000] {logging_mixin.py:188} INFO - [2026-05-10T17:08:00.405+0000] {dagbag.py:540} INFO - Filling up the DagBag from /opt/airflow/dags/sneakerz_pipeline.py
[2026-05-10T17:08:00.438+0000] {processor.py:840} INFO - DAG(s) 'sneakerz_pipeline' retrieved from /opt/airflow/dags/sneakerz_pipeline.py
[2026-05-10T17:08:00.492+0000] {logging_mixin.py:188} INFO - [2026-05-10T17:08:00.491+0000] {dag.py:3096} INFO - Sync 1 DAGs
[2026-05-10T17:08:00.525+0000] {logging_mixin.py:188} INFO - [2026-05-10T17:08:00.525+0000] {dag.py:3954} INFO - Setting next_dagrun for sneakerz_pipeline to 2026-05-10 17:00:00+00:00, run_after=2026-05-10 18:00:00+00:00
[2026-05-10T17:08:00.557+0000] {processor.py:183} INFO - Processing /opt/airflow/dags/sneakerz_pipeline.py took 0.164 seconds
[2026-05-10T17:08:30.798+0000] {processor.py:161} INFO - Started process (PID=1299) to work on /opt/airflow/dags/sneakerz_pipeline.py
[2026-05-10T17:08:30.800+0000] {processor.py:830} INFO - Processing file /opt/airflow/dags/sneakerz_pipeline.py for tasks to queue
[2026-05-10T17:08:30.803+0000] {logging_mixin.py:188} INFO - [2026-05-10T17:08:30.803+0000] {dagbag.py:540} INFO - Filling up the DagBag from /opt/airflow/dags/sneakerz_pipeline.py
[2026-05-10T17:08:30.835+0000] {processor.py:840} INFO - DAG(s) 'sneakerz_pipeline' retrieved from /opt/airflow/dags/sneakerz_pipeline.py
[2026-05-10T17:08:30.878+0000] {logging_mixin.py:188} INFO - [2026-05-10T17:08:30.878+0000] {dag.py:3096} INFO - Sync 1 DAGs
[2026-05-10T17:08:30.913+0000] {logging_mixin.py:188} INFO - [2026-05-10T17:08:30.913+0000] {dag.py:3954} INFO - Setting next_dagrun for sneakerz_pipeline to 2026-05-10 17:00:00+00:00, run_after=2026-05-10 18:00:00+00:00
[2026-05-10T17:08:30.949+0000] {processor.py:183} INFO - Processing /opt/airflow/dags/sneakerz_pipeline.py took 0.159 seconds
[2026-05-10T17:09:01.205+0000] {processor.py:161} INFO - Started process (PID=1304) to work on /opt/airflow/dags/sneakerz_pipeline.py
[2026-05-10T17:09:01.207+0000] {processor.py:830} INFO - Processing file /opt/airflow/dags/sneakerz_pipeline.py for tasks to queue
[2026-05-10T17:09:01.210+0000] {logging_mixin.py:188} INFO - [2026-05-10T17:09:01.209+0000] {dagbag.py:540} INFO - Filling up the DagBag from /opt/airflow/dags/sneakerz_pipeline.py
[2026-05-10T17:09:01.240+0000] {processor.py:840} INFO - DAG(s) 'sneakerz_pipeline' retrieved from /opt/airflow/dags/sneakerz_pipeline.py
[2026-05-10T17:09:01.289+0000] {logging_mixin.py:188} INFO - [2026-05-10T17:09:01.288+0000] {dag.py:3096} INFO - Sync 1 DAGs
[2026-05-10T17:09:01.326+0000] {logging_mixin.py:188} INFO - [2026-05-10T17:09:01.326+0000] {dag.py:3954} INFO - Setting next_dagrun for sneakerz_pipeline to 2026-05-10 17:00:00+00:00, run_after=2026-05-10 18:00:00+00:00
[2026-05-10T17:09:01.541+0000] {processor.py:183} INFO - Processing /opt/airflow/dags/sneakerz_pipeline.py took 0.346 seconds
[2026-05-10T17:09:31.809+0000] {processor.py:161} INFO - Started process (PID=1309) to work on /opt/airflow/dags/sneakerz_pipeline.py
[2026-05-10T17:09:31.811+0000] {processor.py:830} INFO - Processing file /opt/airflow/dags/sneakerz_pipeline.py for tasks to queue
[2026-05-10T17:09:31.814+0000] {logging_mixin.py:188} INFO - [2026-05-10T17:09:31.813+0000] {dagbag.py:540} INFO - Filling up the DagBag from /opt/airflow/dags/sneakerz_pipeline.py
[2026-05-10T17:09:31.850+0000] {processor.py:840} INFO - DAG(s) 'sneakerz_pipeline' retrieved from /opt/airflow/dags/sneakerz_pipeline.py
[2026-05-10T17:09:31.896+0000] {logging_mixin.py:188} INFO - [2026-05-10T17:09:31.895+0000] {dag.py:3096} INFO - Sync 1 DAGs
[2026-05-10T17:09:32.118+0000] {logging_mixin.py:188} INFO - [2026-05-10T17:09:32.117+0000] {dag.py:3954} INFO - Setting next_dagrun for sneakerz_pipeline to 2026-05-10 17:00:00+00:00, run_after=2026-05-10 18:00:00+00:00
[2026-05-10T17:09:32.144+0000] {processor.py:183} INFO - Processing /opt/airflow/dags/sneakerz_pipeline.py took 0.343 seconds
[2026-05-10T17:10:02.397+0000] {processor.py:161} INFO - Started process (PID=1314) to work on /opt/airflow/dags/sneakerz_pipeline.py
[2026-05-10T17:10:02.399+0000] {processor.py:830} INFO - Processing file /opt/airflow/dags/sneakerz_pipeline.py for tasks to queue
[2026-05-10T17:10:02.402+0000] {logging_mixin.py:188} INFO - [2026-05-10T17:10:02.402+0000] {dagbag.py:540} INFO - Filling up the DagBag from /opt/airflow/dags/sneakerz_pipeline.py
[2026-05-10T17:10:02.432+0000] {processor.py:840} INFO - DAG(s) 'sneakerz_pipeline' retrieved from /opt/airflow/dags/sneakerz_pipeline.py
[2026-05-10T17:10:02.482+0000] {logging_mixin.py:188} INFO - [2026-05-10T17:10:02.481+0000] {dag.py:3096} INFO - Sync 1 DAGs
[2026-05-10T17:10:02.516+0000] {logging_mixin.py:188} INFO - [2026-05-10T17:10:02.516+0000] {dag.py:3954} INFO - Setting next_dagrun for sneakerz_pipeline to 2026-05-10 17:00:00+00:00, run_after=2026-05-10 18:00:00+00:00
[2026-05-10T17:10:02.548+0000] {processor.py:183} INFO - Processing /opt/airflow/dags/sneakerz_pipeline.py took 0.159 seconds
[2026-05-10T17:10:32.792+0000] {processor.py:161} INFO - Started process (PID=1327) to work on /opt/airflow/dags/sneakerz_pipeline.py
[2026-05-10T17:10:32.793+0000] {processor.py:830} INFO - Processing file /opt/airflow/dags/sneakerz_pipeline.py for tasks to queue
[2026-05-10T17:10:32.796+0000] {logging_mixin.py:188} INFO - [2026-05-10T17:10:32.796+0000] {dagbag.py:540} INFO - Filling up the DagBag from /opt/airflow/dags/sneakerz_pipeline.py
[2026-05-10T17:10:32.829+0000] {processor.py:840} INFO - DAG(s) 'sneakerz_pipeline' retrieved from /opt/airflow/dags/sneakerz_pipeline.py
[2026-05-10T17:10:32.876+0000] {logging_mixin.py:188} INFO - [2026-05-10T17:10:32.875+0000] {dag.py:3096} INFO - Sync 1 DAGs
[2026-05-10T17:10:32.909+0000] {logging_mixin.py:188} INFO - [2026-05-10T17:10:32.908+0000] {dag.py:3954} INFO - Setting next_dagrun for sneakerz_pipeline to 2026-05-10 17:00:00+00:00, run_after=2026-05-10 18:00:00+00:00
[2026-05-10T17:10:32.941+0000] {processor.py:183} INFO - Processing /opt/airflow/dags/sneakerz_pipeline.py took 0.157 seconds
[2026-05-10T17:11:03.179+0000] {processor.py:161} INFO - Started process (PID=1332) to work on /opt/airflow/dags/sneakerz_pipeline.py
[2026-05-10T17:11:03.181+0000] {processor.py:830} INFO - Processing file /opt/airflow/dags/sneakerz_pipeline.py for tasks to queue
[2026-05-10T17:11:03.184+0000] {logging_mixin.py:188} INFO - [2026-05-10T17:11:03.184+0000] {dagbag.py:540} INFO - Filling up the DagBag from /opt/airflow/dags/sneakerz_pipeline.py
[2026-05-10T17:11:03.214+0000] {processor.py:840} INFO - DAG(s) 'sneakerz_pipeline' retrieved from /opt/airflow/dags/sneakerz_pipeline.py
[2026-05-10T17:11:03.259+0000] {logging_mixin.py:188} INFO - [2026-05-10T17:11:03.259+0000] {dag.py:3096} INFO - Sync 1 DAGs
[2026-05-10T17:11:03.295+0000] {logging_mixin.py:188} INFO - [2026-05-10T17:11:03.295+0000] {dag.py:3954} INFO - Setting next_dagrun for sneakerz_pipeline to 2026-05-10 17:00:00+00:00, run_after=2026-05-10 18:00:00+00:00
[2026-05-10T17:11:03.328+0000] {processor.py:183} INFO - Processing /opt/airflow/dags/sneakerz_pipeline.py took 0.157 seconds
[2026-05-10T17:11:33.441+0000] {processor.py:161} INFO - Started process (PID=1337) to work on /opt/airflow/dags/sneakerz_pipeline.py
[2026-05-10T17:11:33.443+0000] {processor.py:830} INFO - Processing file /opt/airflow/dags/sneakerz_pipeline.py for tasks to queue
[2026-05-10T17:11:33.447+0000] {logging_mixin.py:188} INFO - [2026-05-10T17:11:33.445+0000] {dagbag.py:540} INFO - Filling up the DagBag from /opt/airflow/dags/sneakerz_pipeline.py
[2026-05-10T17:11:33.480+0000] {processor.py:840} INFO - DAG(s) 'sneakerz_pipeline' retrieved from /opt/airflow/dags/sneakerz_pipeline.py
[2026-05-10T17:11:33.526+0000] {logging_mixin.py:188} INFO - [2026-05-10T17:11:33.525+0000] {dag.py:3096} INFO - Sync 1 DAGs
[2026-05-10T17:11:33.558+0000] {logging_mixin.py:188} INFO - [2026-05-10T17:11:33.558+0000] {dag.py:3954} INFO - Setting next_dagrun for sneakerz_pipeline to 2026-05-10 17:00:00+00:00, run_after=2026-05-10 18:00:00+00:00
[2026-05-10T17:11:33.783+0000] {processor.py:183} INFO - Processing /opt/airflow/dags/sneakerz_pipeline.py took 0.350 seconds
[2026-05-10T17:12:04.032+0000] {processor.py:161} INFO - Started process (PID=1342) to work on /opt/airflow/dags/sneakerz_pipeline.py
[2026-05-10T17:12:04.034+0000] {processor.py:830} INFO - Processing file /opt/airflow/dags/sneakerz_pipeline.py for tasks to queue
[2026-05-10T17:12:04.036+0000] {logging_mixin.py:188} INFO - [2026-05-10T17:12:04.035+0000] {dagbag.py:540} INFO - Filling up the DagBag from /opt/airflow/dags/sneakerz_pipeline.py
[2026-05-10T17:12:04.066+0000] {processor.py:840} INFO - DAG(s) 'sneakerz_pipeline' retrieved from /opt/airflow/dags/sneakerz_pipeline.py
[2026-05-10T17:12:04.118+0000] {logging_mixin.py:188} INFO - [2026-05-10T17:12:04.117+0000] {dag.py:3096} INFO - Sync 1 DAGs
[2026-05-10T17:12:04.371+0000] {logging_mixin.py:188} INFO - [2026-05-10T17:12:04.370+0000] {dag.py:3954} INFO - Setting next_dagrun for sneakerz_pipeline to 2026-05-10 17:00:00+00:00, run_after=2026-05-10 18:00:00+00:00
[2026-05-10T17:12:04.399+0000] {processor.py:183} INFO - Processing /opt/airflow/dags/sneakerz_pipeline.py took 0.374 seconds
[2026-05-10T17:12:34.674+0000] {processor.py:161} INFO - Started process (PID=1347) to work on /opt/airflow/dags/sneakerz_pipeline.py
[2026-05-10T17:12:34.675+0000] {processor.py:830} INFO - Processing file /opt/airflow/dags/sneakerz_pipeline.py for tasks to queue
[2026-05-10T17:12:34.678+0000] {logging_mixin.py:188} INFO - [2026-05-10T17:12:34.678+0000] {dagbag.py:540} INFO - Filling up the DagBag from /opt/airflow/dags/sneakerz_pipeline.py
[2026-05-10T17:12:34.708+0000] {processor.py:840} INFO - DAG(s) 'sneakerz_pipeline' retrieved from /opt/airflow/dags/sneakerz_pipeline.py
[2026-05-10T17:12:34.944+0000] {logging_mixin.py:188} INFO - [2026-05-10T17:12:34.944+0000] {dag.py:3096} INFO - Sync 1 DAGs
[2026-05-10T17:12:34.971+0000] {logging_mixin.py:188} INFO - [2026-05-10T17:12:34.971+0000] {dag.py:3954} INFO - Setting next_dagrun for sneakerz_pipeline to 2026-05-10 17:00:00+00:00, run_after=2026-05-10 18:00:00+00:00
[2026-05-10T17:12:35.003+0000] {processor.py:183} INFO - Processing /opt/airflow/dags/sneakerz_pipeline.py took 0.339 seconds
[2026-05-10T17:13:05.273+0000] {processor.py:161} INFO - Started process (PID=1352) to work on /opt/airflow/dags/sneakerz_pipeline.py
[2026-05-10T17:13:05.275+0000] {processor.py:830} INFO - Processing file /opt/airflow/dags/sneakerz_pipeline.py for tasks to queue
[2026-05-10T17:13:05.278+0000] {logging_mixin.py:188} INFO - [2026-05-10T17:13:05.277+0000] {dagbag.py:540} INFO - Filling up the DagBag from /opt/airflow/dags/sneakerz_pipeline.py
[2026-05-10T17:13:05.312+0000] {processor.py:840} INFO - DAG(s) 'sneakerz_pipeline' retrieved from /opt/airflow/dags/sneakerz_pipeline.py
[2026-05-10T17:13:05.358+0000] {logging_mixin.py:188} INFO - [2026-05-10T17:13:05.358+0000] {dag.py:3096} INFO - Sync 1 DAGs
[2026-05-10T17:13:05.392+0000] {logging_mixin.py:188} INFO - [2026-05-10T17:13:05.392+0000] {dag.py:3954} INFO - Setting next_dagrun for sneakerz_pipeline to 2026-05-10 17:00:00+00:00, run_after=2026-05-10 18:00:00+00:00
[2026-05-10T17:13:05.423+0000] {processor.py:183} INFO - Processing /opt/airflow/dags/sneakerz_pipeline.py took 0.158 seconds
[2026-05-10T17:13:35.663+0000] {processor.py:161} INFO - Started process (PID=1357) to work on /opt/airflow/dags/sneakerz_pipeline.py
[2026-05-10T17:13:35.665+0000] {processor.py:830} INFO - Processing file /opt/airflow/dags/sneakerz_pipeline.py for tasks to queue
[2026-05-10T17:13:35.668+0000] {logging_mixin.py:188} INFO - [2026-05-10T17:13:35.668+0000] {dagbag.py:540} INFO - Filling up the DagBag from /opt/airflow/dags/sneakerz_pipeline.py
[2026-05-10T17:13:35.702+0000] {processor.py:840} INFO - DAG(s) 'sneakerz_pipeline' retrieved from /opt/airflow/dags/sneakerz_pipeline.py
[2026-05-10T17:13:35.751+0000] {logging_mixin.py:188} INFO - [2026-05-10T17:13:35.751+0000] {dag.py:3096} INFO - Sync 1 DAGs
[2026-05-10T17:13:35.789+0000] {logging_mixin.py:188} INFO - [2026-05-10T17:13:35.789+0000] {dag.py:3954} INFO - Setting next_dagrun for sneakerz_pipeline to 2026-05-10 17:00:00+00:00, run_after=2026-05-10 18:00:00+00:00
[2026-05-10T17:13:35.824+0000] {processor.py:183} INFO - Processing /opt/airflow/dags/sneakerz_pipeline.py took 0.170 seconds
[2026-05-10T17:14:06.067+0000] {processor.py:161} INFO - Started process (PID=1362) to work on /opt/airflow/dags/sneakerz_pipeline.py
[2026-05-10T17:14:06.068+0000] {processor.py:830} INFO - Processing file /opt/airflow/dags/sneakerz_pipeline.py for tasks to queue
[2026-05-10T17:14:06.070+0000] {logging_mixin.py:188} INFO - [2026-05-10T17:14:06.070+0000] {dagbag.py:540} INFO - Filling up the DagBag from /opt/airflow/dags/sneakerz_pipeline.py
[2026-05-10T17:14:06.100+0000] {processor.py:840} INFO - DAG(s) 'sneakerz_pipeline' retrieved from /opt/airflow/dags/sneakerz_pipeline.py
[2026-05-10T17:14:06.147+0000] {logging_mixin.py:188} INFO - [2026-05-10T17:14:06.146+0000] {dag.py:3096} INFO - Sync 1 DAGs
[2026-05-10T17:14:06.180+0000] {logging_mixin.py:188} INFO - [2026-05-10T17:14:06.179+0000] {dag.py:3954} INFO - Setting next_dagrun for sneakerz_pipeline to 2026-05-10 17:00:00+00:00, run_after=2026-05-10 18:00:00+00:00
[2026-05-10T17:14:06.437+0000] {processor.py:183} INFO - Processing /opt/airflow/dags/sneakerz_pipeline.py took 0.378 seconds
[2026-05-10T17:14:36.708+0000] {processor.py:161} INFO - Started process (PID=1367) to work on /opt/airflow/dags/sneakerz_pipeline.py
[2026-05-10T17:14:36.710+0000] {processor.py:830} INFO - Processing file /opt/airflow/dags/sneakerz_pipeline.py for tasks to queue
[2026-05-10T17:14:36.713+0000] {logging_mixin.py:188} INFO - [2026-05-10T17:14:36.713+0000] {dagbag.py:540} INFO - Filling up the DagBag from /opt/airflow/dags/sneakerz_pipeline.py
[2026-05-10T17:14:36.744+0000] {processor.py:840} INFO - DAG(s) 'sneakerz_pipeline' retrieved from /opt/airflow/dags/sneakerz_pipeline.py
[2026-05-10T17:14:36.789+0000] {logging_mixin.py:188} INFO - [2026-05-10T17:14:36.788+0000] {dag.py:3096} INFO - Sync 1 DAGs
[2026-05-10T17:14:37.023+0000] {logging_mixin.py:188} INFO - [2026-05-10T17:14:37.023+0000] {dag.py:3954} INFO - Setting next_dagrun for sneakerz_pipeline to 2026-05-10 17:00:00+00:00, run_after=2026-05-10 18:00:00+00:00
[2026-05-10T17:14:37.048+0000] {processor.py:183} INFO - Processing /opt/airflow/dags/sneakerz_pipeline.py took 0.348 seconds
[2026-05-10T17:15:07.299+0000] {processor.py:161} INFO - Started process (PID=1372) to work on /opt/airflow/dags/sneakerz_pipeline.py
[2026-05-10T17:15:07.300+0000] {processor.py:830} INFO - Processing file /opt/airflow/dags/sneakerz_pipeline.py for tasks to queue
[2026-05-10T17:15:07.303+0000] {logging_mixin.py:188} INFO - [2026-05-10T17:15:07.302+0000] {dagbag.py:540} INFO - Filling up the DagBag from /opt/airflow/dags/sneakerz_pipeline.py
[2026-05-10T17:15:07.336+0000] {processor.py:840} INFO - DAG(s) 'sneakerz_pipeline' retrieved from /opt/airflow/dags/sneakerz_pipeline.py
[2026-05-10T17:15:07.383+0000] {logging_mixin.py:188} INFO - [2026-05-10T17:15:07.383+0000] {dag.py:3096} INFO - Sync 1 DAGs
[2026-05-10T17:15:07.608+0000] {logging_mixin.py:188} INFO - [2026-05-10T17:15:07.607+0000] {dag.py:3954} INFO - Setting next_dagrun for sneakerz_pipeline to 2026-05-10 17:00:00+00:00, run_after=2026-05-10 18:00:00+00:00
[2026-05-10T17:15:07.634+0000] {processor.py:183} INFO - Processing /opt/airflow/dags/sneakerz_pipeline.py took 0.343 seconds
[2026-05-10T17:15:37.892+0000] {processor.py:161} INFO - Started process (PID=1377) to work on /opt/airflow/dags/sneakerz_pipeline.py
[2026-05-10T17:15:37.894+0000] {processor.py:830} INFO - Processing file /opt/airflow/dags/sneakerz_pipeline.py for tasks to queue
[2026-05-10T17:15:37.897+0000] {logging_mixin.py:188} INFO - [2026-05-10T17:15:37.897+0000] {dagbag.py:540} INFO - Filling up the DagBag from /opt/airflow/dags/sneakerz_pipeline.py
[2026-05-10T17:15:37.934+0000] {processor.py:840} INFO - DAG(s) 'sneakerz_pipeline' retrieved from /opt/airflow/dags/sneakerz_pipeline.py
[2026-05-10T17:15:38.170+0000] {logging_mixin.py:188} INFO - [2026-05-10T17:15:38.170+0000] {dag.py:3096} INFO - Sync 1 DAGs
[2026-05-10T17:15:38.201+0000] {logging_mixin.py:188} INFO - [2026-05-10T17:15:38.200+0000] {dag.py:3954} INFO - Setting next_dagrun for sneakerz_pipeline to 2026-05-10 17:00:00+00:00, run_after=2026-05-10 18:00:00+00:00
[2026-05-10T17:15:38.228+0000] {processor.py:183} INFO - Processing /opt/airflow/dags/sneakerz_pipeline.py took 0.344 seconds
[2026-05-10T17:16:08.493+0000] {processor.py:161} INFO - Started process (PID=1382) to work on /opt/airflow/dags/sneakerz_pipeline.py
[2026-05-10T17:16:08.494+0000] {processor.py:830} INFO - Processing file /opt/airflow/dags/sneakerz_pipeline.py for tasks to queue
[2026-05-10T17:16:08.497+0000] {logging_mixin.py:188} INFO - [2026-05-10T17:16:08.497+0000] {dagbag.py:540} INFO - Filling up the DagBag from /opt/airflow/dags/sneakerz_pipeline.py
[2026-05-10T17:16:08.529+0000] {processor.py:840} INFO - DAG(s) 'sneakerz_pipeline' retrieved from /opt/airflow/dags/sneakerz_pipeline.py
[2026-05-10T17:16:08.577+0000] {logging_mixin.py:188} INFO - [2026-05-10T17:16:08.576+0000] {dag.py:3096} INFO - Sync 1 DAGs
[2026-05-10T17:16:08.611+0000] {logging_mixin.py:188} INFO - [2026-05-10T17:16:08.610+0000] {dag.py:3954} INFO - Setting next_dagrun for sneakerz_pipeline to 2026-05-10 17:00:00+00:00, run_after=2026-05-10 18:00:00+00:00
[2026-05-10T17:16:08.641+0000] {processor.py:183} INFO - Processing /opt/airflow/dags/sneakerz_pipeline.py took 0.155 seconds
[2026-05-10T17:16:38.751+0000] {processor.py:161} INFO - Started process (PID=1387) to work on /opt/airflow/dags/sneakerz_pipeline.py
[2026-05-10T17:16:38.753+0000] {processor.py:830} INFO - Processing file /opt/airflow/dags/sneakerz_pipeline.py for tasks to queue
[2026-05-10T17:16:38.756+0000] {logging_mixin.py:188} INFO - [2026-05-10T17:16:38.756+0000] {dagbag.py:540} INFO - Filling up the DagBag from /opt/airflow/dags/sneakerz_pipeline.py
[2026-05-10T17:16:38.786+0000] {processor.py:840} INFO - DAG(s) 'sneakerz_pipeline' retrieved from /opt/airflow/dags/sneakerz_pipeline.py
[2026-05-10T17:16:38.829+0000] {logging_mixin.py:188} INFO - [2026-05-10T17:16:38.829+0000] {dag.py:3096} INFO - Sync 1 DAGs
[2026-05-10T17:16:38.864+0000] {logging_mixin.py:188} INFO - [2026-05-10T17:16:38.863+0000] {dag.py:3954} INFO - Setting next_dagrun for sneakerz_pipeline to 2026-05-10 17:00:00+00:00, run_after=2026-05-10 18:00:00+00:00
[2026-05-10T17:16:38.898+0000] {processor.py:183} INFO - Processing /opt/airflow/dags/sneakerz_pipeline.py took 0.156 seconds
[2026-05-10T17:17:09.075+0000] {processor.py:161} INFO - Started process (PID=1392) to work on /opt/airflow/dags/sneakerz_pipeline.py
[2026-05-10T17:17:09.077+0000] {processor.py:830} INFO - Processing file /opt/airflow/dags/sneakerz_pipeline.py for tasks to queue
[2026-05-10T17:17:09.080+0000] {logging_mixin.py:188} INFO - [2026-05-10T17:17:09.079+0000] {dagbag.py:540} INFO - Filling up the DagBag from /opt/airflow/dags/sneakerz_pipeline.py
[2026-05-10T17:17:09.114+0000] {processor.py:840} INFO - DAG(s) 'sneakerz_pipeline' retrieved from /opt/airflow/dags/sneakerz_pipeline.py
[2026-05-10T17:17:09.159+0000] {logging_mixin.py:188} INFO - [2026-05-10T17:17:09.159+0000] {dag.py:3096} INFO - Sync 1 DAGs
[2026-05-10T17:17:09.379+0000] {logging_mixin.py:188} INFO - [2026-05-10T17:17:09.379+0000] {dag.py:3954} INFO - Setting next_dagrun for sneakerz_pipeline to 2026-05-10 17:00:00+00:00, run_after=2026-05-10 18:00:00+00:00
[2026-05-10T17:17:09.404+0000] {processor.py:183} INFO - Processing /opt/airflow/dags/sneakerz_pipeline.py took 0.336 seconds
[2026-05-10T17:17:39.660+0000] {processor.py:161} INFO - Started process (PID=1397) to work on /opt/airflow/dags/sneakerz_pipeline.py
[2026-05-10T17:17:39.662+0000] {processor.py:830} INFO - Processing file /opt/airflow/dags/sneakerz_pipeline.py for tasks to queue
[2026-05-10T17:17:39.665+0000] {logging_mixin.py:188} INFO - [2026-05-10T17:17:39.665+0000] {dagbag.py:540} INFO - Filling up the DagBag from /opt/airflow/dags/sneakerz_pipeline.py
[2026-05-10T17:17:39.701+0000] {processor.py:840} INFO - DAG(s) 'sneakerz_pipeline' retrieved from /opt/airflow/dags/sneakerz_pipeline.py
[2026-05-10T17:17:39.935+0000] {logging_mixin.py:188} INFO - [2026-05-10T17:17:39.935+0000] {dag.py:3096} INFO - Sync 1 DAGs
[2026-05-10T17:17:39.963+0000] {logging_mixin.py:188} INFO - [2026-05-10T17:17:39.963+0000] {dag.py:3954} INFO - Setting next_dagrun for sneakerz_pipeline to 2026-05-10 17:00:00+00:00, run_after=2026-05-10 18:00:00+00:00
[2026-05-10T17:17:39.990+0000] {processor.py:183} INFO - Processing /opt/airflow/dags/sneakerz_pipeline.py took 0.339 seconds
[2026-05-10T17:18:10.242+0000] {processor.py:161} INFO - Started process (PID=1402) to work on /opt/airflow/dags/sneakerz_pipeline.py
[2026-05-10T17:18:10.244+0000] {processor.py:830} INFO - Processing file /opt/airflow/dags/sneakerz_pipeline.py for tasks to queue
[2026-05-10T17:18:10.247+0000] {logging_mixin.py:188} INFO - [2026-05-10T17:18:10.246+0000] {dagbag.py:540} INFO - Filling up the DagBag from /opt/airflow/dags/sneakerz_pipeline.py
[2026-05-10T17:18:10.469+0000] {processor.py:840} INFO - DAG(s) 'sneakerz_pipeline' retrieved from /opt/airflow/dags/sneakerz_pipeline.py
[2026-05-10T17:18:10.509+0000] {logging_mixin.py:188} INFO - [2026-05-10T17:18:10.509+0000] {dag.py:3096} INFO - Sync 1 DAGs
[2026-05-10T17:18:10.532+0000] {logging_mixin.py:188} INFO - [2026-05-10T17:18:10.532+0000] {dag.py:3954} INFO - Setting next_dagrun for sneakerz_pipeline to 2026-05-10 17:00:00+00:00, run_after=2026-05-10 18:00:00+00:00
[2026-05-10T17:18:10.557+0000] {processor.py:183} INFO - Processing /opt/airflow/dags/sneakerz_pipeline.py took 0.323 seconds
[2026-05-10T17:18:40.658+0000] {processor.py:161} INFO - Started process (PID=1407) to work on /opt/airflow/dags/sneakerz_pipeline.py
[2026-05-10T17:18:40.660+0000] {processor.py:830} INFO - Processing file /opt/airflow/dags/sneakerz_pipeline.py for tasks to queue
[2026-05-10T17:18:40.663+0000] {logging_mixin.py:188} INFO - [2026-05-10T17:18:40.662+0000] {dagbag.py:540} INFO - Filling up the DagBag from /opt/airflow/dags/sneakerz_pipeline.py
[2026-05-10T17:18:40.696+0000] {processor.py:840} INFO - DAG(s) 'sneakerz_pipeline' retrieved from /opt/airflow/dags/sneakerz_pipeline.py
[2026-05-10T17:18:40.741+0000] {logging_mixin.py:188} INFO - [2026-05-10T17:18:40.740+0000] {dag.py:3096} INFO - Sync 1 DAGs
[2026-05-10T17:18:40.771+0000] {logging_mixin.py:188} INFO - [2026-05-10T17:18:40.771+0000] {dag.py:3954} INFO - Setting next_dagrun for sneakerz_pipeline to 2026-05-10 17:00:00+00:00, run_after=2026-05-10 18:00:00+00:00
[2026-05-10T17:18:40.801+0000] {processor.py:183} INFO - Processing /opt/airflow/dags/sneakerz_pipeline.py took 0.152 seconds
[2026-05-10T17:19:11.017+0000] {processor.py:161} INFO - Started process (PID=1412) to work on /opt/airflow/dags/sneakerz_pipeline.py
[2026-05-10T17:19:11.019+0000] {processor.py:830} INFO - Processing file /opt/airflow/dags/sneakerz_pipeline.py for tasks to queue
[2026-05-10T17:19:11.023+0000] {logging_mixin.py:188} INFO - [2026-05-10T17:19:11.023+0000] {dagbag.py:540} INFO - Filling up the DagBag from /opt/airflow/dags/sneakerz_pipeline.py
[2026-05-10T17:19:11.060+0000] {processor.py:840} INFO - DAG(s) 'sneakerz_pipeline' retrieved from /opt/airflow/dags/sneakerz_pipeline.py
[2026-05-10T17:19:11.110+0000] {logging_mixin.py:188} INFO - [2026-05-10T17:19:11.110+0000] {dag.py:3096} INFO - Sync 1 DAGs
[2026-05-10T17:19:11.145+0000] {logging_mixin.py:188} INFO - [2026-05-10T17:19:11.145+0000] {dag.py:3954} INFO - Setting next_dagrun for sneakerz_pipeline to 2026-05-10 17:00:00+00:00, run_after=2026-05-10 18:00:00+00:00
[2026-05-10T17:19:11.174+0000] {processor.py:183} INFO - Processing /opt/airflow/dags/sneakerz_pipeline.py took 0.170 seconds
[2026-05-10T17:19:41.246+0000] {processor.py:161} INFO - Started process (PID=1417) to work on /opt/airflow/dags/sneakerz_pipeline.py
[2026-05-10T17:19:41.248+0000] {processor.py:830} INFO - Processing file /opt/airflow/dags/sneakerz_pipeline.py for tasks to queue
[2026-05-10T17:19:41.251+0000] {logging_mixin.py:188} INFO - [2026-05-10T17:19:41.250+0000] {dagbag.py:540} INFO - Filling up the DagBag from /opt/airflow/dags/sneakerz_pipeline.py
[2026-05-10T17:19:41.283+0000] {processor.py:840} INFO - DAG(s) 'sneakerz_pipeline' retrieved from /opt/airflow/dags/sneakerz_pipeline.py
[2026-05-10T17:19:41.330+0000] {logging_mixin.py:188} INFO - [2026-05-10T17:19:41.330+0000] {dag.py:3096} INFO - Sync 1 DAGs
[2026-05-10T17:19:41.365+0000] {logging_mixin.py:188} INFO - [2026-05-10T17:19:41.365+0000] {dag.py:3954} INFO - Setting next_dagrun for sneakerz_pipeline to 2026-05-10 17:00:00+00:00, run_after=2026-05-10 18:00:00+00:00
[2026-05-10T17:19:41.399+0000] {processor.py:183} INFO - Processing /opt/airflow/dags/sneakerz_pipeline.py took 0.162 seconds
[2026-05-10T17:20:11.601+0000] {processor.py:161} INFO - Started process (PID=1422) to work on /opt/airflow/dags/sneakerz_pipeline.py
[2026-05-10T17:20:11.603+0000] {processor.py:830} INFO - Processing file /opt/airflow/dags/sneakerz_pipeline.py for tasks to queue
[2026-05-10T17:20:11.606+0000] {logging_mixin.py:188} INFO - [2026-05-10T17:20:11.606+0000] {dagbag.py:540} INFO - Filling up the DagBag from /opt/airflow/dags/sneakerz_pipeline.py
[2026-05-10T17:20:11.636+0000] {processor.py:840} INFO - DAG(s) 'sneakerz_pipeline' retrieved from /opt/airflow/dags/sneakerz_pipeline.py
[2026-05-10T17:20:11.674+0000] {logging_mixin.py:188} INFO - [2026-05-10T17:20:11.673+0000] {dag.py:3096} INFO - Sync 1 DAGs
[2026-05-10T17:20:11.703+0000] {logging_mixin.py:188} INFO - [2026-05-10T17:20:11.703+0000] {dag.py:3954} INFO - Setting next_dagrun for sneakerz_pipeline to 2026-05-10 17:00:00+00:00, run_after=2026-05-10 18:00:00+00:00
[2026-05-10T17:20:11.730+0000] {processor.py:183} INFO - Processing /opt/airflow/dags/sneakerz_pipeline.py took 0.137 seconds
[2026-05-10T17:20:41.824+0000] {processor.py:161} INFO - Started process (PID=1427) to work on /opt/airflow/dags/sneakerz_pipeline.py
[2026-05-10T17:20:41.826+0000] {processor.py:830} INFO - Processing file /opt/airflow/dags/sneakerz_pipeline.py for tasks to queue
[2026-05-10T17:20:41.829+0000] {logging_mixin.py:188} INFO - [2026-05-10T17:20:41.828+0000] {dagbag.py:540} INFO - Filling up the DagBag from /opt/airflow/dags/sneakerz_pipeline.py
[2026-05-10T17:20:41.859+0000] {processor.py:840} INFO - DAG(s) 'sneakerz_pipeline' retrieved from /opt/airflow/dags/sneakerz_pipeline.py
[2026-05-10T17:20:41.901+0000] {logging_mixin.py:188} INFO - [2026-05-10T17:20:41.901+0000] {dag.py:3096} INFO - Sync 1 DAGs
[2026-05-10T17:20:41.932+0000] {logging_mixin.py:188} INFO - [2026-05-10T17:20:41.932+0000] {dag.py:3954} INFO - Setting next_dagrun for sneakerz_pipeline to 2026-05-10 17:00:00+00:00, run_after=2026-05-10 18:00:00+00:00
[2026-05-10T17:20:41.959+0000] {processor.py:183} INFO - Processing /opt/airflow/dags/sneakerz_pipeline.py took 0.143 seconds
[2026-05-10T17:21:12.169+0000] {processor.py:161} INFO - Started process (PID=1432) to work on /opt/airflow/dags/sneakerz_pipeline.py
[2026-05-10T17:21:12.171+0000] {processor.py:830} INFO - Processing file /opt/airflow/dags/sneakerz_pipeline.py for tasks to queue
[2026-05-10T17:21:12.174+0000] {logging_mixin.py:188} INFO - [2026-05-10T17:21:12.173+0000] {dagbag.py:540} INFO - Filling up the DagBag from /opt/airflow/dags/sneakerz_pipeline.py
[2026-05-10T17:21:12.206+0000] {processor.py:840} INFO - DAG(s) 'sneakerz_pipeline' retrieved from /opt/airflow/dags/sneakerz_pipeline.py
[2026-05-10T17:21:12.251+0000] {logging_mixin.py:188} INFO - [2026-05-10T17:21:12.250+0000] {dag.py:3096} INFO - Sync 1 DAGs
[2026-05-10T17:21:12.282+0000] {logging_mixin.py:188} INFO - [2026-05-10T17:21:12.282+0000] {dag.py:3954} INFO - Setting next_dagrun for sneakerz_pipeline to 2026-05-10 17:00:00+00:00, run_after=2026-05-10 18:00:00+00:00
[2026-05-10T17:21:12.314+0000] {processor.py:183} INFO - Processing /opt/airflow/dags/sneakerz_pipeline.py took 0.152 seconds
[2026-05-10T17:21:42.469+0000] {processor.py:161} INFO - Started process (PID=1437) to work on /opt/airflow/dags/sneakerz_pipeline.py
[2026-05-10T17:21:42.471+0000] {processor.py:830} INFO - Processing file /opt/airflow/dags/sneakerz_pipeline.py for tasks to queue
[2026-05-10T17:21:42.474+0000] {logging_mixin.py:188} INFO - [2026-05-10T17:21:42.473+0000] {dagbag.py:540} INFO - Filling up the DagBag from /opt/airflow/dags/sneakerz_pipeline.py
[2026-05-10T17:21:42.507+0000] {processor.py:840} INFO - DAG(s) 'sneakerz_pipeline' retrieved from /opt/airflow/dags/sneakerz_pipeline.py
[2026-05-10T17:21:42.553+0000] {logging_mixin.py:188} INFO - [2026-05-10T17:21:42.553+0000] {dag.py:3096} INFO - Sync 1 DAGs
[2026-05-10T17:21:42.587+0000] {logging_mixin.py:188} INFO - [2026-05-10T17:21:42.586+0000] {dag.py:3954} INFO - Setting next_dagrun for sneakerz_pipeline to 2026-05-10 17:00:00+00:00, run_after=2026-05-10 18:00:00+00:00
[2026-05-10T17:21:42.620+0000] {processor.py:183} INFO - Processing /opt/airflow/dags/sneakerz_pipeline.py took 0.160 seconds
[2026-05-10T17:22:12.757+0000] {processor.py:161} INFO - Started process (PID=1442) to work on /opt/airflow/dags/sneakerz_pipeline.py
[2026-05-10T17:22:12.758+0000] {processor.py:830} INFO - Processing file /opt/airflow/dags/sneakerz_pipeline.py for tasks to queue
[2026-05-10T17:22:12.761+0000] {logging_mixin.py:188} INFO - [2026-05-10T17:22:12.761+0000] {dagbag.py:540} INFO - Filling up the DagBag from /opt/airflow/dags/sneakerz_pipeline.py
[2026-05-10T17:22:12.792+0000] {processor.py:840} INFO - DAG(s) 'sneakerz_pipeline' retrieved from /opt/airflow/dags/sneakerz_pipeline.py
[2026-05-10T17:22:12.833+0000] {logging_mixin.py:188} INFO - [2026-05-10T17:22:12.833+0000] {dag.py:3096} INFO - Sync 1 DAGs
[2026-05-10T17:22:12.862+0000] {logging_mixin.py:188} INFO - [2026-05-10T17:22:12.862+0000] {dag.py:3954} INFO - Setting next_dagrun for sneakerz_pipeline to 2026-05-10 17:00:00+00:00, run_after=2026-05-10 18:00:00+00:00
[2026-05-10T17:22:12.892+0000] {processor.py:183} INFO - Processing /opt/airflow/dags/sneakerz_pipeline.py took 0.144 seconds
[2026-05-10T17:22:43.060+0000] {processor.py:161} INFO - Started process (PID=1447) to work on /opt/airflow/dags/sneakerz_pipeline.py
[2026-05-10T17:22:43.062+0000] {processor.py:830} INFO - Processing file /opt/airflow/dags/sneakerz_pipeline.py for tasks to queue
[2026-05-10T17:22:43.065+0000] {logging_mixin.py:188} INFO - [2026-05-10T17:22:43.064+0000] {dagbag.py:540} INFO - Filling up the DagBag from /opt/airflow/dags/sneakerz_pipeline.py
[2026-05-10T17:22:43.095+0000] {processor.py:840} INFO - DAG(s) 'sneakerz_pipeline' retrieved from /opt/airflow/dags/sneakerz_pipeline.py
[2026-05-10T17:22:43.134+0000] {logging_mixin.py:188} INFO - [2026-05-10T17:22:43.134+0000] {dag.py:3096} INFO - Sync 1 DAGs
[2026-05-10T17:22:43.163+0000] {logging_mixin.py:188} INFO - [2026-05-10T17:22:43.163+0000] {dag.py:3954} INFO - Setting next_dagrun for sneakerz_pipeline to 2026-05-10 17:00:00+00:00, run_after=2026-05-10 18:00:00+00:00
[2026-05-10T17:22:43.189+0000] {processor.py:183} INFO - Processing /opt/airflow/dags/sneakerz_pipeline.py took 0.137 seconds
[2026-05-10T17:23:13.316+0000] {processor.py:161} INFO - Started process (PID=1452) to work on /opt/airflow/dags/sneakerz_pipeline.py
[2026-05-10T17:23:13.318+0000] {processor.py:830} INFO - Processing file /opt/airflow/dags/sneakerz_pipeline.py for tasks to queue
[2026-05-10T17:23:13.321+0000] {logging_mixin.py:188} INFO - [2026-05-10T17:23:13.320+0000] {dagbag.py:540} INFO - Filling up the DagBag from /opt/airflow/dags/sneakerz_pipeline.py
[2026-05-10T17:23:13.350+0000] {processor.py:840} INFO - DAG(s) 'sneakerz_pipeline' retrieved from /opt/airflow/dags/sneakerz_pipeline.py
[2026-05-10T17:23:13.392+0000] {logging_mixin.py:188} INFO - [2026-05-10T17:23:13.391+0000] {dag.py:3096} INFO - Sync 1 DAGs
[2026-05-10T17:23:13.426+0000] {logging_mixin.py:188} INFO - [2026-05-10T17:23:13.425+0000] {dag.py:3954} INFO - Setting next_dagrun for sneakerz_pipeline to 2026-05-10 17:00:00+00:00, run_after=2026-05-10 18:00:00+00:00
[2026-05-10T17:23:13.456+0000] {processor.py:183} INFO - Processing /opt/airflow/dags/sneakerz_pipeline.py took 0.148 seconds
[2026-05-10T17:23:43.616+0000] {processor.py:161} INFO - Started process (PID=1457) to work on /opt/airflow/dags/sneakerz_pipeline.py
[2026-05-10T17:23:43.617+0000] {processor.py:830} INFO - Processing file /opt/airflow/dags/sneakerz_pipeline.py for tasks to queue
[2026-05-10T17:23:43.620+0000] {logging_mixin.py:188} INFO - [2026-05-10T17:23:43.619+0000] {dagbag.py:540} INFO - Filling up the DagBag from /opt/airflow/dags/sneakerz_pipeline.py
[2026-05-10T17:23:43.652+0000] {processor.py:840} INFO - DAG(s) 'sneakerz_pipeline' retrieved from /opt/airflow/dags/sneakerz_pipeline.py
[2026-05-10T17:23:43.694+0000] {logging_mixin.py:188} INFO - [2026-05-10T17:23:43.694+0000] {dag.py:3096} INFO - Sync 1 DAGs
[2026-05-10T17:23:43.726+0000] {logging_mixin.py:188} INFO - [2026-05-10T17:23:43.726+0000] {dag.py:3954} INFO - Setting next_dagrun for sneakerz_pipeline to 2026-05-10 17:00:00+00:00, run_after=2026-05-10 18:00:00+00:00
[2026-05-10T17:23:43.760+0000] {processor.py:183} INFO - Processing /opt/airflow/dags/sneakerz_pipeline.py took 0.153 seconds
[2026-05-10T17:24:13.899+0000] {processor.py:161} INFO - Started process (PID=1462) to work on /opt/airflow/dags/sneakerz_pipeline.py
[2026-05-10T17:24:13.900+0000] {processor.py:830} INFO - Processing file /opt/airflow/dags/sneakerz_pipeline.py for tasks to queue
[2026-05-10T17:24:13.903+0000] {logging_mixin.py:188} INFO - [2026-05-10T17:24:13.902+0000] {dagbag.py:540} INFO - Filling up the DagBag from /opt/airflow/dags/sneakerz_pipeline.py
[2026-05-10T17:24:13.933+0000] {processor.py:840} INFO - DAG(s) 'sneakerz_pipeline' retrieved from /opt/airflow/dags/sneakerz_pipeline.py
[2026-05-10T17:24:13.974+0000] {logging_mixin.py:188} INFO - [2026-05-10T17:24:13.974+0000] {dag.py:3096} INFO - Sync 1 DAGs
[2026-05-10T17:24:14.005+0000] {logging_mixin.py:188} INFO - [2026-05-10T17:24:14.004+0000] {dag.py:3954} INFO - Setting next_dagrun for sneakerz_pipeline to 2026-05-10 17:00:00+00:00, run_after=2026-05-10 18:00:00+00:00
[2026-05-10T17:24:14.033+0000] {processor.py:183} INFO - Processing /opt/airflow/dags/sneakerz_pipeline.py took 0.142 seconds
[2026-05-10T17:24:44.197+0000] {processor.py:161} INFO - Started process (PID=1467) to work on /opt/airflow/dags/sneakerz_pipeline.py
[2026-05-10T17:24:44.198+0000] {processor.py:830} INFO - Processing file /opt/airflow/dags/sneakerz_pipeline.py for tasks to queue
[2026-05-10T17:24:44.202+0000] {logging_mixin.py:188} INFO - [2026-05-10T17:24:44.201+0000] {dagbag.py:540} INFO - Filling up the DagBag from /opt/airflow/dags/sneakerz_pipeline.py
[2026-05-10T17:24:44.233+0000] {processor.py:840} INFO - DAG(s) 'sneakerz_pipeline' retrieved from /opt/airflow/dags/sneakerz_pipeline.py
[2026-05-10T17:24:44.276+0000] {logging_mixin.py:188} INFO - [2026-05-10T17:24:44.276+0000] {dag.py:3096} INFO - Sync 1 DAGs
[2026-05-10T17:24:44.306+0000] {logging_mixin.py:188} INFO - [2026-05-10T17:24:44.306+0000] {dag.py:3954} INFO - Setting next_dagrun for sneakerz_pipeline to 2026-05-10 17:00:00+00:00, run_after=2026-05-10 18:00:00+00:00
[2026-05-10T17:24:44.332+0000] {processor.py:183} INFO - Processing /opt/airflow/dags/sneakerz_pipeline.py took 0.145 seconds
[2026-05-10T17:25:14.462+0000] {processor.py:161} INFO - Started process (PID=1472) to work on /opt/airflow/dags/sneakerz_pipeline.py
[2026-05-10T17:25:14.464+0000] {processor.py:830} INFO - Processing file /opt/airflow/dags/sneakerz_pipeline.py for tasks to queue
[2026-05-10T17:25:14.467+0000] {logging_mixin.py:188} INFO - [2026-05-10T17:25:14.466+0000] {dagbag.py:540} INFO - Filling up the DagBag from /opt/airflow/dags/sneakerz_pipeline.py
[2026-05-10T17:25:14.500+0000] {processor.py:840} INFO - DAG(s) 'sneakerz_pipeline' retrieved from /opt/airflow/dags/sneakerz_pipeline.py
[2026-05-10T17:25:14.546+0000] {logging_mixin.py:188} INFO - [2026-05-10T17:25:14.546+0000] {dag.py:3096} INFO - Sync 1 DAGs
[2026-05-10T17:25:14.574+0000] {logging_mixin.py:188} INFO - [2026-05-10T17:25:14.574+0000] {dag.py:3954} INFO - Setting next_dagrun for sneakerz_pipeline to 2026-05-10 17:00:00+00:00, run_after=2026-05-10 18:00:00+00:00
[2026-05-10T17:25:14.605+0000] {processor.py:183} INFO - Processing /opt/airflow/dags/sneakerz_pipeline.py took 0.152 seconds
[2026-05-10T17:25:44.787+0000] {processor.py:161} INFO - Started process (PID=1477) to work on /opt/airflow/dags/sneakerz_pipeline.py
[2026-05-10T17:25:44.790+0000] {processor.py:830} INFO - Processing file /opt/airflow/dags/sneakerz_pipeline.py for tasks to queue
[2026-05-10T17:25:44.793+0000] {logging_mixin.py:188} INFO - [2026-05-10T17:25:44.792+0000] {dagbag.py:540} INFO - Filling up the DagBag from /opt/airflow/dags/sneakerz_pipeline.py
[2026-05-10T17:25:44.843+0000] {processor.py:840} INFO - DAG(s) 'sneakerz_pipeline' retrieved from /opt/airflow/dags/sneakerz_pipeline.py
[2026-05-10T17:25:44.904+0000] {logging_mixin.py:188} INFO - [2026-05-10T17:25:44.903+0000] {dag.py:3096} INFO - Sync 1 DAGs
[2026-05-10T17:25:44.936+0000] {logging_mixin.py:188} INFO - [2026-05-10T17:25:44.936+0000] {dag.py:3954} INFO - Setting next_dagrun for sneakerz_pipeline to 2026-05-10 17:00:00+00:00, run_after=2026-05-10 18:00:00+00:00
[2026-05-10T17:25:44.963+0000] {processor.py:183} INFO - Processing /opt/airflow/dags/sneakerz_pipeline.py took 0.191 seconds
[2026-05-10T17:26:15.034+0000] {processor.py:161} INFO - Started process (PID=1482) to work on /opt/airflow/dags/sneakerz_pipeline.py
[2026-05-10T17:26:15.036+0000] {processor.py:830} INFO - Processing file /opt/airflow/dags/sneakerz_pipeline.py for tasks to queue
[2026-05-10T17:26:15.039+0000] {logging_mixin.py:188} INFO - [2026-05-10T17:26:15.038+0000] {dagbag.py:540} INFO - Filling up the DagBag from /opt/airflow/dags/sneakerz_pipeline.py
[2026-05-10T17:26:15.069+0000] {processor.py:840} INFO - DAG(s) 'sneakerz_pipeline' retrieved from /opt/airflow/dags/sneakerz_pipeline.py
[2026-05-10T17:26:15.110+0000] {logging_mixin.py:188} INFO - [2026-05-10T17:26:15.109+0000] {dag.py:3096} INFO - Sync 1 DAGs
[2026-05-10T17:26:15.141+0000] {logging_mixin.py:188} INFO - [2026-05-10T17:26:15.140+0000] {dag.py:3954} INFO - Setting next_dagrun for sneakerz_pipeline to 2026-05-10 17:00:00+00:00, run_after=2026-05-10 18:00:00+00:00
[2026-05-10T17:26:15.171+0000] {processor.py:183} INFO - Processing /opt/airflow/dags/sneakerz_pipeline.py took 0.145 seconds
[2026-05-10T17:26:45.400+0000] {processor.py:161} INFO - Started process (PID=1487) to work on /opt/airflow/dags/sneakerz_pipeline.py
[2026-05-10T17:26:45.402+0000] {processor.py:830} INFO - Processing file /opt/airflow/dags/sneakerz_pipeline.py for tasks to queue
[2026-05-10T17:26:45.405+0000] {logging_mixin.py:188} INFO - [2026-05-10T17:26:45.405+0000] {dagbag.py:540} INFO - Filling up the DagBag from /opt/airflow/dags/sneakerz_pipeline.py
[2026-05-10T17:26:45.434+0000] {processor.py:840} INFO - DAG(s) 'sneakerz_pipeline' retrieved from /opt/airflow/dags/sneakerz_pipeline.py
[2026-05-10T17:26:45.473+0000] {logging_mixin.py:188} INFO - [2026-05-10T17:26:45.472+0000] {dag.py:3096} INFO - Sync 1 DAGs
[2026-05-10T17:26:45.503+0000] {logging_mixin.py:188} INFO - [2026-05-10T17:26:45.502+0000] {dag.py:3954} INFO - Setting next_dagrun for sneakerz_pipeline to 2026-05-10 17:00:00+00:00, run_after=2026-05-10 18:00:00+00:00
[2026-05-10T17:26:45.533+0000] {processor.py:183} INFO - Processing /opt/airflow/dags/sneakerz_pipeline.py took 0.140 seconds
[2026-05-10T17:27:15.632+0000] {processor.py:161} INFO - Started process (PID=1492) to work on /opt/airflow/dags/sneakerz_pipeline.py
[2026-05-10T17:27:15.634+0000] {processor.py:830} INFO - Processing file /opt/airflow/dags/sneakerz_pipeline.py for tasks to queue
[2026-05-10T17:27:15.636+0000] {logging_mixin.py:188} INFO - [2026-05-10T17:27:15.636+0000] {dagbag.py:540} INFO - Filling up the DagBag from /opt/airflow/dags/sneakerz_pipeline.py
[2026-05-10T17:27:15.667+0000] {processor.py:840} INFO - DAG(s) 'sneakerz_pipeline' retrieved from /opt/airflow/dags/sneakerz_pipeline.py
[2026-05-10T17:27:15.707+0000] {logging_mixin.py:188} INFO - [2026-05-10T17:27:15.707+0000] {dag.py:3096} INFO - Sync 1 DAGs
[2026-05-10T17:27:15.738+0000] {logging_mixin.py:188} INFO - [2026-05-10T17:27:15.738+0000] {dag.py:3954} INFO - Setting next_dagrun for sneakerz_pipeline to 2026-05-10 17:00:00+00:00, run_after=2026-05-10 18:00:00+00:00
[2026-05-10T17:27:15.768+0000] {processor.py:183} INFO - Processing /opt/airflow/dags/sneakerz_pipeline.py took 0.145 seconds
[2026-05-10T17:27:45.968+0000] {processor.py:161} INFO - Started process (PID=1497) to work on /opt/airflow/dags/sneakerz_pipeline.py
[2026-05-10T17:27:45.970+0000] {processor.py:830} INFO - Processing file /opt/airflow/dags/sneakerz_pipeline.py for tasks to queue
[2026-05-10T17:27:45.973+0000] {logging_mixin.py:188} INFO - [2026-05-10T17:27:45.972+0000] {dagbag.py:540} INFO - Filling up the DagBag from /opt/airflow/dags/sneakerz_pipeline.py
[2026-05-10T17:27:46.001+0000] {processor.py:840} INFO - DAG(s) 'sneakerz_pipeline' retrieved from /opt/airflow/dags/sneakerz_pipeline.py
[2026-05-10T17:27:46.048+0000] {logging_mixin.py:188} INFO - [2026-05-10T17:27:46.048+0000] {dag.py:3096} INFO - Sync 1 DAGs
[2026-05-10T17:27:46.081+0000] {logging_mixin.py:188} INFO - [2026-05-10T17:27:46.080+0000] {dag.py:3954} INFO - Setting next_dagrun for sneakerz_pipeline to 2026-05-10 17:00:00+00:00, run_after=2026-05-10 18:00:00+00:00
[2026-05-10T17:27:46.110+0000] {processor.py:183} INFO - Processing /opt/airflow/dags/sneakerz_pipeline.py took 0.149 seconds
[2026-05-10T17:28:16.193+0000] {processor.py:161} INFO - Started process (PID=1502) to work on /opt/airflow/dags/sneakerz_pipeline.py
[2026-05-10T17:28:16.195+0000] {processor.py:830} INFO - Processing file /opt/airflow/dags/sneakerz_pipeline.py for tasks to queue
[2026-05-10T17:28:16.199+0000] {logging_mixin.py:188} INFO - [2026-05-10T17:28:16.198+0000] {dagbag.py:540} INFO - Filling up the DagBag from /opt/airflow/dags/sneakerz_pipeline.py
[2026-05-10T17:28:16.235+0000] {processor.py:840} INFO - DAG(s) 'sneakerz_pipeline' retrieved from /opt/airflow/dags/sneakerz_pipeline.py
[2026-05-10T17:28:16.286+0000] {logging_mixin.py:188} INFO - [2026-05-10T17:28:16.286+0000] {dag.py:3096} INFO - Sync 1 DAGs
[2026-05-10T17:28:16.319+0000] {logging_mixin.py:188} INFO - [2026-05-10T17:28:16.319+0000] {dag.py:3954} INFO - Setting next_dagrun for sneakerz_pipeline to 2026-05-10 17:00:00+00:00, run_after=2026-05-10 18:00:00+00:00
[2026-05-10T17:28:16.345+0000] {processor.py:183} INFO - Processing /opt/airflow/dags/sneakerz_pipeline.py took 0.160 seconds
[2026-05-10T17:28:46.564+0000] {processor.py:161} INFO - Started process (PID=1507) to work on /opt/airflow/dags/sneakerz_pipeline.py
[2026-05-10T17:28:46.566+0000] {processor.py:830} INFO - Processing file /opt/airflow/dags/sneakerz_pipeline.py for tasks to queue
[2026-05-10T17:28:46.569+0000] {logging_mixin.py:188} INFO - [2026-05-10T17:28:46.568+0000] {dagbag.py:540} INFO - Filling up the DagBag from /opt/airflow/dags/sneakerz_pipeline.py
[2026-05-10T17:28:46.601+0000] {processor.py:840} INFO - DAG(s) 'sneakerz_pipeline' retrieved from /opt/airflow/dags/sneakerz_pipeline.py
[2026-05-10T17:28:46.642+0000] {logging_mixin.py:188} INFO - [2026-05-10T17:28:46.641+0000] {dag.py:3096} INFO - Sync 1 DAGs
[2026-05-10T17:28:46.672+0000] {logging_mixin.py:188} INFO - [2026-05-10T17:28:46.672+0000] {dag.py:3954} INFO - Setting next_dagrun for sneakerz_pipeline to 2026-05-10 17:00:00+00:00, run_after=2026-05-10 18:00:00+00:00
[2026-05-10T17:28:46.704+0000] {processor.py:183} INFO - Processing /opt/airflow/dags/sneakerz_pipeline.py took 0.147 seconds
[2026-05-10T17:29:16.790+0000] {processor.py:161} INFO - Started process (PID=1512) to work on /opt/airflow/dags/sneakerz_pipeline.py
[2026-05-10T17:29:16.791+0000] {processor.py:830} INFO - Processing file /opt/airflow/dags/sneakerz_pipeline.py for tasks to queue
[2026-05-10T17:29:16.794+0000] {logging_mixin.py:188} INFO - [2026-05-10T17:29:16.794+0000] {dagbag.py:540} INFO - Filling up the DagBag from /opt/airflow/dags/sneakerz_pipeline.py
[2026-05-10T17:29:16.829+0000] {processor.py:840} INFO - DAG(s) 'sneakerz_pipeline' retrieved from /opt/airflow/dags/sneakerz_pipeline.py
[2026-05-10T17:29:16.878+0000] {logging_mixin.py:188} INFO - [2026-05-10T17:29:16.877+0000] {dag.py:3096} INFO - Sync 1 DAGs
[2026-05-10T17:29:16.917+0000] {logging_mixin.py:188} INFO - [2026-05-10T17:29:16.916+0000] {dag.py:3954} INFO - Setting next_dagrun for sneakerz_pipeline to 2026-05-10 17:00:00+00:00, run_after=2026-05-10 18:00:00+00:00
[2026-05-10T17:29:16.953+0000] {processor.py:183} INFO - Processing /opt/airflow/dags/sneakerz_pipeline.py took 0.171 seconds
[2026-05-10T17:29:47.161+0000] {processor.py:161} INFO - Started process (PID=1517) to work on /opt/airflow/dags/sneakerz_pipeline.py
[2026-05-10T17:29:47.163+0000] {processor.py:830} INFO - Processing file /opt/airflow/dags/sneakerz_pipeline.py for tasks to queue
[2026-05-10T17:29:47.166+0000] {logging_mixin.py:188} INFO - [2026-05-10T17:29:47.166+0000] {dagbag.py:540} INFO - Filling up the DagBag from /opt/airflow/dags/sneakerz_pipeline.py
[2026-05-10T17:29:47.203+0000] {processor.py:840} INFO - DAG(s) 'sneakerz_pipeline' retrieved from /opt/airflow/dags/sneakerz_pipeline.py
[2026-05-10T17:29:47.251+0000] {logging_mixin.py:188} INFO - [2026-05-10T17:29:47.250+0000] {dag.py:3096} INFO - Sync 1 DAGs
[2026-05-10T17:29:47.287+0000] {logging_mixin.py:188} INFO - [2026-05-10T17:29:47.286+0000] {dag.py:3954} INFO - Setting next_dagrun for sneakerz_pipeline to 2026-05-10 17:00:00+00:00, run_after=2026-05-10 18:00:00+00:00
[2026-05-10T17:29:47.315+0000] {processor.py:183} INFO - Processing /opt/airflow/dags/sneakerz_pipeline.py took 0.165 seconds
[2026-05-10T17:30:17.395+0000] {processor.py:161} INFO - Started process (PID=1522) to work on /opt/airflow/dags/sneakerz_pipeline.py
[2026-05-10T17:30:17.397+0000] {processor.py:830} INFO - Processing file /opt/airflow/dags/sneakerz_pipeline.py for tasks to queue
[2026-05-10T17:30:17.399+0000] {logging_mixin.py:188} INFO - [2026-05-10T17:30:17.399+0000] {dagbag.py:540} INFO - Filling up the DagBag from /opt/airflow/dags/sneakerz_pipeline.py
[2026-05-10T17:30:17.430+0000] {processor.py:840} INFO - DAG(s) 'sneakerz_pipeline' retrieved from /opt/airflow/dags/sneakerz_pipeline.py
[2026-05-10T17:30:17.473+0000] {logging_mixin.py:188} INFO - [2026-05-10T17:30:17.472+0000] {dag.py:3096} INFO - Sync 1 DAGs
[2026-05-10T17:30:17.507+0000] {logging_mixin.py:188} INFO - [2026-05-10T17:30:17.506+0000] {dag.py:3954} INFO - Setting next_dagrun for sneakerz_pipeline to 2026-05-10 17:00:00+00:00, run_after=2026-05-10 18:00:00+00:00
[2026-05-10T17:30:17.536+0000] {processor.py:183} INFO - Processing /opt/airflow/dags/sneakerz_pipeline.py took 0.149 seconds
[2026-05-10T17:30:47.758+0000] {processor.py:161} INFO - Started process (PID=1527) to work on /opt/airflow/dags/sneakerz_pipeline.py
[2026-05-10T17:30:47.759+0000] {processor.py:830} INFO - Processing file /opt/airflow/dags/sneakerz_pipeline.py for tasks to queue
[2026-05-10T17:30:47.761+0000] {logging_mixin.py:188} INFO - [2026-05-10T17:30:47.761+0000] {dagbag.py:540} INFO - Filling up the DagBag from /opt/airflow/dags/sneakerz_pipeline.py
[2026-05-10T17:30:47.790+0000] {processor.py:840} INFO - DAG(s) 'sneakerz_pipeline' retrieved from /opt/airflow/dags/sneakerz_pipeline.py
[2026-05-10T17:30:47.830+0000] {logging_mixin.py:188} INFO - [2026-05-10T17:30:47.829+0000] {dag.py:3096} INFO - Sync 1 DAGs
[2026-05-10T17:30:47.859+0000] {logging_mixin.py:188} INFO - [2026-05-10T17:30:47.859+0000] {dag.py:3954} INFO - Setting next_dagrun for sneakerz_pipeline to 2026-05-10 17:00:00+00:00, run_after=2026-05-10 18:00:00+00:00
[2026-05-10T17:30:47.887+0000] {processor.py:183} INFO - Processing /opt/airflow/dags/sneakerz_pipeline.py took 0.137 seconds
[2026-05-10T17:31:17.984+0000] {processor.py:161} INFO - Started process (PID=1532) to work on /opt/airflow/dags/sneakerz_pipeline.py
[2026-05-10T17:31:17.985+0000] {processor.py:830} INFO - Processing file /opt/airflow/dags/sneakerz_pipeline.py for tasks to queue
[2026-05-10T17:31:17.989+0000] {logging_mixin.py:188} INFO - [2026-05-10T17:31:17.988+0000] {dagbag.py:540} INFO - Filling up the DagBag from /opt/airflow/dags/sneakerz_pipeline.py
[2026-05-10T17:31:18.020+0000] {processor.py:840} INFO - DAG(s) 'sneakerz_pipeline' retrieved from /opt/airflow/dags/sneakerz_pipeline.py
[2026-05-10T17:31:18.064+0000] {logging_mixin.py:188} INFO - [2026-05-10T17:31:18.064+0000] {dag.py:3096} INFO - Sync 1 DAGs
[2026-05-10T17:31:18.095+0000] {logging_mixin.py:188} INFO - [2026-05-10T17:31:18.095+0000] {dag.py:3954} INFO - Setting next_dagrun for sneakerz_pipeline to 2026-05-10 17:00:00+00:00, run_after=2026-05-10 18:00:00+00:00
[2026-05-10T17:31:18.123+0000] {processor.py:183} INFO - Processing /opt/airflow/dags/sneakerz_pipeline.py took 0.149 seconds
[2026-05-10T17:31:48.358+0000] {processor.py:161} INFO - Started process (PID=1537) to work on /opt/airflow/dags/sneakerz_pipeline.py
[2026-05-10T17:31:48.360+0000] {processor.py:830} INFO - Processing file /opt/airflow/dags/sneakerz_pipeline.py for tasks to queue
[2026-05-10T17:31:48.363+0000] {logging_mixin.py:188} INFO - [2026-05-10T17:31:48.362+0000] {dagbag.py:540} INFO - Filling up the DagBag from /opt/airflow/dags/sneakerz_pipeline.py
[2026-05-10T17:31:48.397+0000] {processor.py:840} INFO - DAG(s) 'sneakerz_pipeline' retrieved from /opt/airflow/dags/sneakerz_pipeline.py
[2026-05-10T17:31:48.439+0000] {logging_mixin.py:188} INFO - [2026-05-10T17:31:48.439+0000] {dag.py:3096} INFO - Sync 1 DAGs
[2026-05-10T17:31:48.470+0000] {logging_mixin.py:188} INFO - [2026-05-10T17:31:48.470+0000] {dag.py:3954} INFO - Setting next_dagrun for sneakerz_pipeline to 2026-05-10 17:00:00+00:00, run_after=2026-05-10 18:00:00+00:00
[2026-05-10T17:31:48.502+0000] {processor.py:183} INFO - Processing /opt/airflow/dags/sneakerz_pipeline.py took 0.151 seconds
[2026-05-10T17:32:18.578+0000] {processor.py:161} INFO - Started process (PID=1542) to work on /opt/airflow/dags/sneakerz_pipeline.py
[2026-05-10T17:32:18.580+0000] {processor.py:830} INFO - Processing file /opt/airflow/dags/sneakerz_pipeline.py for tasks to queue
[2026-05-10T17:32:18.583+0000] {logging_mixin.py:188} INFO - [2026-05-10T17:32:18.582+0000] {dagbag.py:540} INFO - Filling up the DagBag from /opt/airflow/dags/sneakerz_pipeline.py
[2026-05-10T17:32:18.612+0000] {processor.py:840} INFO - DAG(s) 'sneakerz_pipeline' retrieved from /opt/airflow/dags/sneakerz_pipeline.py
[2026-05-10T17:32:18.655+0000] {logging_mixin.py:188} INFO - [2026-05-10T17:32:18.655+0000] {dag.py:3096} INFO - Sync 1 DAGs
[2026-05-10T17:32:18.689+0000] {logging_mixin.py:188} INFO - [2026-05-10T17:32:18.689+0000] {dag.py:3954} INFO - Setting next_dagrun for sneakerz_pipeline to 2026-05-10 17:00:00+00:00, run_after=2026-05-10 18:00:00+00:00
[2026-05-10T17:32:18.721+0000] {processor.py:183} INFO - Processing /opt/airflow/dags/sneakerz_pipeline.py took 0.154 seconds
[2026-05-10T17:32:48.934+0000] {processor.py:161} INFO - Started process (PID=1547) to work on /opt/airflow/dags/sneakerz_pipeline.py
[2026-05-10T17:32:48.935+0000] {processor.py:830} INFO - Processing file /opt/airflow/dags/sneakerz_pipeline.py for tasks to queue
[2026-05-10T17:32:48.938+0000] {logging_mixin.py:188} INFO - [2026-05-10T17:32:48.937+0000] {dagbag.py:540} INFO - Filling up the DagBag from /opt/airflow/dags/sneakerz_pipeline.py
[2026-05-10T17:32:48.968+0000] {processor.py:840} INFO - DAG(s) 'sneakerz_pipeline' retrieved from /opt/airflow/dags/sneakerz_pipeline.py
[2026-05-10T17:32:49.014+0000] {logging_mixin.py:188} INFO - [2026-05-10T17:32:49.014+0000] {dag.py:3096} INFO - Sync 1 DAGs
[2026-05-10T17:32:49.050+0000] {logging_mixin.py:188} INFO - [2026-05-10T17:32:49.050+0000] {dag.py:3954} INFO - Setting next_dagrun for sneakerz_pipeline to 2026-05-10 17:00:00+00:00, run_after=2026-05-10 18:00:00+00:00
[2026-05-10T17:32:49.080+0000] {processor.py:183} INFO - Processing /opt/airflow/dags/sneakerz_pipeline.py took 0.154 seconds
[2026-05-10T17:33:19.152+0000] {processor.py:161} INFO - Started process (PID=1552) to work on /opt/airflow/dags/sneakerz_pipeline.py
[2026-05-10T17:33:19.153+0000] {processor.py:830} INFO - Processing file /opt/airflow/dags/sneakerz_pipeline.py for tasks to queue
[2026-05-10T17:33:19.156+0000] {logging_mixin.py:188} INFO - [2026-05-10T17:33:19.155+0000] {dagbag.py:540} INFO - Filling up the DagBag from /opt/airflow/dags/sneakerz_pipeline.py
[2026-05-10T17:33:19.183+0000] {processor.py:840} INFO - DAG(s) 'sneakerz_pipeline' retrieved from /opt/airflow/dags/sneakerz_pipeline.py
[2026-05-10T17:33:19.227+0000] {logging_mixin.py:188} INFO - [2026-05-10T17:33:19.226+0000] {dag.py:3096} INFO - Sync 1 DAGs
[2026-05-10T17:33:19.259+0000] {logging_mixin.py:188} INFO - [2026-05-10T17:33:19.259+0000] {dag.py:3954} INFO - Setting next_dagrun for sneakerz_pipeline to 2026-05-10 17:00:00+00:00, run_after=2026-05-10 18:00:00+00:00
[2026-05-10T17:33:19.293+0000] {processor.py:183} INFO - Processing /opt/airflow/dags/sneakerz_pipeline.py took 0.150 seconds
[2026-05-10T17:33:49.547+0000] {processor.py:161} INFO - Started process (PID=1557) to work on /opt/airflow/dags/sneakerz_pipeline.py
[2026-05-10T17:33:49.549+0000] {processor.py:830} INFO - Processing file /opt/airflow/dags/sneakerz_pipeline.py for tasks to queue
[2026-05-10T17:33:49.552+0000] {logging_mixin.py:188} INFO - [2026-05-10T17:33:49.552+0000] {dagbag.py:540} INFO - Filling up the DagBag from /opt/airflow/dags/sneakerz_pipeline.py
[2026-05-10T17:33:49.591+0000] {processor.py:840} INFO - DAG(s) 'sneakerz_pipeline' retrieved from /opt/airflow/dags/sneakerz_pipeline.py
[2026-05-10T17:33:49.636+0000] {logging_mixin.py:188} INFO - [2026-05-10T17:33:49.636+0000] {dag.py:3096} INFO - Sync 1 DAGs
[2026-05-10T17:33:49.671+0000] {logging_mixin.py:188} INFO - [2026-05-10T17:33:49.671+0000] {dag.py:3954} INFO - Setting next_dagrun for sneakerz_pipeline to 2026-05-10 17:00:00+00:00, run_after=2026-05-10 18:00:00+00:00
[2026-05-10T17:33:49.699+0000] {processor.py:183} INFO - Processing /opt/airflow/dags/sneakerz_pipeline.py took 0.163 seconds
[2026-05-10T17:34:19.950+0000] {processor.py:161} INFO - Started process (PID=1562) to work on /opt/airflow/dags/sneakerz_pipeline.py
[2026-05-10T17:34:19.952+0000] {processor.py:830} INFO - Processing file /opt/airflow/dags/sneakerz_pipeline.py for tasks to queue
[2026-05-10T17:34:19.954+0000] {logging_mixin.py:188} INFO - [2026-05-10T17:34:19.954+0000] {dagbag.py:540} INFO - Filling up the DagBag from /opt/airflow/dags/sneakerz_pipeline.py
[2026-05-10T17:34:19.985+0000] {processor.py:840} INFO - DAG(s) 'sneakerz_pipeline' retrieved from /opt/airflow/dags/sneakerz_pipeline.py
[2026-05-10T17:34:20.031+0000] {logging_mixin.py:188} INFO - [2026-05-10T17:34:20.030+0000] {dag.py:3096} INFO - Sync 1 DAGs
[2026-05-10T17:34:20.066+0000] {logging_mixin.py:188} INFO - [2026-05-10T17:34:20.065+0000] {dag.py:3954} INFO - Setting next_dagrun for sneakerz_pipeline to 2026-05-10 17:00:00+00:00, run_after=2026-05-10 18:00:00+00:00
[2026-05-10T17:34:20.098+0000] {processor.py:183} INFO - Processing /opt/airflow/dags/sneakerz_pipeline.py took 0.160 seconds
[2026-05-10T17:34:50.360+0000] {processor.py:161} INFO - Started process (PID=1567) to work on /opt/airflow/dags/sneakerz_pipeline.py
[2026-05-10T17:34:50.362+0000] {processor.py:830} INFO - Processing file /opt/airflow/dags/sneakerz_pipeline.py for tasks to queue
[2026-05-10T17:34:50.365+0000] {logging_mixin.py:188} INFO - [2026-05-10T17:34:50.365+0000] {dagbag.py:540} INFO - Filling up the DagBag from /opt/airflow/dags/sneakerz_pipeline.py
[2026-05-10T17:34:50.397+0000] {processor.py:840} INFO - DAG(s) 'sneakerz_pipeline' retrieved from /opt/airflow/dags/sneakerz_pipeline.py
[2026-05-10T17:34:50.439+0000] {logging_mixin.py:188} INFO - [2026-05-10T17:34:50.439+0000] {dag.py:3096} INFO - Sync 1 DAGs
[2026-05-10T17:34:50.477+0000] {logging_mixin.py:188} INFO - [2026-05-10T17:34:50.477+0000] {dag.py:3954} INFO - Setting next_dagrun for sneakerz_pipeline to 2026-05-10 17:00:00+00:00, run_after=2026-05-10 18:00:00+00:00
[2026-05-10T17:34:50.508+0000] {processor.py:183} INFO - Processing /opt/airflow/dags/sneakerz_pipeline.py took 0.156 seconds
[2026-05-10T17:35:20.759+0000] {processor.py:161} INFO - Started process (PID=1572) to work on /opt/airflow/dags/sneakerz_pipeline.py
[2026-05-10T17:35:20.761+0000] {processor.py:830} INFO - Processing file /opt/airflow/dags/sneakerz_pipeline.py for tasks to queue
[2026-05-10T17:35:20.765+0000] {logging_mixin.py:188} INFO - [2026-05-10T17:35:20.764+0000] {dagbag.py:540} INFO - Filling up the DagBag from /opt/airflow/dags/sneakerz_pipeline.py
[2026-05-10T17:35:20.798+0000] {processor.py:840} INFO - DAG(s) 'sneakerz_pipeline' retrieved from /opt/airflow/dags/sneakerz_pipeline.py
[2026-05-10T17:35:20.850+0000] {logging_mixin.py:188} INFO - [2026-05-10T17:35:20.850+0000] {dag.py:3096} INFO - Sync 1 DAGs
[2026-05-10T17:35:20.885+0000] {logging_mixin.py:188} INFO - [2026-05-10T17:35:20.885+0000] {dag.py:3954} INFO - Setting next_dagrun for sneakerz_pipeline to 2026-05-10 17:00:00+00:00, run_after=2026-05-10 18:00:00+00:00
[2026-05-10T17:35:20.913+0000] {processor.py:183} INFO - Processing /opt/airflow/dags/sneakerz_pipeline.py took 0.166 seconds
[2026-05-10T17:35:51.167+0000] {processor.py:161} INFO - Started process (PID=1577) to work on /opt/airflow/dags/sneakerz_pipeline.py
[2026-05-10T17:35:51.169+0000] {processor.py:830} INFO - Processing file /opt/airflow/dags/sneakerz_pipeline.py for tasks to queue
[2026-05-10T17:35:51.173+0000] {logging_mixin.py:188} INFO - [2026-05-10T17:35:51.172+0000] {dagbag.py:540} INFO - Filling up the DagBag from /opt/airflow/dags/sneakerz_pipeline.py
[2026-05-10T17:35:51.209+0000] {processor.py:840} INFO - DAG(s) 'sneakerz_pipeline' retrieved from /opt/airflow/dags/sneakerz_pipeline.py
[2026-05-10T17:35:51.256+0000] {logging_mixin.py:188} INFO - [2026-05-10T17:35:51.256+0000] {dag.py:3096} INFO - Sync 1 DAGs
[2026-05-10T17:35:51.289+0000] {logging_mixin.py:188} INFO - [2026-05-10T17:35:51.289+0000] {dag.py:3954} INFO - Setting next_dagrun for sneakerz_pipeline to 2026-05-10 17:00:00+00:00, run_after=2026-05-10 18:00:00+00:00
[2026-05-10T17:35:51.317+0000] {processor.py:183} INFO - Processing /opt/airflow/dags/sneakerz_pipeline.py took 0.157 seconds
[2026-05-10T17:36:21.424+0000] {processor.py:161} INFO - Started process (PID=1582) to work on /opt/airflow/dags/sneakerz_pipeline.py
[2026-05-10T17:36:21.425+0000] {processor.py:830} INFO - Processing file /opt/airflow/dags/sneakerz_pipeline.py for tasks to queue
[2026-05-10T17:36:21.428+0000] {logging_mixin.py:188} INFO - [2026-05-10T17:36:21.427+0000] {dagbag.py:540} INFO - Filling up the DagBag from /opt/airflow/dags/sneakerz_pipeline.py
[2026-05-10T17:36:21.459+0000] {processor.py:840} INFO - DAG(s) 'sneakerz_pipeline' retrieved from /opt/airflow/dags/sneakerz_pipeline.py
[2026-05-10T17:36:21.505+0000] {logging_mixin.py:188} INFO - [2026-05-10T17:36:21.505+0000] {dag.py:3096} INFO - Sync 1 DAGs
[2026-05-10T17:36:21.545+0000] {logging_mixin.py:188} INFO - [2026-05-10T17:36:21.545+0000] {dag.py:3954} INFO - Setting next_dagrun for sneakerz_pipeline to 2026-05-10 17:00:00+00:00, run_after=2026-05-10 18:00:00+00:00
[2026-05-10T17:36:21.577+0000] {processor.py:183} INFO - Processing /opt/airflow/dags/sneakerz_pipeline.py took 0.161 seconds
[2026-05-10T17:36:51.754+0000] {processor.py:161} INFO - Started process (PID=1587) to work on /opt/airflow/dags/sneakerz_pipeline.py
[2026-05-10T17:36:51.756+0000] {processor.py:830} INFO - Processing file /opt/airflow/dags/sneakerz_pipeline.py for tasks to queue
[2026-05-10T17:36:51.759+0000] {logging_mixin.py:188} INFO - [2026-05-10T17:36:51.759+0000] {dagbag.py:540} INFO - Filling up the DagBag from /opt/airflow/dags/sneakerz_pipeline.py
[2026-05-10T17:36:51.790+0000] {processor.py:840} INFO - DAG(s) 'sneakerz_pipeline' retrieved from /opt/airflow/dags/sneakerz_pipeline.py
[2026-05-10T17:36:51.832+0000] {logging_mixin.py:188} INFO - [2026-05-10T17:36:51.832+0000] {dag.py:3096} INFO - Sync 1 DAGs
[2026-05-10T17:36:51.863+0000] {logging_mixin.py:188} INFO - [2026-05-10T17:36:51.862+0000] {dag.py:3954} INFO - Setting next_dagrun for sneakerz_pipeline to 2026-05-10 17:00:00+00:00, run_after=2026-05-10 18:00:00+00:00
[2026-05-10T17:36:51.893+0000] {processor.py:183} INFO - Processing /opt/airflow/dags/sneakerz_pipeline.py took 0.148 seconds
[2026-05-10T17:37:21.997+0000] {processor.py:161} INFO - Started process (PID=1592) to work on /opt/airflow/dags/sneakerz_pipeline.py
[2026-05-10T17:37:21.999+0000] {processor.py:830} INFO - Processing file /opt/airflow/dags/sneakerz_pipeline.py for tasks to queue
[2026-05-10T17:37:22.001+0000] {logging_mixin.py:188} INFO - [2026-05-10T17:37:22.001+0000] {dagbag.py:540} INFO - Filling up the DagBag from /opt/airflow/dags/sneakerz_pipeline.py
[2026-05-10T17:37:22.029+0000] {processor.py:840} INFO - DAG(s) 'sneakerz_pipeline' retrieved from /opt/airflow/dags/sneakerz_pipeline.py
[2026-05-10T17:37:22.069+0000] {logging_mixin.py:188} INFO - [2026-05-10T17:37:22.069+0000] {dag.py:3096} INFO - Sync 1 DAGs
[2026-05-10T17:37:22.104+0000] {logging_mixin.py:188} INFO - [2026-05-10T17:37:22.104+0000] {dag.py:3954} INFO - Setting next_dagrun for sneakerz_pipeline to 2026-05-10 17:00:00+00:00, run_after=2026-05-10 18:00:00+00:00
[2026-05-10T17:37:22.132+0000] {processor.py:183} INFO - Processing /opt/airflow/dags/sneakerz_pipeline.py took 0.143 seconds
[2026-05-10T17:37:52.322+0000] {processor.py:161} INFO - Started process (PID=1597) to work on /opt/airflow/dags/sneakerz_pipeline.py
[2026-05-10T17:37:52.324+0000] {processor.py:830} INFO - Processing file /opt/airflow/dags/sneakerz_pipeline.py for tasks to queue
[2026-05-10T17:37:52.327+0000] {logging_mixin.py:188} INFO - [2026-05-10T17:37:52.327+0000] {dagbag.py:540} INFO - Filling up the DagBag from /opt/airflow/dags/sneakerz_pipeline.py
[2026-05-10T17:37:52.362+0000] {processor.py:840} INFO - DAG(s) 'sneakerz_pipeline' retrieved from /opt/airflow/dags/sneakerz_pipeline.py
[2026-05-10T17:37:52.414+0000] {logging_mixin.py:188} INFO - [2026-05-10T17:37:52.414+0000] {dag.py:3096} INFO - Sync 1 DAGs
[2026-05-10T17:37:52.453+0000] {logging_mixin.py:188} INFO - [2026-05-10T17:37:52.453+0000] {dag.py:3954} INFO - Setting next_dagrun for sneakerz_pipeline to 2026-05-10 17:00:00+00:00, run_after=2026-05-10 18:00:00+00:00
[2026-05-10T17:37:52.487+0000] {processor.py:183} INFO - Processing /opt/airflow/dags/sneakerz_pipeline.py took 0.174 seconds
[2026-05-10T17:38:22.573+0000] {processor.py:161} INFO - Started process (PID=1602) to work on /opt/airflow/dags/sneakerz_pipeline.py
[2026-05-10T17:38:22.574+0000] {processor.py:830} INFO - Processing file /opt/airflow/dags/sneakerz_pipeline.py for tasks to queue
[2026-05-10T17:38:22.577+0000] {logging_mixin.py:188} INFO - [2026-05-10T17:38:22.576+0000] {dagbag.py:540} INFO - Filling up the DagBag from /opt/airflow/dags/sneakerz_pipeline.py
[2026-05-10T17:38:22.607+0000] {processor.py:840} INFO - DAG(s) 'sneakerz_pipeline' retrieved from /opt/airflow/dags/sneakerz_pipeline.py
[2026-05-10T17:38:22.651+0000] {logging_mixin.py:188} INFO - [2026-05-10T17:38:22.650+0000] {dag.py:3096} INFO - Sync 1 DAGs
[2026-05-10T17:38:22.686+0000] {logging_mixin.py:188} INFO - [2026-05-10T17:38:22.686+0000] {dag.py:3954} INFO - Setting next_dagrun for sneakerz_pipeline to 2026-05-10 17:00:00+00:00, run_after=2026-05-10 18:00:00+00:00
[2026-05-10T17:38:22.716+0000] {processor.py:183} INFO - Processing /opt/airflow/dags/sneakerz_pipeline.py took 0.151 seconds
[2026-05-10T17:38:52.925+0000] {processor.py:161} INFO - Started process (PID=1607) to work on /opt/airflow/dags/sneakerz_pipeline.py
[2026-05-10T17:38:52.926+0000] {processor.py:830} INFO - Processing file /opt/airflow/dags/sneakerz_pipeline.py for tasks to queue
[2026-05-10T17:38:52.929+0000] {logging_mixin.py:188} INFO - [2026-05-10T17:38:52.929+0000] {dagbag.py:540} INFO - Filling up the DagBag from /opt/airflow/dags/sneakerz_pipeline.py
[2026-05-10T17:38:52.961+0000] {processor.py:840} INFO - DAG(s) 'sneakerz_pipeline' retrieved from /opt/airflow/dags/sneakerz_pipeline.py
[2026-05-10T17:38:53.002+0000] {logging_mixin.py:188} INFO - [2026-05-10T17:38:53.002+0000] {dag.py:3096} INFO - Sync 1 DAGs
[2026-05-10T17:38:53.035+0000] {logging_mixin.py:188} INFO - [2026-05-10T17:38:53.035+0000] {dag.py:3954} INFO - Setting next_dagrun for sneakerz_pipeline to 2026-05-10 17:00:00+00:00, run_after=2026-05-10 18:00:00+00:00
[2026-05-10T17:38:53.067+0000] {processor.py:183} INFO - Processing /opt/airflow/dags/sneakerz_pipeline.py took 0.150 seconds
[2026-05-10T17:39:23.158+0000] {processor.py:161} INFO - Started process (PID=1612) to work on /opt/airflow/dags/sneakerz_pipeline.py
[2026-05-10T17:39:23.159+0000] {processor.py:830} INFO - Processing file /opt/airflow/dags/sneakerz_pipeline.py for tasks to queue
[2026-05-10T17:39:23.162+0000] {logging_mixin.py:188} INFO - [2026-05-10T17:39:23.162+0000] {dagbag.py:540} INFO - Filling up the DagBag from /opt/airflow/dags/sneakerz_pipeline.py
[2026-05-10T17:39:23.199+0000] {processor.py:840} INFO - DAG(s) 'sneakerz_pipeline' retrieved from /opt/airflow/dags/sneakerz_pipeline.py
[2026-05-10T17:39:23.246+0000] {logging_mixin.py:188} INFO - [2026-05-10T17:39:23.245+0000] {dag.py:3096} INFO - Sync 1 DAGs
[2026-05-10T17:39:23.282+0000] {logging_mixin.py:188} INFO - [2026-05-10T17:39:23.281+0000] {dag.py:3954} INFO - Setting next_dagrun for sneakerz_pipeline to 2026-05-10 17:00:00+00:00, run_after=2026-05-10 18:00:00+00:00
[2026-05-10T17:39:23.313+0000] {processor.py:183} INFO - Processing /opt/airflow/dags/sneakerz_pipeline.py took 0.165 seconds
[2026-05-10T17:39:53.504+0000] {processor.py:161} INFO - Started process (PID=1617) to work on /opt/airflow/dags/sneakerz_pipeline.py
[2026-05-10T17:39:53.505+0000] {processor.py:830} INFO - Processing file /opt/airflow/dags/sneakerz_pipeline.py for tasks to queue
[2026-05-10T17:39:53.510+0000] {logging_mixin.py:188} INFO - [2026-05-10T17:39:53.509+0000] {dagbag.py:540} INFO - Filling up the DagBag from /opt/airflow/dags/sneakerz_pipeline.py
[2026-05-10T17:39:53.548+0000] {processor.py:840} INFO - DAG(s) 'sneakerz_pipeline' retrieved from /opt/airflow/dags/sneakerz_pipeline.py
[2026-05-10T17:39:53.596+0000] {logging_mixin.py:188} INFO - [2026-05-10T17:39:53.595+0000] {dag.py:3096} INFO - Sync 1 DAGs
[2026-05-10T17:39:53.629+0000] {logging_mixin.py:188} INFO - [2026-05-10T17:39:53.629+0000] {dag.py:3954} INFO - Setting next_dagrun for sneakerz_pipeline to 2026-05-10 17:00:00+00:00, run_after=2026-05-10 18:00:00+00:00
[2026-05-10T17:39:53.659+0000] {processor.py:183} INFO - Processing /opt/airflow/dags/sneakerz_pipeline.py took 0.164 seconds
[2026-05-10T17:40:23.742+0000] {processor.py:161} INFO - Started process (PID=1622) to work on /opt/airflow/dags/sneakerz_pipeline.py
[2026-05-10T17:40:23.744+0000] {processor.py:830} INFO - Processing file /opt/airflow/dags/sneakerz_pipeline.py for tasks to queue
[2026-05-10T17:40:23.748+0000] {logging_mixin.py:188} INFO - [2026-05-10T17:40:23.747+0000] {dagbag.py:540} INFO - Filling up the DagBag from /opt/airflow/dags/sneakerz_pipeline.py
[2026-05-10T17:40:23.778+0000] {processor.py:840} INFO - DAG(s) 'sneakerz_pipeline' retrieved from /opt/airflow/dags/sneakerz_pipeline.py
[2026-05-10T17:40:23.830+0000] {logging_mixin.py:188} INFO - [2026-05-10T17:40:23.830+0000] {dag.py:3096} INFO - Sync 1 DAGs
[2026-05-10T17:40:23.870+0000] {logging_mixin.py:188} INFO - [2026-05-10T17:40:23.869+0000] {dag.py:3954} INFO - Setting next_dagrun for sneakerz_pipeline to 2026-05-10 17:00:00+00:00, run_after=2026-05-10 18:00:00+00:00
[2026-05-10T17:40:23.902+0000] {processor.py:183} INFO - Processing /opt/airflow/dags/sneakerz_pipeline.py took 0.168 seconds
[2026-05-10T17:40:54.099+0000] {processor.py:161} INFO - Started process (PID=1627) to work on /opt/airflow/dags/sneakerz_pipeline.py
[2026-05-10T17:40:54.101+0000] {processor.py:830} INFO - Processing file /opt/airflow/dags/sneakerz_pipeline.py for tasks to queue
[2026-05-10T17:40:54.103+0000] {logging_mixin.py:188} INFO - [2026-05-10T17:40:54.103+0000] {dagbag.py:540} INFO - Filling up the DagBag from /opt/airflow/dags/sneakerz_pipeline.py
[2026-05-10T17:40:54.134+0000] {processor.py:840} INFO - DAG(s) 'sneakerz_pipeline' retrieved from /opt/airflow/dags/sneakerz_pipeline.py
[2026-05-10T17:40:54.178+0000] {logging_mixin.py:188} INFO - [2026-05-10T17:40:54.178+0000] {dag.py:3096} INFO - Sync 1 DAGs
[2026-05-10T17:40:54.218+0000] {logging_mixin.py:188} INFO - [2026-05-10T17:40:54.217+0000] {dag.py:3954} INFO - Setting next_dagrun for sneakerz_pipeline to 2026-05-10 17:00:00+00:00, run_after=2026-05-10 18:00:00+00:00
[2026-05-10T17:40:54.250+0000] {processor.py:183} INFO - Processing /opt/airflow/dags/sneakerz_pipeline.py took 0.159 seconds
[2026-05-10T17:41:24.332+0000] {processor.py:161} INFO - Started process (PID=1632) to work on /opt/airflow/dags/sneakerz_pipeline.py
[2026-05-10T17:41:24.334+0000] {processor.py:830} INFO - Processing file /opt/airflow/dags/sneakerz_pipeline.py for tasks to queue
[2026-05-10T17:41:24.336+0000] {logging_mixin.py:188} INFO - [2026-05-10T17:41:24.336+0000] {dagbag.py:540} INFO - Filling up the DagBag from /opt/airflow/dags/sneakerz_pipeline.py
[2026-05-10T17:41:24.368+0000] {processor.py:840} INFO - DAG(s) 'sneakerz_pipeline' retrieved from /opt/airflow/dags/sneakerz_pipeline.py
[2026-05-10T17:41:24.411+0000] {logging_mixin.py:188} INFO - [2026-05-10T17:41:24.411+0000] {dag.py:3096} INFO - Sync 1 DAGs
[2026-05-10T17:41:24.449+0000] {logging_mixin.py:188} INFO - [2026-05-10T17:41:24.449+0000] {dag.py:3954} INFO - Setting next_dagrun for sneakerz_pipeline to 2026-05-10 17:00:00+00:00, run_after=2026-05-10 18:00:00+00:00
[2026-05-10T17:41:24.482+0000] {processor.py:183} INFO - Processing /opt/airflow/dags/sneakerz_pipeline.py took 0.158 seconds
[2026-05-10T17:41:54.724+0000] {processor.py:161} INFO - Started process (PID=1637) to work on /opt/airflow/dags/sneakerz_pipeline.py
[2026-05-10T17:41:54.726+0000] {processor.py:830} INFO - Processing file /opt/airflow/dags/sneakerz_pipeline.py for tasks to queue
[2026-05-10T17:41:54.728+0000] {logging_mixin.py:188} INFO - [2026-05-10T17:41:54.728+0000] {dagbag.py:540} INFO - Filling up the DagBag from /opt/airflow/dags/sneakerz_pipeline.py
[2026-05-10T17:41:54.759+0000] {processor.py:840} INFO - DAG(s) 'sneakerz_pipeline' retrieved from /opt/airflow/dags/sneakerz_pipeline.py
[2026-05-10T17:41:54.801+0000] {logging_mixin.py:188} INFO - [2026-05-10T17:41:54.801+0000] {dag.py:3096} INFO - Sync 1 DAGs
[2026-05-10T17:41:54.836+0000] {logging_mixin.py:188} INFO - [2026-05-10T17:41:54.836+0000] {dag.py:3954} INFO - Setting next_dagrun for sneakerz_pipeline to 2026-05-10 17:00:00+00:00, run_after=2026-05-10 18:00:00+00:00
[2026-05-10T17:41:54.865+0000] {processor.py:183} INFO - Processing /opt/airflow/dags/sneakerz_pipeline.py took 0.147 seconds
[2026-05-10T17:42:24.949+0000] {processor.py:161} INFO - Started process (PID=1642) to work on /opt/airflow/dags/sneakerz_pipeline.py
[2026-05-10T17:42:24.950+0000] {processor.py:830} INFO - Processing file /opt/airflow/dags/sneakerz_pipeline.py for tasks to queue
[2026-05-10T17:42:24.953+0000] {logging_mixin.py:188} INFO - [2026-05-10T17:42:24.953+0000] {dagbag.py:540} INFO - Filling up the DagBag from /opt/airflow/dags/sneakerz_pipeline.py
[2026-05-10T17:42:24.983+0000] {processor.py:840} INFO - DAG(s) 'sneakerz_pipeline' retrieved from /opt/airflow/dags/sneakerz_pipeline.py
[2026-05-10T17:42:25.027+0000] {logging_mixin.py:188} INFO - [2026-05-10T17:42:25.027+0000] {dag.py:3096} INFO - Sync 1 DAGs
[2026-05-10T17:42:25.061+0000] {logging_mixin.py:188} INFO - [2026-05-10T17:42:25.061+0000] {dag.py:3954} INFO - Setting next_dagrun for sneakerz_pipeline to 2026-05-10 17:00:00+00:00, run_after=2026-05-10 18:00:00+00:00
[2026-05-10T17:42:25.091+0000] {processor.py:183} INFO - Processing /opt/airflow/dags/sneakerz_pipeline.py took 0.151 seconds
[2026-05-10T17:42:55.320+0000] {processor.py:161} INFO - Started process (PID=1647) to work on /opt/airflow/dags/sneakerz_pipeline.py
[2026-05-10T17:42:55.321+0000] {processor.py:830} INFO - Processing file /opt/airflow/dags/sneakerz_pipeline.py for tasks to queue
[2026-05-10T17:42:55.324+0000] {logging_mixin.py:188} INFO - [2026-05-10T17:42:55.323+0000] {dagbag.py:540} INFO - Filling up the DagBag from /opt/airflow/dags/sneakerz_pipeline.py
[2026-05-10T17:42:55.355+0000] {processor.py:840} INFO - DAG(s) 'sneakerz_pipeline' retrieved from /opt/airflow/dags/sneakerz_pipeline.py
[2026-05-10T17:42:55.399+0000] {logging_mixin.py:188} INFO - [2026-05-10T17:42:55.399+0000] {dag.py:3096} INFO - Sync 1 DAGs
[2026-05-10T17:42:55.435+0000] {logging_mixin.py:188} INFO - [2026-05-10T17:42:55.435+0000] {dag.py:3954} INFO - Setting next_dagrun for sneakerz_pipeline to 2026-05-10 17:00:00+00:00, run_after=2026-05-10 18:00:00+00:00
[2026-05-10T17:42:55.464+0000] {processor.py:183} INFO - Processing /opt/airflow/dags/sneakerz_pipeline.py took 0.154 seconds
[2026-05-10T17:43:25.566+0000] {processor.py:161} INFO - Started process (PID=1652) to work on /opt/airflow/dags/sneakerz_pipeline.py
[2026-05-10T17:43:25.567+0000] {processor.py:830} INFO - Processing file /opt/airflow/dags/sneakerz_pipeline.py for tasks to queue
[2026-05-10T17:43:25.570+0000] {logging_mixin.py:188} INFO - [2026-05-10T17:43:25.569+0000] {dagbag.py:540} INFO - Filling up the DagBag from /opt/airflow/dags/sneakerz_pipeline.py
[2026-05-10T17:43:25.605+0000] {processor.py:840} INFO - DAG(s) 'sneakerz_pipeline' retrieved from /opt/airflow/dags/sneakerz_pipeline.py
[2026-05-10T17:43:25.669+0000] {logging_mixin.py:188} INFO - [2026-05-10T17:43:25.669+0000] {dag.py:3096} INFO - Sync 1 DAGs
[2026-05-10T17:43:25.724+0000] {logging_mixin.py:188} INFO - [2026-05-10T17:43:25.724+0000] {dag.py:3954} INFO - Setting next_dagrun for sneakerz_pipeline to 2026-05-10 17:00:00+00:00, run_after=2026-05-10 18:00:00+00:00
[2026-05-10T17:43:25.768+0000] {processor.py:183} INFO - Processing /opt/airflow/dags/sneakerz_pipeline.py took 0.212 seconds
[2026-05-10T17:43:55.907+0000] {processor.py:161} INFO - Started process (PID=1657) to work on /opt/airflow/dags/sneakerz_pipeline.py
[2026-05-10T17:43:55.909+0000] {processor.py:830} INFO - Processing file /opt/airflow/dags/sneakerz_pipeline.py for tasks to queue
[2026-05-10T17:43:55.913+0000] {logging_mixin.py:188} INFO - [2026-05-10T17:43:55.912+0000] {dagbag.py:540} INFO - Filling up the DagBag from /opt/airflow/dags/sneakerz_pipeline.py
[2026-05-10T17:43:55.946+0000] {processor.py:840} INFO - DAG(s) 'sneakerz_pipeline' retrieved from /opt/airflow/dags/sneakerz_pipeline.py
[2026-05-10T17:43:55.991+0000] {logging_mixin.py:188} INFO - [2026-05-10T17:43:55.990+0000] {dag.py:3096} INFO - Sync 1 DAGs
[2026-05-10T17:43:56.025+0000] {logging_mixin.py:188} INFO - [2026-05-10T17:43:56.025+0000] {dag.py:3954} INFO - Setting next_dagrun for sneakerz_pipeline to 2026-05-10 17:00:00+00:00, run_after=2026-05-10 18:00:00+00:00
[2026-05-10T17:43:56.055+0000] {processor.py:183} INFO - Processing /opt/airflow/dags/sneakerz_pipeline.py took 0.157 seconds
[2026-05-10T17:44:26.218+0000] {processor.py:161} INFO - Started process (PID=1662) to work on /opt/airflow/dags/sneakerz_pipeline.py
[2026-05-10T17:44:26.220+0000] {processor.py:830} INFO - Processing file /opt/airflow/dags/sneakerz_pipeline.py for tasks to queue
[2026-05-10T17:44:26.223+0000] {logging_mixin.py:188} INFO - [2026-05-10T17:44:26.223+0000] {dagbag.py:540} INFO - Filling up the DagBag from /opt/airflow/dags/sneakerz_pipeline.py
[2026-05-10T17:44:26.260+0000] {processor.py:840} INFO - DAG(s) 'sneakerz_pipeline' retrieved from /opt/airflow/dags/sneakerz_pipeline.py
[2026-05-10T17:44:26.307+0000] {logging_mixin.py:188} INFO - [2026-05-10T17:44:26.306+0000] {dag.py:3096} INFO - Sync 1 DAGs
[2026-05-10T17:44:26.342+0000] {logging_mixin.py:188} INFO - [2026-05-10T17:44:26.341+0000] {dag.py:3954} INFO - Setting next_dagrun for sneakerz_pipeline to 2026-05-10 17:00:00+00:00, run_after=2026-05-10 18:00:00+00:00
[2026-05-10T17:44:26.375+0000] {processor.py:183} INFO - Processing /opt/airflow/dags/sneakerz_pipeline.py took 0.168 seconds
[2026-05-10T17:44:56.485+0000] {processor.py:161} INFO - Started process (PID=1667) to work on /opt/airflow/dags/sneakerz_pipeline.py
[2026-05-10T17:44:56.487+0000] {processor.py:830} INFO - Processing file /opt/airflow/dags/sneakerz_pipeline.py for tasks to queue
[2026-05-10T17:44:56.490+0000] {logging_mixin.py:188} INFO - [2026-05-10T17:44:56.490+0000] {dagbag.py:540} INFO - Filling up the DagBag from /opt/airflow/dags/sneakerz_pipeline.py
[2026-05-10T17:44:56.521+0000] {processor.py:840} INFO - DAG(s) 'sneakerz_pipeline' retrieved from /opt/airflow/dags/sneakerz_pipeline.py
[2026-05-10T17:44:56.567+0000] {logging_mixin.py:188} INFO - [2026-05-10T17:44:56.566+0000] {dag.py:3096} INFO - Sync 1 DAGs
[2026-05-10T17:44:56.601+0000] {logging_mixin.py:188} INFO - [2026-05-10T17:44:56.601+0000] {dag.py:3954} INFO - Setting next_dagrun for sneakerz_pipeline to 2026-05-10 17:00:00+00:00, run_after=2026-05-10 18:00:00+00:00
[2026-05-10T17:44:56.629+0000] {processor.py:183} INFO - Processing /opt/airflow/dags/sneakerz_pipeline.py took 0.153 seconds
[2026-05-10T17:45:26.803+0000] {processor.py:161} INFO - Started process (PID=1672) to work on /opt/airflow/dags/sneakerz_pipeline.py
[2026-05-10T17:45:26.805+0000] {processor.py:830} INFO - Processing file /opt/airflow/dags/sneakerz_pipeline.py for tasks to queue
[2026-05-10T17:45:26.808+0000] {logging_mixin.py:188} INFO - [2026-05-10T17:45:26.807+0000] {dagbag.py:540} INFO - Filling up the DagBag from /opt/airflow/dags/sneakerz_pipeline.py
[2026-05-10T17:45:26.837+0000] {processor.py:840} INFO - DAG(s) 'sneakerz_pipeline' retrieved from /opt/airflow/dags/sneakerz_pipeline.py
[2026-05-10T17:45:26.885+0000] {logging_mixin.py:188} INFO - [2026-05-10T17:45:26.885+0000] {dag.py:3096} INFO - Sync 1 DAGs
[2026-05-10T17:45:26.922+0000] {logging_mixin.py:188} INFO - [2026-05-10T17:45:26.921+0000] {dag.py:3954} INFO - Setting next_dagrun for sneakerz_pipeline to 2026-05-10 17:00:00+00:00, run_after=2026-05-10 18:00:00+00:00
[2026-05-10T17:45:26.957+0000] {processor.py:183} INFO - Processing /opt/airflow/dags/sneakerz_pipeline.py took 0.162 seconds
[2026-05-10T17:45:57.064+0000] {processor.py:161} INFO - Started process (PID=1677) to work on /opt/airflow/dags/sneakerz_pipeline.py
[2026-05-10T17:45:57.066+0000] {processor.py:830} INFO - Processing file /opt/airflow/dags/sneakerz_pipeline.py for tasks to queue
[2026-05-10T17:45:57.069+0000] {logging_mixin.py:188} INFO - [2026-05-10T17:45:57.068+0000] {dagbag.py:540} INFO - Filling up the DagBag from /opt/airflow/dags/sneakerz_pipeline.py
[2026-05-10T17:45:57.098+0000] {processor.py:840} INFO - DAG(s) 'sneakerz_pipeline' retrieved from /opt/airflow/dags/sneakerz_pipeline.py
[2026-05-10T17:45:57.147+0000] {logging_mixin.py:188} INFO - [2026-05-10T17:45:57.146+0000] {dag.py:3096} INFO - Sync 1 DAGs
[2026-05-10T17:45:57.182+0000] {logging_mixin.py:188} INFO - [2026-05-10T17:45:57.181+0000] {dag.py:3954} INFO - Setting next_dagrun for sneakerz_pipeline to 2026-05-10 17:00:00+00:00, run_after=2026-05-10 18:00:00+00:00
[2026-05-10T17:45:57.211+0000] {processor.py:183} INFO - Processing /opt/airflow/dags/sneakerz_pipeline.py took 0.155 seconds
[2026-05-10T17:46:27.435+0000] {processor.py:161} INFO - Started process (PID=1682) to work on /opt/airflow/dags/sneakerz_pipeline.py
[2026-05-10T17:46:27.437+0000] {processor.py:830} INFO - Processing file /opt/airflow/dags/sneakerz_pipeline.py for tasks to queue
[2026-05-10T17:46:27.440+0000] {logging_mixin.py:188} INFO - [2026-05-10T17:46:27.439+0000] {dagbag.py:540} INFO - Filling up the DagBag from /opt/airflow/dags/sneakerz_pipeline.py
[2026-05-10T17:46:27.472+0000] {processor.py:840} INFO - DAG(s) 'sneakerz_pipeline' retrieved from /opt/airflow/dags/sneakerz_pipeline.py
[2026-05-10T17:46:27.518+0000] {logging_mixin.py:188} INFO - [2026-05-10T17:46:27.518+0000] {dag.py:3096} INFO - Sync 1 DAGs
[2026-05-10T17:46:27.553+0000] {logging_mixin.py:188} INFO - [2026-05-10T17:46:27.553+0000] {dag.py:3954} INFO - Setting next_dagrun for sneakerz_pipeline to 2026-05-10 17:00:00+00:00, run_after=2026-05-10 18:00:00+00:00
[2026-05-10T17:46:27.586+0000] {processor.py:183} INFO - Processing /opt/airflow/dags/sneakerz_pipeline.py took 0.158 seconds
[2026-05-10T17:46:57.663+0000] {processor.py:161} INFO - Started process (PID=1687) to work on /opt/airflow/dags/sneakerz_pipeline.py
[2026-05-10T17:46:57.666+0000] {processor.py:830} INFO - Processing file /opt/airflow/dags/sneakerz_pipeline.py for tasks to queue
[2026-05-10T17:46:57.668+0000] {logging_mixin.py:188} INFO - [2026-05-10T17:46:57.668+0000] {dagbag.py:540} INFO - Filling up the DagBag from /opt/airflow/dags/sneakerz_pipeline.py
[2026-05-10T17:46:57.697+0000] {processor.py:840} INFO - DAG(s) 'sneakerz_pipeline' retrieved from /opt/airflow/dags/sneakerz_pipeline.py
[2026-05-10T17:46:57.748+0000] {logging_mixin.py:188} INFO - [2026-05-10T17:46:57.747+0000] {dag.py:3096} INFO - Sync 1 DAGs
[2026-05-10T17:46:57.780+0000] {logging_mixin.py:188} INFO - [2026-05-10T17:46:57.779+0000] {dag.py:3954} INFO - Setting next_dagrun for sneakerz_pipeline to 2026-05-10 17:00:00+00:00, run_after=2026-05-10 18:00:00+00:00
[2026-05-10T17:46:57.816+0000] {processor.py:183} INFO - Processing /opt/airflow/dags/sneakerz_pipeline.py took 0.164 seconds
[2026-05-10T17:47:28.038+0000] {processor.py:161} INFO - Started process (PID=1692) to work on /opt/airflow/dags/sneakerz_pipeline.py
[2026-05-10T17:47:28.039+0000] {processor.py:830} INFO - Processing file /opt/airflow/dags/sneakerz_pipeline.py for tasks to queue
[2026-05-10T17:47:28.042+0000] {logging_mixin.py:188} INFO - [2026-05-10T17:47:28.042+0000] {dagbag.py:540} INFO - Filling up the DagBag from /opt/airflow/dags/sneakerz_pipeline.py
[2026-05-10T17:47:28.072+0000] {processor.py:840} INFO - DAG(s) 'sneakerz_pipeline' retrieved from /opt/airflow/dags/sneakerz_pipeline.py
[2026-05-10T17:47:28.115+0000] {logging_mixin.py:188} INFO - [2026-05-10T17:47:28.115+0000] {dag.py:3096} INFO - Sync 1 DAGs
[2026-05-10T17:47:28.152+0000] {logging_mixin.py:188} INFO - [2026-05-10T17:47:28.152+0000] {dag.py:3954} INFO - Setting next_dagrun for sneakerz_pipeline to 2026-05-10 17:00:00+00:00, run_after=2026-05-10 18:00:00+00:00
[2026-05-10T17:47:28.183+0000] {processor.py:183} INFO - Processing /opt/airflow/dags/sneakerz_pipeline.py took 0.152 seconds
[2026-05-10T17:47:58.261+0000] {processor.py:161} INFO - Started process (PID=1697) to work on /opt/airflow/dags/sneakerz_pipeline.py
[2026-05-10T17:47:58.263+0000] {processor.py:830} INFO - Processing file /opt/airflow/dags/sneakerz_pipeline.py for tasks to queue
[2026-05-10T17:47:58.266+0000] {logging_mixin.py:188} INFO - [2026-05-10T17:47:58.265+0000] {dagbag.py:540} INFO - Filling up the DagBag from /opt/airflow/dags/sneakerz_pipeline.py
[2026-05-10T17:47:58.297+0000] {processor.py:840} INFO - DAG(s) 'sneakerz_pipeline' retrieved from /opt/airflow/dags/sneakerz_pipeline.py
[2026-05-10T17:47:58.341+0000] {logging_mixin.py:188} INFO - [2026-05-10T17:47:58.341+0000] {dag.py:3096} INFO - Sync 1 DAGs
[2026-05-10T17:47:58.373+0000] {logging_mixin.py:188} INFO - [2026-05-10T17:47:58.373+0000] {dag.py:3954} INFO - Setting next_dagrun for sneakerz_pipeline to 2026-05-10 17:00:00+00:00, run_after=2026-05-10 18:00:00+00:00
[2026-05-10T17:47:58.406+0000] {processor.py:183} INFO - Processing /opt/airflow/dags/sneakerz_pipeline.py took 0.152 seconds
[2026-05-10T17:48:28.615+0000] {processor.py:161} INFO - Started process (PID=1702) to work on /opt/airflow/dags/sneakerz_pipeline.py
[2026-05-10T17:48:28.617+0000] {processor.py:830} INFO - Processing file /opt/airflow/dags/sneakerz_pipeline.py for tasks to queue
[2026-05-10T17:48:28.620+0000] {logging_mixin.py:188} INFO - [2026-05-10T17:48:28.620+0000] {dagbag.py:540} INFO - Filling up the DagBag from /opt/airflow/dags/sneakerz_pipeline.py
[2026-05-10T17:48:28.651+0000] {processor.py:840} INFO - DAG(s) 'sneakerz_pipeline' retrieved from /opt/airflow/dags/sneakerz_pipeline.py
[2026-05-10T17:48:28.692+0000] {logging_mixin.py:188} INFO - [2026-05-10T17:48:28.692+0000] {dag.py:3096} INFO - Sync 1 DAGs
[2026-05-10T17:48:28.726+0000] {logging_mixin.py:188} INFO - [2026-05-10T17:48:28.725+0000] {dag.py:3954} INFO - Setting next_dagrun for sneakerz_pipeline to 2026-05-10 17:00:00+00:00, run_after=2026-05-10 18:00:00+00:00
[2026-05-10T17:48:28.754+0000] {processor.py:183} INFO - Processing /opt/airflow/dags/sneakerz_pipeline.py took 0.147 seconds
[2026-05-10T17:48:58.851+0000] {processor.py:161} INFO - Started process (PID=1707) to work on /opt/airflow/dags/sneakerz_pipeline.py
[2026-05-10T17:48:58.852+0000] {processor.py:830} INFO - Processing file /opt/airflow/dags/sneakerz_pipeline.py for tasks to queue
[2026-05-10T17:48:58.856+0000] {logging_mixin.py:188} INFO - [2026-05-10T17:48:58.855+0000] {dagbag.py:540} INFO - Filling up the DagBag from /opt/airflow/dags/sneakerz_pipeline.py
[2026-05-10T17:48:58.891+0000] {processor.py:840} INFO - DAG(s) 'sneakerz_pipeline' retrieved from /opt/airflow/dags/sneakerz_pipeline.py
[2026-05-10T17:48:58.949+0000] {logging_mixin.py:188} INFO - [2026-05-10T17:48:58.948+0000] {dag.py:3096} INFO - Sync 1 DAGs
[2026-05-10T17:48:58.991+0000] {logging_mixin.py:188} INFO - [2026-05-10T17:48:58.990+0000] {dag.py:3954} INFO - Setting next_dagrun for sneakerz_pipeline to 2026-05-10 17:00:00+00:00, run_after=2026-05-10 18:00:00+00:00
[2026-05-10T17:48:59.026+0000] {processor.py:183} INFO - Processing /opt/airflow/dags/sneakerz_pipeline.py took 0.189 seconds
[2026-05-10T17:49:29.216+0000] {processor.py:161} INFO - Started process (PID=1712) to work on /opt/airflow/dags/sneakerz_pipeline.py
[2026-05-10T17:49:29.217+0000] {processor.py:830} INFO - Processing file /opt/airflow/dags/sneakerz_pipeline.py for tasks to queue
[2026-05-10T17:49:29.220+0000] {logging_mixin.py:188} INFO - [2026-05-10T17:49:29.220+0000] {dagbag.py:540} INFO - Filling up the DagBag from /opt/airflow/dags/sneakerz_pipeline.py
[2026-05-10T17:49:29.250+0000] {processor.py:840} INFO - DAG(s) 'sneakerz_pipeline' retrieved from /opt/airflow/dags/sneakerz_pipeline.py
[2026-05-10T17:49:29.300+0000] {logging_mixin.py:188} INFO - [2026-05-10T17:49:29.299+0000] {dag.py:3096} INFO - Sync 1 DAGs
[2026-05-10T17:49:29.335+0000] {logging_mixin.py:188} INFO - [2026-05-10T17:49:29.335+0000] {dag.py:3954} INFO - Setting next_dagrun for sneakerz_pipeline to 2026-05-10 17:00:00+00:00, run_after=2026-05-10 18:00:00+00:00
[2026-05-10T17:49:29.368+0000] {processor.py:183} INFO - Processing /opt/airflow/dags/sneakerz_pipeline.py took 0.161 seconds
[2026-05-10T17:49:59.459+0000] {processor.py:161} INFO - Started process (PID=1717) to work on /opt/airflow/dags/sneakerz_pipeline.py
[2026-05-10T17:49:59.460+0000] {processor.py:830} INFO - Processing file /opt/airflow/dags/sneakerz_pipeline.py for tasks to queue
[2026-05-10T17:49:59.463+0000] {logging_mixin.py:188} INFO - [2026-05-10T17:49:59.462+0000] {dagbag.py:540} INFO - Filling up the DagBag from /opt/airflow/dags/sneakerz_pipeline.py
[2026-05-10T17:49:59.497+0000] {processor.py:840} INFO - DAG(s) 'sneakerz_pipeline' retrieved from /opt/airflow/dags/sneakerz_pipeline.py
[2026-05-10T17:49:59.544+0000] {logging_mixin.py:188} INFO - [2026-05-10T17:49:59.544+0000] {dag.py:3096} INFO - Sync 1 DAGs
[2026-05-10T17:49:59.577+0000] {logging_mixin.py:188} INFO - [2026-05-10T17:49:59.577+0000] {dag.py:3954} INFO - Setting next_dagrun for sneakerz_pipeline to 2026-05-10 17:00:00+00:00, run_after=2026-05-10 18:00:00+00:00
[2026-05-10T17:49:59.608+0000] {processor.py:183} INFO - Processing /opt/airflow/dags/sneakerz_pipeline.py took 0.157 seconds
[2026-05-10T17:50:29.803+0000] {processor.py:161} INFO - Started process (PID=1722) to work on /opt/airflow/dags/sneakerz_pipeline.py
[2026-05-10T17:50:29.804+0000] {processor.py:830} INFO - Processing file /opt/airflow/dags/sneakerz_pipeline.py for tasks to queue
[2026-05-10T17:50:29.808+0000] {logging_mixin.py:188} INFO - [2026-05-10T17:50:29.807+0000] {dagbag.py:540} INFO - Filling up the DagBag from /opt/airflow/dags/sneakerz_pipeline.py
[2026-05-10T17:50:29.842+0000] {processor.py:840} INFO - DAG(s) 'sneakerz_pipeline' retrieved from /opt/airflow/dags/sneakerz_pipeline.py
[2026-05-10T17:50:29.893+0000] {logging_mixin.py:188} INFO - [2026-05-10T17:50:29.893+0000] {dag.py:3096} INFO - Sync 1 DAGs
[2026-05-10T17:50:29.926+0000] {logging_mixin.py:188} INFO - [2026-05-10T17:50:29.926+0000] {dag.py:3954} INFO - Setting next_dagrun for sneakerz_pipeline to 2026-05-10 17:00:00+00:00, run_after=2026-05-10 18:00:00+00:00
[2026-05-10T17:50:29.958+0000] {processor.py:183} INFO - Processing /opt/airflow/dags/sneakerz_pipeline.py took 0.163 seconds
[2026-05-10T17:51:00.046+0000] {processor.py:161} INFO - Started process (PID=1727) to work on /opt/airflow/dags/sneakerz_pipeline.py
[2026-05-10T17:51:00.049+0000] {processor.py:830} INFO - Processing file /opt/airflow/dags/sneakerz_pipeline.py for tasks to queue
[2026-05-10T17:51:00.053+0000] {logging_mixin.py:188} INFO - [2026-05-10T17:51:00.052+0000] {dagbag.py:540} INFO - Filling up the DagBag from /opt/airflow/dags/sneakerz_pipeline.py
[2026-05-10T17:51:00.086+0000] {processor.py:840} INFO - DAG(s) 'sneakerz_pipeline' retrieved from /opt/airflow/dags/sneakerz_pipeline.py
[2026-05-10T17:51:00.135+0000] {logging_mixin.py:188} INFO - [2026-05-10T17:51:00.135+0000] {dag.py:3096} INFO - Sync 1 DAGs
[2026-05-10T17:51:00.170+0000] {logging_mixin.py:188} INFO - [2026-05-10T17:51:00.169+0000] {dag.py:3954} INFO - Setting next_dagrun for sneakerz_pipeline to 2026-05-10 17:00:00+00:00, run_after=2026-05-10 18:00:00+00:00
[2026-05-10T17:51:00.198+0000] {processor.py:183} INFO - Processing /opt/airflow/dags/sneakerz_pipeline.py took 0.161 seconds
[2026-05-10T17:51:30.398+0000] {processor.py:161} INFO - Started process (PID=1732) to work on /opt/airflow/dags/sneakerz_pipeline.py
[2026-05-10T17:51:30.399+0000] {processor.py:830} INFO - Processing file /opt/airflow/dags/sneakerz_pipeline.py for tasks to queue
[2026-05-10T17:51:30.402+0000] {logging_mixin.py:188} INFO - [2026-05-10T17:51:30.402+0000] {dagbag.py:540} INFO - Filling up the DagBag from /opt/airflow/dags/sneakerz_pipeline.py
[2026-05-10T17:51:30.434+0000] {processor.py:840} INFO - DAG(s) 'sneakerz_pipeline' retrieved from /opt/airflow/dags/sneakerz_pipeline.py
[2026-05-10T17:51:30.481+0000] {logging_mixin.py:188} INFO - [2026-05-10T17:51:30.481+0000] {dag.py:3096} INFO - Sync 1 DAGs
[2026-05-10T17:51:30.515+0000] {logging_mixin.py:188} INFO - [2026-05-10T17:51:30.514+0000] {dag.py:3954} INFO - Setting next_dagrun for sneakerz_pipeline to 2026-05-10 17:00:00+00:00, run_after=2026-05-10 18:00:00+00:00
[2026-05-10T17:51:30.544+0000] {processor.py:183} INFO - Processing /opt/airflow/dags/sneakerz_pipeline.py took 0.154 seconds
[2026-05-10T17:52:00.675+0000] {processor.py:161} INFO - Started process (PID=1737) to work on /opt/airflow/dags/sneakerz_pipeline.py
[2026-05-10T17:52:00.676+0000] {processor.py:830} INFO - Processing file /opt/airflow/dags/sneakerz_pipeline.py for tasks to queue
[2026-05-10T17:52:00.679+0000] {logging_mixin.py:188} INFO - [2026-05-10T17:52:00.679+0000] {dagbag.py:540} INFO - Filling up the DagBag from /opt/airflow/dags/sneakerz_pipeline.py
[2026-05-10T17:52:00.712+0000] {processor.py:840} INFO - DAG(s) 'sneakerz_pipeline' retrieved from /opt/airflow/dags/sneakerz_pipeline.py
[2026-05-10T17:52:00.754+0000] {logging_mixin.py:188} INFO - [2026-05-10T17:52:00.754+0000] {dag.py:3096} INFO - Sync 1 DAGs
[2026-05-10T17:52:00.789+0000] {logging_mixin.py:188} INFO - [2026-05-10T17:52:00.789+0000] {dag.py:3954} INFO - Setting next_dagrun for sneakerz_pipeline to 2026-05-10 17:00:00+00:00, run_after=2026-05-10 18:00:00+00:00
[2026-05-10T17:52:00.820+0000] {processor.py:183} INFO - Processing /opt/airflow/dags/sneakerz_pipeline.py took 0.154 seconds
[2026-05-10T17:52:30.988+0000] {processor.py:161} INFO - Started process (PID=1742) to work on /opt/airflow/dags/sneakerz_pipeline.py
[2026-05-10T17:52:30.990+0000] {processor.py:830} INFO - Processing file /opt/airflow/dags/sneakerz_pipeline.py for tasks to queue
[2026-05-10T17:52:30.995+0000] {logging_mixin.py:188} INFO - [2026-05-10T17:52:30.994+0000] {dagbag.py:540} INFO - Filling up the DagBag from /opt/airflow/dags/sneakerz_pipeline.py
[2026-05-10T17:52:31.032+0000] {processor.py:840} INFO - DAG(s) 'sneakerz_pipeline' retrieved from /opt/airflow/dags/sneakerz_pipeline.py
[2026-05-10T17:52:31.083+0000] {logging_mixin.py:188} INFO - [2026-05-10T17:52:31.083+0000] {dag.py:3096} INFO - Sync 1 DAGs
[2026-05-10T17:52:31.121+0000] {logging_mixin.py:188} INFO - [2026-05-10T17:52:31.121+0000] {dag.py:3954} INFO - Setting next_dagrun for sneakerz_pipeline to 2026-05-10 17:00:00+00:00, run_after=2026-05-10 18:00:00+00:00
[2026-05-10T17:52:31.152+0000] {processor.py:183} INFO - Processing /opt/airflow/dags/sneakerz_pipeline.py took 0.176 seconds
[2026-05-10T17:53:01.251+0000] {processor.py:161} INFO - Started process (PID=1747) to work on /opt/airflow/dags/sneakerz_pipeline.py
[2026-05-10T17:53:01.253+0000] {processor.py:830} INFO - Processing file /opt/airflow/dags/sneakerz_pipeline.py for tasks to queue
[2026-05-10T17:53:01.257+0000] {logging_mixin.py:188} INFO - [2026-05-10T17:53:01.257+0000] {dagbag.py:540} INFO - Filling up the DagBag from /opt/airflow/dags/sneakerz_pipeline.py
[2026-05-10T17:53:01.290+0000] {processor.py:840} INFO - DAG(s) 'sneakerz_pipeline' retrieved from /opt/airflow/dags/sneakerz_pipeline.py
[2026-05-10T17:53:01.336+0000] {logging_mixin.py:188} INFO - [2026-05-10T17:53:01.336+0000] {dag.py:3096} INFO - Sync 1 DAGs
[2026-05-10T17:53:01.370+0000] {logging_mixin.py:188} INFO - [2026-05-10T17:53:01.370+0000] {dag.py:3954} INFO - Setting next_dagrun for sneakerz_pipeline to 2026-05-10 17:00:00+00:00, run_after=2026-05-10 18:00:00+00:00
[2026-05-10T17:53:01.402+0000] {processor.py:183} INFO - Processing /opt/airflow/dags/sneakerz_pipeline.py took 0.161 seconds
[2026-05-10T17:53:31.585+0000] {processor.py:161} INFO - Started process (PID=1752) to work on /opt/airflow/dags/sneakerz_pipeline.py
[2026-05-10T17:53:31.586+0000] {processor.py:830} INFO - Processing file /opt/airflow/dags/sneakerz_pipeline.py for tasks to queue
[2026-05-10T17:53:31.589+0000] {logging_mixin.py:188} INFO - [2026-05-10T17:53:31.588+0000] {dagbag.py:540} INFO - Filling up the DagBag from /opt/airflow/dags/sneakerz_pipeline.py
[2026-05-10T17:53:31.621+0000] {processor.py:840} INFO - DAG(s) 'sneakerz_pipeline' retrieved from /opt/airflow/dags/sneakerz_pipeline.py
[2026-05-10T17:53:31.663+0000] {logging_mixin.py:188} INFO - [2026-05-10T17:53:31.662+0000] {dag.py:3096} INFO - Sync 1 DAGs
[2026-05-10T17:53:31.698+0000] {logging_mixin.py:188} INFO - [2026-05-10T17:53:31.698+0000] {dag.py:3954} INFO - Setting next_dagrun for sneakerz_pipeline to 2026-05-10 17:00:00+00:00, run_after=2026-05-10 18:00:00+00:00
[2026-05-10T17:53:31.729+0000] {processor.py:183} INFO - Processing /opt/airflow/dags/sneakerz_pipeline.py took 0.154 seconds
[2026-05-10T17:54:01.842+0000] {processor.py:161} INFO - Started process (PID=1757) to work on /opt/airflow/dags/sneakerz_pipeline.py
[2026-05-10T17:54:01.844+0000] {processor.py:830} INFO - Processing file /opt/airflow/dags/sneakerz_pipeline.py for tasks to queue
[2026-05-10T17:54:01.847+0000] {logging_mixin.py:188} INFO - [2026-05-10T17:54:01.846+0000] {dagbag.py:540} INFO - Filling up the DagBag from /opt/airflow/dags/sneakerz_pipeline.py
[2026-05-10T17:54:01.876+0000] {processor.py:840} INFO - DAG(s) 'sneakerz_pipeline' retrieved from /opt/airflow/dags/sneakerz_pipeline.py
[2026-05-10T17:54:01.925+0000] {logging_mixin.py:188} INFO - [2026-05-10T17:54:01.925+0000] {dag.py:3096} INFO - Sync 1 DAGs
[2026-05-10T17:54:01.960+0000] {logging_mixin.py:188} INFO - [2026-05-10T17:54:01.960+0000] {dag.py:3954} INFO - Setting next_dagrun for sneakerz_pipeline to 2026-05-10 17:00:00+00:00, run_after=2026-05-10 18:00:00+00:00
[2026-05-10T17:54:01.988+0000] {processor.py:183} INFO - Processing /opt/airflow/dags/sneakerz_pipeline.py took 0.154 seconds
[2026-05-10T17:54:32.162+0000] {processor.py:161} INFO - Started process (PID=1762) to work on /opt/airflow/dags/sneakerz_pipeline.py
[2026-05-10T17:54:32.164+0000] {processor.py:830} INFO - Processing file /opt/airflow/dags/sneakerz_pipeline.py for tasks to queue
[2026-05-10T17:54:32.167+0000] {logging_mixin.py:188} INFO - [2026-05-10T17:54:32.167+0000] {dagbag.py:540} INFO - Filling up the DagBag from /opt/airflow/dags/sneakerz_pipeline.py
[2026-05-10T17:54:32.198+0000] {processor.py:840} INFO - DAG(s) 'sneakerz_pipeline' retrieved from /opt/airflow/dags/sneakerz_pipeline.py
[2026-05-10T17:54:32.244+0000] {logging_mixin.py:188} INFO - [2026-05-10T17:54:32.244+0000] {dag.py:3096} INFO - Sync 1 DAGs
[2026-05-10T17:54:32.276+0000] {logging_mixin.py:188} INFO - [2026-05-10T17:54:32.276+0000] {dag.py:3954} INFO - Setting next_dagrun for sneakerz_pipeline to 2026-05-10 17:00:00+00:00, run_after=2026-05-10 18:00:00+00:00
[2026-05-10T17:54:32.305+0000] {processor.py:183} INFO - Processing /opt/airflow/dags/sneakerz_pipeline.py took 0.152 seconds
[2026-05-10T17:55:02.428+0000] {processor.py:161} INFO - Started process (PID=1767) to work on /opt/airflow/dags/sneakerz_pipeline.py
[2026-05-10T17:55:02.430+0000] {processor.py:830} INFO - Processing file /opt/airflow/dags/sneakerz_pipeline.py for tasks to queue
[2026-05-10T17:55:02.432+0000] {logging_mixin.py:188} INFO - [2026-05-10T17:55:02.432+0000] {dagbag.py:540} INFO - Filling up the DagBag from /opt/airflow/dags/sneakerz_pipeline.py
[2026-05-10T17:55:02.463+0000] {processor.py:840} INFO - DAG(s) 'sneakerz_pipeline' retrieved from /opt/airflow/dags/sneakerz_pipeline.py
[2026-05-10T17:55:02.502+0000] {logging_mixin.py:188} INFO - [2026-05-10T17:55:02.502+0000] {dag.py:3096} INFO - Sync 1 DAGs
[2026-05-10T17:55:02.533+0000] {logging_mixin.py:188} INFO - [2026-05-10T17:55:02.533+0000] {dag.py:3954} INFO - Setting next_dagrun for sneakerz_pipeline to 2026-05-10 17:00:00+00:00, run_after=2026-05-10 18:00:00+00:00
[2026-05-10T17:55:02.561+0000] {processor.py:183} INFO - Processing /opt/airflow/dags/sneakerz_pipeline.py took 0.142 seconds
[2026-05-10T17:55:32.743+0000] {processor.py:161} INFO - Started process (PID=1772) to work on /opt/airflow/dags/sneakerz_pipeline.py
[2026-05-10T17:55:32.744+0000] {processor.py:830} INFO - Processing file /opt/airflow/dags/sneakerz_pipeline.py for tasks to queue
[2026-05-10T17:55:32.748+0000] {logging_mixin.py:188} INFO - [2026-05-10T17:55:32.747+0000] {dagbag.py:540} INFO - Filling up the DagBag from /opt/airflow/dags/sneakerz_pipeline.py
[2026-05-10T17:55:32.780+0000] {processor.py:840} INFO - DAG(s) 'sneakerz_pipeline' retrieved from /opt/airflow/dags/sneakerz_pipeline.py
[2026-05-10T17:55:32.824+0000] {logging_mixin.py:188} INFO - [2026-05-10T17:55:32.824+0000] {dag.py:3096} INFO - Sync 1 DAGs
[2026-05-10T17:55:32.857+0000] {logging_mixin.py:188} INFO - [2026-05-10T17:55:32.857+0000] {dag.py:3954} INFO - Setting next_dagrun for sneakerz_pipeline to 2026-05-10 17:00:00+00:00, run_after=2026-05-10 18:00:00+00:00
[2026-05-10T17:55:32.887+0000] {processor.py:183} INFO - Processing /opt/airflow/dags/sneakerz_pipeline.py took 0.152 seconds
[2026-05-10T17:56:03.003+0000] {processor.py:161} INFO - Started process (PID=1777) to work on /opt/airflow/dags/sneakerz_pipeline.py
[2026-05-10T17:56:03.004+0000] {processor.py:830} INFO - Processing file /opt/airflow/dags/sneakerz_pipeline.py for tasks to queue
[2026-05-10T17:56:03.007+0000] {logging_mixin.py:188} INFO - [2026-05-10T17:56:03.006+0000] {dagbag.py:540} INFO - Filling up the DagBag from /opt/airflow/dags/sneakerz_pipeline.py
[2026-05-10T17:56:03.039+0000] {processor.py:840} INFO - DAG(s) 'sneakerz_pipeline' retrieved from /opt/airflow/dags/sneakerz_pipeline.py
[2026-05-10T17:56:03.083+0000] {logging_mixin.py:188} INFO - [2026-05-10T17:56:03.082+0000] {dag.py:3096} INFO - Sync 1 DAGs
[2026-05-10T17:56:03.117+0000] {logging_mixin.py:188} INFO - [2026-05-10T17:56:03.116+0000] {dag.py:3954} INFO - Setting next_dagrun for sneakerz_pipeline to 2026-05-10 17:00:00+00:00, run_after=2026-05-10 18:00:00+00:00
[2026-05-10T17:56:03.145+0000] {processor.py:183} INFO - Processing /opt/airflow/dags/sneakerz_pipeline.py took 0.151 seconds
[2026-05-10T17:56:33.360+0000] {processor.py:161} INFO - Started process (PID=1782) to work on /opt/airflow/dags/sneakerz_pipeline.py
[2026-05-10T17:56:33.362+0000] {processor.py:830} INFO - Processing file /opt/airflow/dags/sneakerz_pipeline.py for tasks to queue
[2026-05-10T17:56:33.365+0000] {logging_mixin.py:188} INFO - [2026-05-10T17:56:33.364+0000] {dagbag.py:540} INFO - Filling up the DagBag from /opt/airflow/dags/sneakerz_pipeline.py
[2026-05-10T17:56:33.395+0000] {processor.py:840} INFO - DAG(s) 'sneakerz_pipeline' retrieved from /opt/airflow/dags/sneakerz_pipeline.py
[2026-05-10T17:56:33.437+0000] {logging_mixin.py:188} INFO - [2026-05-10T17:56:33.437+0000] {dag.py:3096} INFO - Sync 1 DAGs
[2026-05-10T17:56:33.471+0000] {logging_mixin.py:188} INFO - [2026-05-10T17:56:33.471+0000] {dag.py:3954} INFO - Setting next_dagrun for sneakerz_pipeline to 2026-05-10 17:00:00+00:00, run_after=2026-05-10 18:00:00+00:00
[2026-05-10T17:56:33.499+0000] {processor.py:183} INFO - Processing /opt/airflow/dags/sneakerz_pipeline.py took 0.146 seconds
[2026-05-10T17:57:03.586+0000] {processor.py:161} INFO - Started process (PID=1787) to work on /opt/airflow/dags/sneakerz_pipeline.py
[2026-05-10T17:57:03.588+0000] {processor.py:830} INFO - Processing file /opt/airflow/dags/sneakerz_pipeline.py for tasks to queue
[2026-05-10T17:57:03.590+0000] {logging_mixin.py:188} INFO - [2026-05-10T17:57:03.590+0000] {dagbag.py:540} INFO - Filling up the DagBag from /opt/airflow/dags/sneakerz_pipeline.py
[2026-05-10T17:57:03.622+0000] {processor.py:840} INFO - DAG(s) 'sneakerz_pipeline' retrieved from /opt/airflow/dags/sneakerz_pipeline.py
[2026-05-10T17:57:03.664+0000] {logging_mixin.py:188} INFO - [2026-05-10T17:57:03.664+0000] {dag.py:3096} INFO - Sync 1 DAGs
[2026-05-10T17:57:03.697+0000] {logging_mixin.py:188} INFO - [2026-05-10T17:57:03.696+0000] {dag.py:3954} INFO - Setting next_dagrun for sneakerz_pipeline to 2026-05-10 17:00:00+00:00, run_after=2026-05-10 18:00:00+00:00
[2026-05-10T17:57:03.725+0000] {processor.py:183} INFO - Processing /opt/airflow/dags/sneakerz_pipeline.py took 0.150 seconds
[2026-05-10T17:57:33.937+0000] {processor.py:161} INFO - Started process (PID=1792) to work on /opt/airflow/dags/sneakerz_pipeline.py
[2026-05-10T17:57:33.939+0000] {processor.py:830} INFO - Processing file /opt/airflow/dags/sneakerz_pipeline.py for tasks to queue
[2026-05-10T17:57:33.941+0000] {logging_mixin.py:188} INFO - [2026-05-10T17:57:33.941+0000] {dagbag.py:540} INFO - Filling up the DagBag from /opt/airflow/dags/sneakerz_pipeline.py
[2026-05-10T17:57:33.973+0000] {processor.py:840} INFO - DAG(s) 'sneakerz_pipeline' retrieved from /opt/airflow/dags/sneakerz_pipeline.py
[2026-05-10T17:57:34.016+0000] {logging_mixin.py:188} INFO - [2026-05-10T17:57:34.015+0000] {dag.py:3096} INFO - Sync 1 DAGs
[2026-05-10T17:57:34.046+0000] {logging_mixin.py:188} INFO - [2026-05-10T17:57:34.045+0000] {dag.py:3954} INFO - Setting next_dagrun for sneakerz_pipeline to 2026-05-10 17:00:00+00:00, run_after=2026-05-10 18:00:00+00:00
[2026-05-10T17:57:34.074+0000] {processor.py:183} INFO - Processing /opt/airflow/dags/sneakerz_pipeline.py took 0.145 seconds
[2026-05-10T17:58:04.161+0000] {processor.py:161} INFO - Started process (PID=1797) to work on /opt/airflow/dags/sneakerz_pipeline.py
[2026-05-10T17:58:04.162+0000] {processor.py:830} INFO - Processing file /opt/airflow/dags/sneakerz_pipeline.py for tasks to queue
[2026-05-10T17:58:04.166+0000] {logging_mixin.py:188} INFO - [2026-05-10T17:58:04.165+0000] {dagbag.py:540} INFO - Filling up the DagBag from /opt/airflow/dags/sneakerz_pipeline.py
[2026-05-10T17:58:04.197+0000] {processor.py:840} INFO - DAG(s) 'sneakerz_pipeline' retrieved from /opt/airflow/dags/sneakerz_pipeline.py
[2026-05-10T17:58:04.240+0000] {logging_mixin.py:188} INFO - [2026-05-10T17:58:04.240+0000] {dag.py:3096} INFO - Sync 1 DAGs
[2026-05-10T17:58:04.274+0000] {logging_mixin.py:188} INFO - [2026-05-10T17:58:04.274+0000] {dag.py:3954} INFO - Setting next_dagrun for sneakerz_pipeline to 2026-05-10 17:00:00+00:00, run_after=2026-05-10 18:00:00+00:00
[2026-05-10T17:58:04.314+0000] {processor.py:183} INFO - Processing /opt/airflow/dags/sneakerz_pipeline.py took 0.161 seconds
[2026-05-10T17:58:34.518+0000] {processor.py:161} INFO - Started process (PID=1802) to work on /opt/airflow/dags/sneakerz_pipeline.py
[2026-05-10T17:58:34.520+0000] {processor.py:830} INFO - Processing file /opt/airflow/dags/sneakerz_pipeline.py for tasks to queue
[2026-05-10T17:58:34.523+0000] {logging_mixin.py:188} INFO - [2026-05-10T17:58:34.522+0000] {dagbag.py:540} INFO - Filling up the DagBag from /opt/airflow/dags/sneakerz_pipeline.py
[2026-05-10T17:58:34.554+0000] {processor.py:840} INFO - DAG(s) 'sneakerz_pipeline' retrieved from /opt/airflow/dags/sneakerz_pipeline.py
[2026-05-10T17:58:34.596+0000] {logging_mixin.py:188} INFO - [2026-05-10T17:58:34.596+0000] {dag.py:3096} INFO - Sync 1 DAGs
[2026-05-10T17:58:34.632+0000] {logging_mixin.py:188} INFO - [2026-05-10T17:58:34.631+0000] {dag.py:3954} INFO - Setting next_dagrun for sneakerz_pipeline to 2026-05-10 17:00:00+00:00, run_after=2026-05-10 18:00:00+00:00
[2026-05-10T17:58:34.663+0000] {processor.py:183} INFO - Processing /opt/airflow/dags/sneakerz_pipeline.py took 0.155 seconds
[2026-05-10T17:59:04.746+0000] {processor.py:161} INFO - Started process (PID=1807) to work on /opt/airflow/dags/sneakerz_pipeline.py
[2026-05-10T17:59:04.748+0000] {processor.py:830} INFO - Processing file /opt/airflow/dags/sneakerz_pipeline.py for tasks to queue
[2026-05-10T17:59:04.752+0000] {logging_mixin.py:188} INFO - [2026-05-10T17:59:04.751+0000] {dagbag.py:540} INFO - Filling up the DagBag from /opt/airflow/dags/sneakerz_pipeline.py
[2026-05-10T17:59:04.785+0000] {processor.py:840} INFO - DAG(s) 'sneakerz_pipeline' retrieved from /opt/airflow/dags/sneakerz_pipeline.py
[2026-05-10T17:59:04.833+0000] {logging_mixin.py:188} INFO - [2026-05-10T17:59:04.833+0000] {dag.py:3096} INFO - Sync 1 DAGs
[2026-05-10T17:59:04.870+0000] {logging_mixin.py:188} INFO - [2026-05-10T17:59:04.869+0000] {dag.py:3954} INFO - Setting next_dagrun for sneakerz_pipeline to 2026-05-10 17:00:00+00:00, run_after=2026-05-10 18:00:00+00:00
[2026-05-10T17:59:04.900+0000] {processor.py:183} INFO - Processing /opt/airflow/dags/sneakerz_pipeline.py took 0.163 seconds
[2026-05-10T17:59:35.111+0000] {processor.py:161} INFO - Started process (PID=1812) to work on /opt/airflow/dags/sneakerz_pipeline.py
[2026-05-10T17:59:35.113+0000] {processor.py:830} INFO - Processing file /opt/airflow/dags/sneakerz_pipeline.py for tasks to queue
[2026-05-10T17:59:35.118+0000] {logging_mixin.py:188} INFO - [2026-05-10T17:59:35.117+0000] {dagbag.py:540} INFO - Filling up the DagBag from /opt/airflow/dags/sneakerz_pipeline.py
[2026-05-10T17:59:35.150+0000] {processor.py:840} INFO - DAG(s) 'sneakerz_pipeline' retrieved from /opt/airflow/dags/sneakerz_pipeline.py
[2026-05-10T17:59:35.197+0000] {logging_mixin.py:188} INFO - [2026-05-10T17:59:35.196+0000] {dag.py:3096} INFO - Sync 1 DAGs
[2026-05-10T17:59:35.231+0000] {logging_mixin.py:188} INFO - [2026-05-10T17:59:35.231+0000] {dag.py:3954} INFO - Setting next_dagrun for sneakerz_pipeline to 2026-05-10 17:00:00+00:00, run_after=2026-05-10 18:00:00+00:00
[2026-05-10T17:59:35.263+0000] {processor.py:183} INFO - Processing /opt/airflow/dags/sneakerz_pipeline.py took 0.164 seconds
[2026-05-10T18:00:05.506+0000] {processor.py:161} INFO - Started process (PID=1825) to work on /opt/airflow/dags/sneakerz_pipeline.py
[2026-05-10T18:00:05.508+0000] {processor.py:830} INFO - Processing file /opt/airflow/dags/sneakerz_pipeline.py for tasks to queue
[2026-05-10T18:00:05.511+0000] {logging_mixin.py:188} INFO - [2026-05-10T18:00:05.510+0000] {dagbag.py:540} INFO - Filling up the DagBag from /opt/airflow/dags/sneakerz_pipeline.py
[2026-05-10T18:00:05.543+0000] {processor.py:840} INFO - DAG(s) 'sneakerz_pipeline' retrieved from /opt/airflow/dags/sneakerz_pipeline.py
[2026-05-10T18:00:05.589+0000] {logging_mixin.py:188} INFO - [2026-05-10T18:00:05.588+0000] {dag.py:3096} INFO - Sync 1 DAGs
[2026-05-10T18:00:05.625+0000] {logging_mixin.py:188} INFO - [2026-05-10T18:00:05.624+0000] {dag.py:3954} INFO - Setting next_dagrun for sneakerz_pipeline to 2026-05-10 18:00:00+00:00, run_after=2026-05-10 19:00:00+00:00
[2026-05-10T18:00:05.656+0000] {processor.py:183} INFO - Processing /opt/airflow/dags/sneakerz_pipeline.py took 0.159 seconds
[2026-05-10T18:00:35.733+0000] {processor.py:161} INFO - Started process (PID=1830) to work on /opt/airflow/dags/sneakerz_pipeline.py
[2026-05-10T18:00:35.735+0000] {processor.py:830} INFO - Processing file /opt/airflow/dags/sneakerz_pipeline.py for tasks to queue
[2026-05-10T18:00:35.738+0000] {logging_mixin.py:188} INFO - [2026-05-10T18:00:35.737+0000] {dagbag.py:540} INFO - Filling up the DagBag from /opt/airflow/dags/sneakerz_pipeline.py
[2026-05-10T18:00:35.769+0000] {processor.py:840} INFO - DAG(s) 'sneakerz_pipeline' retrieved from /opt/airflow/dags/sneakerz_pipeline.py
[2026-05-10T18:00:35.816+0000] {logging_mixin.py:188} INFO - [2026-05-10T18:00:35.816+0000] {dag.py:3096} INFO - Sync 1 DAGs
[2026-05-10T18:00:35.851+0000] {logging_mixin.py:188} INFO - [2026-05-10T18:00:35.850+0000] {dag.py:3954} INFO - Setting next_dagrun for sneakerz_pipeline to 2026-05-10 18:00:00+00:00, run_after=2026-05-10 19:00:00+00:00
[2026-05-10T18:00:35.879+0000] {processor.py:183} INFO - Processing /opt/airflow/dags/sneakerz_pipeline.py took 0.157 seconds
[2026-05-10T18:01:06.097+0000] {processor.py:161} INFO - Started process (PID=1835) to work on /opt/airflow/dags/sneakerz_pipeline.py
[2026-05-10T18:01:06.098+0000] {processor.py:830} INFO - Processing file /opt/airflow/dags/sneakerz_pipeline.py for tasks to queue
[2026-05-10T18:01:06.101+0000] {logging_mixin.py:188} INFO - [2026-05-10T18:01:06.100+0000] {dagbag.py:540} INFO - Filling up the DagBag from /opt/airflow/dags/sneakerz_pipeline.py
[2026-05-10T18:01:06.133+0000] {processor.py:840} INFO - DAG(s) 'sneakerz_pipeline' retrieved from /opt/airflow/dags/sneakerz_pipeline.py
[2026-05-10T18:01:06.176+0000] {logging_mixin.py:188} INFO - [2026-05-10T18:01:06.176+0000] {dag.py:3096} INFO - Sync 1 DAGs
[2026-05-10T18:01:06.208+0000] {logging_mixin.py:188} INFO - [2026-05-10T18:01:06.208+0000] {dag.py:3954} INFO - Setting next_dagrun for sneakerz_pipeline to 2026-05-10 18:00:00+00:00, run_after=2026-05-10 19:00:00+00:00
[2026-05-10T18:01:06.243+0000] {processor.py:183} INFO - Processing /opt/airflow/dags/sneakerz_pipeline.py took 0.154 seconds
[2026-05-10T18:01:36.321+0000] {processor.py:161} INFO - Started process (PID=1840) to work on /opt/airflow/dags/sneakerz_pipeline.py
[2026-05-10T18:01:36.323+0000] {processor.py:830} INFO - Processing file /opt/airflow/dags/sneakerz_pipeline.py for tasks to queue
[2026-05-10T18:01:36.325+0000] {logging_mixin.py:188} INFO - [2026-05-10T18:01:36.325+0000] {dagbag.py:540} INFO - Filling up the DagBag from /opt/airflow/dags/sneakerz_pipeline.py
[2026-05-10T18:01:36.356+0000] {processor.py:840} INFO - DAG(s) 'sneakerz_pipeline' retrieved from /opt/airflow/dags/sneakerz_pipeline.py
[2026-05-10T18:01:36.400+0000] {logging_mixin.py:188} INFO - [2026-05-10T18:01:36.399+0000] {dag.py:3096} INFO - Sync 1 DAGs
[2026-05-10T18:01:36.437+0000] {logging_mixin.py:188} INFO - [2026-05-10T18:01:36.437+0000] {dag.py:3954} INFO - Setting next_dagrun for sneakerz_pipeline to 2026-05-10 18:00:00+00:00, run_after=2026-05-10 19:00:00+00:00
[2026-05-10T18:01:36.474+0000] {processor.py:183} INFO - Processing /opt/airflow/dags/sneakerz_pipeline.py took 0.164 seconds
[2026-05-10T18:02:06.732+0000] {processor.py:161} INFO - Started process (PID=1845) to work on /opt/airflow/dags/sneakerz_pipeline.py
[2026-05-10T18:02:06.734+0000] {processor.py:830} INFO - Processing file /opt/airflow/dags/sneakerz_pipeline.py for tasks to queue
[2026-05-10T18:02:06.737+0000] {logging_mixin.py:188} INFO - [2026-05-10T18:02:06.736+0000] {dagbag.py:540} INFO - Filling up the DagBag from /opt/airflow/dags/sneakerz_pipeline.py
[2026-05-10T18:02:06.767+0000] {processor.py:840} INFO - DAG(s) 'sneakerz_pipeline' retrieved from /opt/airflow/dags/sneakerz_pipeline.py
[2026-05-10T18:02:06.810+0000] {logging_mixin.py:188} INFO - [2026-05-10T18:02:06.810+0000] {dag.py:3096} INFO - Sync 1 DAGs
[2026-05-10T18:02:06.844+0000] {logging_mixin.py:188} INFO - [2026-05-10T18:02:06.844+0000] {dag.py:3954} INFO - Setting next_dagrun for sneakerz_pipeline to 2026-05-10 18:00:00+00:00, run_after=2026-05-10 19:00:00+00:00
[2026-05-10T18:02:06.875+0000] {processor.py:183} INFO - Processing /opt/airflow/dags/sneakerz_pipeline.py took 0.151 seconds
[2026-05-10T18:02:36.957+0000] {processor.py:161} INFO - Started process (PID=1850) to work on /opt/airflow/dags/sneakerz_pipeline.py
[2026-05-10T18:02:36.959+0000] {processor.py:830} INFO - Processing file /opt/airflow/dags/sneakerz_pipeline.py for tasks to queue
[2026-05-10T18:02:36.963+0000] {logging_mixin.py:188} INFO - [2026-05-10T18:02:36.962+0000] {dagbag.py:540} INFO - Filling up the DagBag from /opt/airflow/dags/sneakerz_pipeline.py
[2026-05-10T18:02:36.999+0000] {processor.py:840} INFO - DAG(s) 'sneakerz_pipeline' retrieved from /opt/airflow/dags/sneakerz_pipeline.py
[2026-05-10T18:02:37.045+0000] {logging_mixin.py:188} INFO - [2026-05-10T18:02:37.045+0000] {dag.py:3096} INFO - Sync 1 DAGs
[2026-05-10T18:02:37.084+0000] {logging_mixin.py:188} INFO - [2026-05-10T18:02:37.084+0000] {dag.py:3954} INFO - Setting next_dagrun for sneakerz_pipeline to 2026-05-10 18:00:00+00:00, run_after=2026-05-10 19:00:00+00:00
[2026-05-10T18:02:37.110+0000] {processor.py:183} INFO - Processing /opt/airflow/dags/sneakerz_pipeline.py took 0.164 seconds
[2026-05-10T18:03:07.318+0000] {processor.py:161} INFO - Started process (PID=1855) to work on /opt/airflow/dags/sneakerz_pipeline.py
[2026-05-10T18:03:07.319+0000] {processor.py:830} INFO - Processing file /opt/airflow/dags/sneakerz_pipeline.py for tasks to queue
[2026-05-10T18:03:07.322+0000] {logging_mixin.py:188} INFO - [2026-05-10T18:03:07.321+0000] {dagbag.py:540} INFO - Filling up the DagBag from /opt/airflow/dags/sneakerz_pipeline.py
[2026-05-10T18:03:07.352+0000] {processor.py:840} INFO - DAG(s) 'sneakerz_pipeline' retrieved from /opt/airflow/dags/sneakerz_pipeline.py
[2026-05-10T18:03:07.401+0000] {logging_mixin.py:188} INFO - [2026-05-10T18:03:07.401+0000] {dag.py:3096} INFO - Sync 1 DAGs
[2026-05-10T18:03:07.434+0000] {logging_mixin.py:188} INFO - [2026-05-10T18:03:07.434+0000] {dag.py:3954} INFO - Setting next_dagrun for sneakerz_pipeline to 2026-05-10 18:00:00+00:00, run_after=2026-05-10 19:00:00+00:00
[2026-05-10T18:03:07.466+0000] {processor.py:183} INFO - Processing /opt/airflow/dags/sneakerz_pipeline.py took 0.159 seconds
[2026-05-10T18:03:37.705+0000] {processor.py:161} INFO - Started process (PID=1860) to work on /opt/airflow/dags/sneakerz_pipeline.py
[2026-05-10T18:03:37.706+0000] {processor.py:830} INFO - Processing file /opt/airflow/dags/sneakerz_pipeline.py for tasks to queue
[2026-05-10T18:03:37.709+0000] {logging_mixin.py:188} INFO - [2026-05-10T18:03:37.708+0000] {dagbag.py:540} INFO - Filling up the DagBag from /opt/airflow/dags/sneakerz_pipeline.py
[2026-05-10T18:03:37.748+0000] {processor.py:840} INFO - DAG(s) 'sneakerz_pipeline' retrieved from /opt/airflow/dags/sneakerz_pipeline.py
[2026-05-10T18:03:37.790+0000] {logging_mixin.py:188} INFO - [2026-05-10T18:03:37.790+0000] {dag.py:3096} INFO - Sync 1 DAGs
[2026-05-10T18:03:37.823+0000] {logging_mixin.py:188} INFO - [2026-05-10T18:03:37.822+0000] {dag.py:3954} INFO - Setting next_dagrun for sneakerz_pipeline to 2026-05-10 18:00:00+00:00, run_after=2026-05-10 19:00:00+00:00
[2026-05-10T18:03:37.853+0000] {processor.py:183} INFO - Processing /opt/airflow/dags/sneakerz_pipeline.py took 0.157 seconds
[2026-05-10T18:04:08.094+0000] {processor.py:161} INFO - Started process (PID=1865) to work on /opt/airflow/dags/sneakerz_pipeline.py
[2026-05-10T18:04:08.095+0000] {processor.py:830} INFO - Processing file /opt/airflow/dags/sneakerz_pipeline.py for tasks to queue
[2026-05-10T18:04:08.098+0000] {logging_mixin.py:188} INFO - [2026-05-10T18:04:08.098+0000] {dagbag.py:540} INFO - Filling up the DagBag from /opt/airflow/dags/sneakerz_pipeline.py
[2026-05-10T18:04:08.133+0000] {processor.py:840} INFO - DAG(s) 'sneakerz_pipeline' retrieved from /opt/airflow/dags/sneakerz_pipeline.py
[2026-05-10T18:04:08.176+0000] {logging_mixin.py:188} INFO - [2026-05-10T18:04:08.175+0000] {dag.py:3096} INFO - Sync 1 DAGs
[2026-05-10T18:04:08.206+0000] {logging_mixin.py:188} INFO - [2026-05-10T18:04:08.206+0000] {dag.py:3954} INFO - Setting next_dagrun for sneakerz_pipeline to 2026-05-10 18:00:00+00:00, run_after=2026-05-10 19:00:00+00:00
[2026-05-10T18:04:08.237+0000] {processor.py:183} INFO - Processing /opt/airflow/dags/sneakerz_pipeline.py took 0.154 seconds
[2026-05-10T18:04:38.492+0000] {processor.py:161} INFO - Started process (PID=1870) to work on /opt/airflow/dags/sneakerz_pipeline.py
[2026-05-10T18:04:38.495+0000] {processor.py:830} INFO - Processing file /opt/airflow/dags/sneakerz_pipeline.py for tasks to queue
[2026-05-10T18:04:38.500+0000] {logging_mixin.py:188} INFO - [2026-05-10T18:04:38.499+0000] {dagbag.py:540} INFO - Filling up the DagBag from /opt/airflow/dags/sneakerz_pipeline.py
[2026-05-10T18:04:38.538+0000] {processor.py:840} INFO - DAG(s) 'sneakerz_pipeline' retrieved from /opt/airflow/dags/sneakerz_pipeline.py
[2026-05-10T18:04:38.586+0000] {logging_mixin.py:188} INFO - [2026-05-10T18:04:38.585+0000] {dag.py:3096} INFO - Sync 1 DAGs
[2026-05-10T18:04:38.620+0000] {logging_mixin.py:188} INFO - [2026-05-10T18:04:38.620+0000] {dag.py:3954} INFO - Setting next_dagrun for sneakerz_pipeline to 2026-05-10 18:00:00+00:00, run_after=2026-05-10 19:00:00+00:00
[2026-05-10T18:04:38.649+0000] {processor.py:183} INFO - Processing /opt/airflow/dags/sneakerz_pipeline.py took 0.172 seconds
[2026-05-10T18:05:08.888+0000] {processor.py:161} INFO - Started process (PID=1883) to work on /opt/airflow/dags/sneakerz_pipeline.py
[2026-05-10T18:05:08.890+0000] {processor.py:830} INFO - Processing file /opt/airflow/dags/sneakerz_pipeline.py for tasks to queue
[2026-05-10T18:05:08.893+0000] {logging_mixin.py:188} INFO - [2026-05-10T18:05:08.893+0000] {dagbag.py:540} INFO - Filling up the DagBag from /opt/airflow/dags/sneakerz_pipeline.py
[2026-05-10T18:05:08.924+0000] {processor.py:840} INFO - DAG(s) 'sneakerz_pipeline' retrieved from /opt/airflow/dags/sneakerz_pipeline.py
[2026-05-10T18:05:08.967+0000] {logging_mixin.py:188} INFO - [2026-05-10T18:05:08.967+0000] {dag.py:3096} INFO - Sync 1 DAGs
[2026-05-10T18:05:08.998+0000] {logging_mixin.py:188} INFO - [2026-05-10T18:05:08.998+0000] {dag.py:3954} INFO - Setting next_dagrun for sneakerz_pipeline to 2026-05-10 18:00:00+00:00, run_after=2026-05-10 19:00:00+00:00
[2026-05-10T18:05:09.028+0000] {processor.py:183} INFO - Processing /opt/airflow/dags/sneakerz_pipeline.py took 0.148 seconds
[2026-05-10T18:05:39.267+0000] {processor.py:161} INFO - Started process (PID=1888) to work on /opt/airflow/dags/sneakerz_pipeline.py
[2026-05-10T18:05:39.269+0000] {processor.py:830} INFO - Processing file /opt/airflow/dags/sneakerz_pipeline.py for tasks to queue
[2026-05-10T18:05:39.272+0000] {logging_mixin.py:188} INFO - [2026-05-10T18:05:39.272+0000] {dagbag.py:540} INFO - Filling up the DagBag from /opt/airflow/dags/sneakerz_pipeline.py
[2026-05-10T18:05:39.307+0000] {processor.py:840} INFO - DAG(s) 'sneakerz_pipeline' retrieved from /opt/airflow/dags/sneakerz_pipeline.py
[2026-05-10T18:05:39.351+0000] {logging_mixin.py:188} INFO - [2026-05-10T18:05:39.351+0000] {dag.py:3096} INFO - Sync 1 DAGs
[2026-05-10T18:05:39.382+0000] {logging_mixin.py:188} INFO - [2026-05-10T18:05:39.382+0000] {dag.py:3954} INFO - Setting next_dagrun for sneakerz_pipeline to 2026-05-10 18:00:00+00:00, run_after=2026-05-10 19:00:00+00:00
[2026-05-10T18:05:39.414+0000] {processor.py:183} INFO - Processing /opt/airflow/dags/sneakerz_pipeline.py took 0.155 seconds
[2026-05-10T18:06:09.657+0000] {processor.py:161} INFO - Started process (PID=1893) to work on /opt/airflow/dags/sneakerz_pipeline.py
[2026-05-10T18:06:09.659+0000] {processor.py:830} INFO - Processing file /opt/airflow/dags/sneakerz_pipeline.py for tasks to queue
[2026-05-10T18:06:09.661+0000] {logging_mixin.py:188} INFO - [2026-05-10T18:06:09.661+0000] {dagbag.py:540} INFO - Filling up the DagBag from /opt/airflow/dags/sneakerz_pipeline.py
[2026-05-10T18:06:09.689+0000] {processor.py:840} INFO - DAG(s) 'sneakerz_pipeline' retrieved from /opt/airflow/dags/sneakerz_pipeline.py
[2026-05-10T18:06:09.731+0000] {logging_mixin.py:188} INFO - [2026-05-10T18:06:09.730+0000] {dag.py:3096} INFO - Sync 1 DAGs
[2026-05-10T18:06:09.761+0000] {logging_mixin.py:188} INFO - [2026-05-10T18:06:09.761+0000] {dag.py:3954} INFO - Setting next_dagrun for sneakerz_pipeline to 2026-05-10 18:00:00+00:00, run_after=2026-05-10 19:00:00+00:00
[2026-05-10T18:06:09.791+0000] {processor.py:183} INFO - Processing /opt/airflow/dags/sneakerz_pipeline.py took 0.142 seconds
[2026-05-10T18:06:39.919+0000] {processor.py:161} INFO - Started process (PID=1898) to work on /opt/airflow/dags/sneakerz_pipeline.py
[2026-05-10T18:06:39.920+0000] {processor.py:830} INFO - Processing file /opt/airflow/dags/sneakerz_pipeline.py for tasks to queue
[2026-05-10T18:06:39.923+0000] {logging_mixin.py:188} INFO - [2026-05-10T18:06:39.923+0000] {dagbag.py:540} INFO - Filling up the DagBag from /opt/airflow/dags/sneakerz_pipeline.py
[2026-05-10T18:06:39.955+0000] {processor.py:840} INFO - DAG(s) 'sneakerz_pipeline' retrieved from /opt/airflow/dags/sneakerz_pipeline.py
[2026-05-10T18:06:40.000+0000] {logging_mixin.py:188} INFO - [2026-05-10T18:06:39.999+0000] {dag.py:3096} INFO - Sync 1 DAGs
[2026-05-10T18:06:40.030+0000] {logging_mixin.py:188} INFO - [2026-05-10T18:06:40.030+0000] {dag.py:3954} INFO - Setting next_dagrun for sneakerz_pipeline to 2026-05-10 18:00:00+00:00, run_after=2026-05-10 19:00:00+00:00
[2026-05-10T18:06:40.061+0000] {processor.py:183} INFO - Processing /opt/airflow/dags/sneakerz_pipeline.py took 0.151 seconds
[2026-05-10T18:07:10.234+0000] {processor.py:161} INFO - Started process (PID=1903) to work on /opt/airflow/dags/sneakerz_pipeline.py
[2026-05-10T18:07:10.235+0000] {processor.py:830} INFO - Processing file /opt/airflow/dags/sneakerz_pipeline.py for tasks to queue
[2026-05-10T18:07:10.238+0000] {logging_mixin.py:188} INFO - [2026-05-10T18:07:10.237+0000] {dagbag.py:540} INFO - Filling up the DagBag from /opt/airflow/dags/sneakerz_pipeline.py
[2026-05-10T18:07:10.270+0000] {processor.py:840} INFO - DAG(s) 'sneakerz_pipeline' retrieved from /opt/airflow/dags/sneakerz_pipeline.py
[2026-05-10T18:07:10.318+0000] {logging_mixin.py:188} INFO - [2026-05-10T18:07:10.318+0000] {dag.py:3096} INFO - Sync 1 DAGs
[2026-05-10T18:07:10.356+0000] {logging_mixin.py:188} INFO - [2026-05-10T18:07:10.356+0000] {dag.py:3954} INFO - Setting next_dagrun for sneakerz_pipeline to 2026-05-10 18:00:00+00:00, run_after=2026-05-10 19:00:00+00:00
[2026-05-10T18:07:10.388+0000] {processor.py:183} INFO - Processing /opt/airflow/dags/sneakerz_pipeline.py took 0.162 seconds
[2026-05-10T18:07:40.492+0000] {processor.py:161} INFO - Started process (PID=1908) to work on /opt/airflow/dags/sneakerz_pipeline.py
[2026-05-10T18:07:40.494+0000] {processor.py:830} INFO - Processing file /opt/airflow/dags/sneakerz_pipeline.py for tasks to queue
[2026-05-10T18:07:40.497+0000] {logging_mixin.py:188} INFO - [2026-05-10T18:07:40.496+0000] {dagbag.py:540} INFO - Filling up the DagBag from /opt/airflow/dags/sneakerz_pipeline.py
[2026-05-10T18:07:40.529+0000] {processor.py:840} INFO - DAG(s) 'sneakerz_pipeline' retrieved from /opt/airflow/dags/sneakerz_pipeline.py
[2026-05-10T18:07:40.571+0000] {logging_mixin.py:188} INFO - [2026-05-10T18:07:40.570+0000] {dag.py:3096} INFO - Sync 1 DAGs
[2026-05-10T18:07:40.603+0000] {logging_mixin.py:188} INFO - [2026-05-10T18:07:40.602+0000] {dag.py:3954} INFO - Setting next_dagrun for sneakerz_pipeline to 2026-05-10 18:00:00+00:00, run_after=2026-05-10 19:00:00+00:00
[2026-05-10T18:07:40.631+0000] {processor.py:183} INFO - Processing /opt/airflow/dags/sneakerz_pipeline.py took 0.147 seconds
[2026-05-10T18:08:10.828+0000] {processor.py:161} INFO - Started process (PID=1913) to work on /opt/airflow/dags/sneakerz_pipeline.py
[2026-05-10T18:08:10.829+0000] {processor.py:830} INFO - Processing file /opt/airflow/dags/sneakerz_pipeline.py for tasks to queue
[2026-05-10T18:08:10.832+0000] {logging_mixin.py:188} INFO - [2026-05-10T18:08:10.831+0000] {dagbag.py:540} INFO - Filling up the DagBag from /opt/airflow/dags/sneakerz_pipeline.py
[2026-05-10T18:08:10.863+0000] {processor.py:840} INFO - DAG(s) 'sneakerz_pipeline' retrieved from /opt/airflow/dags/sneakerz_pipeline.py
[2026-05-10T18:08:10.905+0000] {logging_mixin.py:188} INFO - [2026-05-10T18:08:10.905+0000] {dag.py:3096} INFO - Sync 1 DAGs
[2026-05-10T18:08:10.942+0000] {logging_mixin.py:188} INFO - [2026-05-10T18:08:10.942+0000] {dag.py:3954} INFO - Setting next_dagrun for sneakerz_pipeline to 2026-05-10 18:00:00+00:00, run_after=2026-05-10 19:00:00+00:00
[2026-05-10T18:08:10.977+0000] {processor.py:183} INFO - Processing /opt/airflow/dags/sneakerz_pipeline.py took 0.158 seconds
[2026-05-10T18:08:41.086+0000] {processor.py:161} INFO - Started process (PID=1918) to work on /opt/airflow/dags/sneakerz_pipeline.py
[2026-05-10T18:08:41.088+0000] {processor.py:830} INFO - Processing file /opt/airflow/dags/sneakerz_pipeline.py for tasks to queue
[2026-05-10T18:08:41.091+0000] {logging_mixin.py:188} INFO - [2026-05-10T18:08:41.090+0000] {dagbag.py:540} INFO - Filling up the DagBag from /opt/airflow/dags/sneakerz_pipeline.py
[2026-05-10T18:08:41.123+0000] {processor.py:840} INFO - DAG(s) 'sneakerz_pipeline' retrieved from /opt/airflow/dags/sneakerz_pipeline.py
[2026-05-10T18:08:41.170+0000] {logging_mixin.py:188} INFO - [2026-05-10T18:08:41.170+0000] {dag.py:3096} INFO - Sync 1 DAGs
[2026-05-10T18:08:41.203+0000] {logging_mixin.py:188} INFO - [2026-05-10T18:08:41.203+0000] {dag.py:3954} INFO - Setting next_dagrun for sneakerz_pipeline to 2026-05-10 18:00:00+00:00, run_after=2026-05-10 19:00:00+00:00
[2026-05-10T18:08:41.235+0000] {processor.py:183} INFO - Processing /opt/airflow/dags/sneakerz_pipeline.py took 0.159 seconds
[2026-05-10T18:09:11.408+0000] {processor.py:161} INFO - Started process (PID=1923) to work on /opt/airflow/dags/sneakerz_pipeline.py
[2026-05-10T18:09:11.409+0000] {processor.py:830} INFO - Processing file /opt/airflow/dags/sneakerz_pipeline.py for tasks to queue
[2026-05-10T18:09:11.412+0000] {logging_mixin.py:188} INFO - [2026-05-10T18:09:11.412+0000] {dagbag.py:540} INFO - Filling up the DagBag from /opt/airflow/dags/sneakerz_pipeline.py
[2026-05-10T18:09:11.447+0000] {processor.py:840} INFO - DAG(s) 'sneakerz_pipeline' retrieved from /opt/airflow/dags/sneakerz_pipeline.py
[2026-05-10T18:09:11.489+0000] {logging_mixin.py:188} INFO - [2026-05-10T18:09:11.489+0000] {dag.py:3096} INFO - Sync 1 DAGs
[2026-05-10T18:09:11.523+0000] {logging_mixin.py:188} INFO - [2026-05-10T18:09:11.523+0000] {dag.py:3954} INFO - Setting next_dagrun for sneakerz_pipeline to 2026-05-10 18:00:00+00:00, run_after=2026-05-10 19:00:00+00:00
[2026-05-10T18:09:11.553+0000] {processor.py:183} INFO - Processing /opt/airflow/dags/sneakerz_pipeline.py took 0.153 seconds
[2026-05-10T18:09:41.679+0000] {processor.py:161} INFO - Started process (PID=1928) to work on /opt/airflow/dags/sneakerz_pipeline.py
[2026-05-10T18:09:41.681+0000] {processor.py:830} INFO - Processing file /opt/airflow/dags/sneakerz_pipeline.py for tasks to queue
[2026-05-10T18:09:41.685+0000] {logging_mixin.py:188} INFO - [2026-05-10T18:09:41.684+0000] {dagbag.py:540} INFO - Filling up the DagBag from /opt/airflow/dags/sneakerz_pipeline.py
[2026-05-10T18:09:41.718+0000] {processor.py:840} INFO - DAG(s) 'sneakerz_pipeline' retrieved from /opt/airflow/dags/sneakerz_pipeline.py
[2026-05-10T18:09:41.763+0000] {logging_mixin.py:188} INFO - [2026-05-10T18:09:41.762+0000] {dag.py:3096} INFO - Sync 1 DAGs
[2026-05-10T18:09:41.796+0000] {logging_mixin.py:188} INFO - [2026-05-10T18:09:41.796+0000] {dag.py:3954} INFO - Setting next_dagrun for sneakerz_pipeline to 2026-05-10 18:00:00+00:00, run_after=2026-05-10 19:00:00+00:00
[2026-05-10T18:09:41.826+0000] {processor.py:183} INFO - Processing /opt/airflow/dags/sneakerz_pipeline.py took 0.157 seconds
[2026-05-10T18:10:11.993+0000] {processor.py:161} INFO - Started process (PID=1941) to work on /opt/airflow/dags/sneakerz_pipeline.py
[2026-05-10T18:10:11.994+0000] {processor.py:830} INFO - Processing file /opt/airflow/dags/sneakerz_pipeline.py for tasks to queue
[2026-05-10T18:10:11.997+0000] {logging_mixin.py:188} INFO - [2026-05-10T18:10:11.997+0000] {dagbag.py:540} INFO - Filling up the DagBag from /opt/airflow/dags/sneakerz_pipeline.py
[2026-05-10T18:10:12.034+0000] {processor.py:840} INFO - DAG(s) 'sneakerz_pipeline' retrieved from /opt/airflow/dags/sneakerz_pipeline.py
[2026-05-10T18:10:12.076+0000] {logging_mixin.py:188} INFO - [2026-05-10T18:10:12.076+0000] {dag.py:3096} INFO - Sync 1 DAGs
[2026-05-10T18:10:12.111+0000] {logging_mixin.py:188} INFO - [2026-05-10T18:10:12.111+0000] {dag.py:3954} INFO - Setting next_dagrun for sneakerz_pipeline to 2026-05-10 18:00:00+00:00, run_after=2026-05-10 19:00:00+00:00
[2026-05-10T18:10:12.142+0000] {processor.py:183} INFO - Processing /opt/airflow/dags/sneakerz_pipeline.py took 0.161 seconds
[2026-05-10T18:10:42.297+0000] {processor.py:161} INFO - Started process (PID=1946) to work on /opt/airflow/dags/sneakerz_pipeline.py
[2026-05-10T18:10:42.299+0000] {processor.py:830} INFO - Processing file /opt/airflow/dags/sneakerz_pipeline.py for tasks to queue
[2026-05-10T18:10:42.303+0000] {logging_mixin.py:188} INFO - [2026-05-10T18:10:42.302+0000] {dagbag.py:540} INFO - Filling up the DagBag from /opt/airflow/dags/sneakerz_pipeline.py
[2026-05-10T18:10:42.335+0000] {processor.py:840} INFO - DAG(s) 'sneakerz_pipeline' retrieved from /opt/airflow/dags/sneakerz_pipeline.py
[2026-05-10T18:10:42.375+0000] {logging_mixin.py:188} INFO - [2026-05-10T18:10:42.375+0000] {dag.py:3096} INFO - Sync 1 DAGs
[2026-05-10T18:10:42.407+0000] {logging_mixin.py:188} INFO - [2026-05-10T18:10:42.407+0000] {dag.py:3954} INFO - Setting next_dagrun for sneakerz_pipeline to 2026-05-10 18:00:00+00:00, run_after=2026-05-10 19:00:00+00:00
[2026-05-10T18:10:42.436+0000] {processor.py:183} INFO - Processing /opt/airflow/dags/sneakerz_pipeline.py took 0.151 seconds
[2026-05-10T18:11:12.588+0000] {processor.py:161} INFO - Started process (PID=1951) to work on /opt/airflow/dags/sneakerz_pipeline.py
[2026-05-10T18:11:12.589+0000] {processor.py:830} INFO - Processing file /opt/airflow/dags/sneakerz_pipeline.py for tasks to queue
[2026-05-10T18:11:12.592+0000] {logging_mixin.py:188} INFO - [2026-05-10T18:11:12.591+0000] {dagbag.py:540} INFO - Filling up the DagBag from /opt/airflow/dags/sneakerz_pipeline.py
[2026-05-10T18:11:12.626+0000] {processor.py:840} INFO - DAG(s) 'sneakerz_pipeline' retrieved from /opt/airflow/dags/sneakerz_pipeline.py
[2026-05-10T18:11:12.665+0000] {logging_mixin.py:188} INFO - [2026-05-10T18:11:12.665+0000] {dag.py:3096} INFO - Sync 1 DAGs
[2026-05-10T18:11:12.699+0000] {logging_mixin.py:188} INFO - [2026-05-10T18:11:12.698+0000] {dag.py:3954} INFO - Setting next_dagrun for sneakerz_pipeline to 2026-05-10 18:00:00+00:00, run_after=2026-05-10 19:00:00+00:00
[2026-05-10T18:11:12.729+0000] {processor.py:183} INFO - Processing /opt/airflow/dags/sneakerz_pipeline.py took 0.151 seconds
[2026-05-10T18:11:42.862+0000] {processor.py:161} INFO - Started process (PID=1956) to work on /opt/airflow/dags/sneakerz_pipeline.py
[2026-05-10T18:11:42.864+0000] {processor.py:830} INFO - Processing file /opt/airflow/dags/sneakerz_pipeline.py for tasks to queue
[2026-05-10T18:11:42.867+0000] {logging_mixin.py:188} INFO - [2026-05-10T18:11:42.866+0000] {dagbag.py:540} INFO - Filling up the DagBag from /opt/airflow/dags/sneakerz_pipeline.py
[2026-05-10T18:11:42.898+0000] {processor.py:840} INFO - DAG(s) 'sneakerz_pipeline' retrieved from /opt/airflow/dags/sneakerz_pipeline.py
[2026-05-10T18:11:42.950+0000] {logging_mixin.py:188} INFO - [2026-05-10T18:11:42.950+0000] {dag.py:3096} INFO - Sync 1 DAGs
[2026-05-10T18:11:42.991+0000] {logging_mixin.py:188} INFO - [2026-05-10T18:11:42.991+0000] {dag.py:3954} INFO - Setting next_dagrun for sneakerz_pipeline to 2026-05-10 18:00:00+00:00, run_after=2026-05-10 19:00:00+00:00
[2026-05-10T18:11:43.026+0000] {processor.py:183} INFO - Processing /opt/airflow/dags/sneakerz_pipeline.py took 0.172 seconds
[2026-05-10T18:12:13.216+0000] {processor.py:161} INFO - Started process (PID=1961) to work on /opt/airflow/dags/sneakerz_pipeline.py
[2026-05-10T18:12:13.218+0000] {processor.py:830} INFO - Processing file /opt/airflow/dags/sneakerz_pipeline.py for tasks to queue
[2026-05-10T18:12:13.221+0000] {logging_mixin.py:188} INFO - [2026-05-10T18:12:13.221+0000] {dagbag.py:540} INFO - Filling up the DagBag from /opt/airflow/dags/sneakerz_pipeline.py
[2026-05-10T18:12:13.253+0000] {processor.py:840} INFO - DAG(s) 'sneakerz_pipeline' retrieved from /opt/airflow/dags/sneakerz_pipeline.py
[2026-05-10T18:12:13.296+0000] {logging_mixin.py:188} INFO - [2026-05-10T18:12:13.296+0000] {dag.py:3096} INFO - Sync 1 DAGs
[2026-05-10T18:12:13.332+0000] {logging_mixin.py:188} INFO - [2026-05-10T18:12:13.332+0000] {dag.py:3954} INFO - Setting next_dagrun for sneakerz_pipeline to 2026-05-10 18:00:00+00:00, run_after=2026-05-10 19:00:00+00:00
[2026-05-10T18:12:13.365+0000] {processor.py:183} INFO - Processing /opt/airflow/dags/sneakerz_pipeline.py took 0.160 seconds
[2026-05-10T18:12:43.454+0000] {processor.py:161} INFO - Started process (PID=1966) to work on /opt/airflow/dags/sneakerz_pipeline.py
[2026-05-10T18:12:43.456+0000] {processor.py:830} INFO - Processing file /opt/airflow/dags/sneakerz_pipeline.py for tasks to queue
[2026-05-10T18:12:43.459+0000] {logging_mixin.py:188} INFO - [2026-05-10T18:12:43.459+0000] {dagbag.py:540} INFO - Filling up the DagBag from /opt/airflow/dags/sneakerz_pipeline.py
[2026-05-10T18:12:43.492+0000] {processor.py:840} INFO - DAG(s) 'sneakerz_pipeline' retrieved from /opt/airflow/dags/sneakerz_pipeline.py
[2026-05-10T18:12:43.535+0000] {logging_mixin.py:188} INFO - [2026-05-10T18:12:43.534+0000] {dag.py:3096} INFO - Sync 1 DAGs
[2026-05-10T18:12:43.566+0000] {logging_mixin.py:188} INFO - [2026-05-10T18:12:43.566+0000] {dag.py:3954} INFO - Setting next_dagrun for sneakerz_pipeline to 2026-05-10 18:00:00+00:00, run_after=2026-05-10 19:00:00+00:00
[2026-05-10T18:12:43.594+0000] {processor.py:183} INFO - Processing /opt/airflow/dags/sneakerz_pipeline.py took 0.149 seconds
[2026-05-10T18:13:13.793+0000] {processor.py:161} INFO - Started process (PID=1971) to work on /opt/airflow/dags/sneakerz_pipeline.py
[2026-05-10T18:13:13.795+0000] {processor.py:830} INFO - Processing file /opt/airflow/dags/sneakerz_pipeline.py for tasks to queue
[2026-05-10T18:13:13.797+0000] {logging_mixin.py:188} INFO - [2026-05-10T18:13:13.797+0000] {dagbag.py:540} INFO - Filling up the DagBag from /opt/airflow/dags/sneakerz_pipeline.py
[2026-05-10T18:13:13.826+0000] {processor.py:840} INFO - DAG(s) 'sneakerz_pipeline' retrieved from /opt/airflow/dags/sneakerz_pipeline.py
[2026-05-10T18:13:13.867+0000] {logging_mixin.py:188} INFO - [2026-05-10T18:13:13.867+0000] {dag.py:3096} INFO - Sync 1 DAGs
[2026-05-10T18:13:13.899+0000] {logging_mixin.py:188} INFO - [2026-05-10T18:13:13.898+0000] {dag.py:3954} INFO - Setting next_dagrun for sneakerz_pipeline to 2026-05-10 18:00:00+00:00, run_after=2026-05-10 19:00:00+00:00
[2026-05-10T18:13:13.929+0000] {processor.py:183} INFO - Processing /opt/airflow/dags/sneakerz_pipeline.py took 0.144 seconds
[2026-05-10T18:13:44.019+0000] {processor.py:161} INFO - Started process (PID=1976) to work on /opt/airflow/dags/sneakerz_pipeline.py
[2026-05-10T18:13:44.022+0000] {processor.py:830} INFO - Processing file /opt/airflow/dags/sneakerz_pipeline.py for tasks to queue
[2026-05-10T18:13:44.024+0000] {logging_mixin.py:188} INFO - [2026-05-10T18:13:44.024+0000] {dagbag.py:540} INFO - Filling up the DagBag from /opt/airflow/dags/sneakerz_pipeline.py
[2026-05-10T18:13:44.060+0000] {processor.py:840} INFO - DAG(s) 'sneakerz_pipeline' retrieved from /opt/airflow/dags/sneakerz_pipeline.py
[2026-05-10T18:13:44.110+0000] {logging_mixin.py:188} INFO - [2026-05-10T18:13:44.109+0000] {dag.py:3096} INFO - Sync 1 DAGs
[2026-05-10T18:13:44.146+0000] {logging_mixin.py:188} INFO - [2026-05-10T18:13:44.145+0000] {dag.py:3954} INFO - Setting next_dagrun for sneakerz_pipeline to 2026-05-10 18:00:00+00:00, run_after=2026-05-10 19:00:00+00:00
[2026-05-10T18:13:44.173+0000] {processor.py:183} INFO - Processing /opt/airflow/dags/sneakerz_pipeline.py took 0.165 seconds
[2026-05-10T18:14:14.365+0000] {processor.py:161} INFO - Started process (PID=1981) to work on /opt/airflow/dags/sneakerz_pipeline.py
[2026-05-10T18:14:14.366+0000] {processor.py:830} INFO - Processing file /opt/airflow/dags/sneakerz_pipeline.py for tasks to queue
[2026-05-10T18:14:14.369+0000] {logging_mixin.py:188} INFO - [2026-05-10T18:14:14.368+0000] {dagbag.py:540} INFO - Filling up the DagBag from /opt/airflow/dags/sneakerz_pipeline.py
[2026-05-10T18:14:14.399+0000] {processor.py:840} INFO - DAG(s) 'sneakerz_pipeline' retrieved from /opt/airflow/dags/sneakerz_pipeline.py
[2026-05-10T18:14:14.446+0000] {logging_mixin.py:188} INFO - [2026-05-10T18:14:14.446+0000] {dag.py:3096} INFO - Sync 1 DAGs
[2026-05-10T18:14:14.481+0000] {logging_mixin.py:188} INFO - [2026-05-10T18:14:14.481+0000] {dag.py:3954} INFO - Setting next_dagrun for sneakerz_pipeline to 2026-05-10 18:00:00+00:00, run_after=2026-05-10 19:00:00+00:00
[2026-05-10T18:14:14.510+0000] {processor.py:183} INFO - Processing /opt/airflow/dags/sneakerz_pipeline.py took 0.153 seconds
[2026-05-10T18:14:44.600+0000] {processor.py:161} INFO - Started process (PID=1986) to work on /opt/airflow/dags/sneakerz_pipeline.py
[2026-05-10T18:14:44.602+0000] {processor.py:830} INFO - Processing file /opt/airflow/dags/sneakerz_pipeline.py for tasks to queue
[2026-05-10T18:14:44.605+0000] {logging_mixin.py:188} INFO - [2026-05-10T18:14:44.604+0000] {dagbag.py:540} INFO - Filling up the DagBag from /opt/airflow/dags/sneakerz_pipeline.py
[2026-05-10T18:14:44.640+0000] {processor.py:840} INFO - DAG(s) 'sneakerz_pipeline' retrieved from /opt/airflow/dags/sneakerz_pipeline.py
[2026-05-10T18:14:44.683+0000] {logging_mixin.py:188} INFO - [2026-05-10T18:14:44.683+0000] {dag.py:3096} INFO - Sync 1 DAGs
[2026-05-10T18:14:44.718+0000] {logging_mixin.py:188} INFO - [2026-05-10T18:14:44.717+0000] {dag.py:3954} INFO - Setting next_dagrun for sneakerz_pipeline to 2026-05-10 18:00:00+00:00, run_after=2026-05-10 19:00:00+00:00
[2026-05-10T18:14:44.748+0000] {processor.py:183} INFO - Processing /opt/airflow/dags/sneakerz_pipeline.py took 0.159 seconds
[2026-05-10T18:15:14.942+0000] {processor.py:161} INFO - Started process (PID=1991) to work on /opt/airflow/dags/sneakerz_pipeline.py
[2026-05-10T18:15:14.944+0000] {processor.py:830} INFO - Processing file /opt/airflow/dags/sneakerz_pipeline.py for tasks to queue
[2026-05-10T18:15:14.949+0000] {logging_mixin.py:188} INFO - [2026-05-10T18:15:14.948+0000] {dagbag.py:540} INFO - Filling up the DagBag from /opt/airflow/dags/sneakerz_pipeline.py
[2026-05-10T18:15:14.979+0000] {processor.py:840} INFO - DAG(s) 'sneakerz_pipeline' retrieved from /opt/airflow/dags/sneakerz_pipeline.py
[2026-05-10T18:15:15.025+0000] {logging_mixin.py:188} INFO - [2026-05-10T18:15:15.024+0000] {dag.py:3096} INFO - Sync 1 DAGs
[2026-05-10T18:15:15.058+0000] {logging_mixin.py:188} INFO - [2026-05-10T18:15:15.057+0000] {dag.py:3954} INFO - Setting next_dagrun for sneakerz_pipeline to 2026-05-10 18:00:00+00:00, run_after=2026-05-10 19:00:00+00:00
[2026-05-10T18:15:15.089+0000] {processor.py:183} INFO - Processing /opt/airflow/dags/sneakerz_pipeline.py took 0.153 seconds
[2026-05-10T18:15:45.184+0000] {processor.py:161} INFO - Started process (PID=1996) to work on /opt/airflow/dags/sneakerz_pipeline.py
[2026-05-10T18:15:45.187+0000] {processor.py:830} INFO - Processing file /opt/airflow/dags/sneakerz_pipeline.py for tasks to queue
[2026-05-10T18:15:45.190+0000] {logging_mixin.py:188} INFO - [2026-05-10T18:15:45.190+0000] {dagbag.py:540} INFO - Filling up the DagBag from /opt/airflow/dags/sneakerz_pipeline.py
[2026-05-10T18:15:45.223+0000] {processor.py:840} INFO - DAG(s) 'sneakerz_pipeline' retrieved from /opt/airflow/dags/sneakerz_pipeline.py
[2026-05-10T18:15:45.264+0000] {logging_mixin.py:188} INFO - [2026-05-10T18:15:45.264+0000] {dag.py:3096} INFO - Sync 1 DAGs
[2026-05-10T18:15:45.299+0000] {logging_mixin.py:188} INFO - [2026-05-10T18:15:45.299+0000] {dag.py:3954} INFO - Setting next_dagrun for sneakerz_pipeline to 2026-05-10 18:00:00+00:00, run_after=2026-05-10 19:00:00+00:00
[2026-05-10T18:15:45.328+0000] {processor.py:183} INFO - Processing /opt/airflow/dags/sneakerz_pipeline.py took 0.153 seconds
[2026-05-10T18:16:15.517+0000] {processor.py:161} INFO - Started process (PID=2001) to work on /opt/airflow/dags/sneakerz_pipeline.py
[2026-05-10T18:16:15.518+0000] {processor.py:830} INFO - Processing file /opt/airflow/dags/sneakerz_pipeline.py for tasks to queue
[2026-05-10T18:16:15.521+0000] {logging_mixin.py:188} INFO - [2026-05-10T18:16:15.521+0000] {dagbag.py:540} INFO - Filling up the DagBag from /opt/airflow/dags/sneakerz_pipeline.py
[2026-05-10T18:16:15.552+0000] {processor.py:840} INFO - DAG(s) 'sneakerz_pipeline' retrieved from /opt/airflow/dags/sneakerz_pipeline.py
[2026-05-10T18:16:15.594+0000] {logging_mixin.py:188} INFO - [2026-05-10T18:16:15.593+0000] {dag.py:3096} INFO - Sync 1 DAGs
[2026-05-10T18:16:15.628+0000] {logging_mixin.py:188} INFO - [2026-05-10T18:16:15.627+0000] {dag.py:3954} INFO - Setting next_dagrun for sneakerz_pipeline to 2026-05-10 18:00:00+00:00, run_after=2026-05-10 19:00:00+00:00
[2026-05-10T18:16:15.663+0000] {processor.py:183} INFO - Processing /opt/airflow/dags/sneakerz_pipeline.py took 0.156 seconds
[2026-05-10T18:16:45.792+0000] {processor.py:161} INFO - Started process (PID=2006) to work on /opt/airflow/dags/sneakerz_pipeline.py
[2026-05-10T18:16:45.793+0000] {processor.py:830} INFO - Processing file /opt/airflow/dags/sneakerz_pipeline.py for tasks to queue
[2026-05-10T18:16:45.796+0000] {logging_mixin.py:188} INFO - [2026-05-10T18:16:45.795+0000] {dagbag.py:540} INFO - Filling up the DagBag from /opt/airflow/dags/sneakerz_pipeline.py
[2026-05-10T18:16:45.827+0000] {processor.py:840} INFO - DAG(s) 'sneakerz_pipeline' retrieved from /opt/airflow/dags/sneakerz_pipeline.py
[2026-05-10T18:16:45.867+0000] {logging_mixin.py:188} INFO - [2026-05-10T18:16:45.867+0000] {dag.py:3096} INFO - Sync 1 DAGs
[2026-05-10T18:16:45.901+0000] {logging_mixin.py:188} INFO - [2026-05-10T18:16:45.901+0000] {dag.py:3954} INFO - Setting next_dagrun for sneakerz_pipeline to 2026-05-10 18:00:00+00:00, run_after=2026-05-10 19:00:00+00:00
[2026-05-10T18:16:45.931+0000] {processor.py:183} INFO - Processing /opt/airflow/dags/sneakerz_pipeline.py took 0.148 seconds
[2026-05-10T18:17:16.086+0000] {processor.py:161} INFO - Started process (PID=2011) to work on /opt/airflow/dags/sneakerz_pipeline.py
[2026-05-10T18:17:16.088+0000] {processor.py:830} INFO - Processing file /opt/airflow/dags/sneakerz_pipeline.py for tasks to queue
[2026-05-10T18:17:16.091+0000] {logging_mixin.py:188} INFO - [2026-05-10T18:17:16.090+0000] {dagbag.py:540} INFO - Filling up the DagBag from /opt/airflow/dags/sneakerz_pipeline.py
[2026-05-10T18:17:16.125+0000] {processor.py:840} INFO - DAG(s) 'sneakerz_pipeline' retrieved from /opt/airflow/dags/sneakerz_pipeline.py
[2026-05-10T18:17:16.165+0000] {logging_mixin.py:188} INFO - [2026-05-10T18:17:16.165+0000] {dag.py:3096} INFO - Sync 1 DAGs
[2026-05-10T18:17:16.198+0000] {logging_mixin.py:188} INFO - [2026-05-10T18:17:16.198+0000] {dag.py:3954} INFO - Setting next_dagrun for sneakerz_pipeline to 2026-05-10 18:00:00+00:00, run_after=2026-05-10 19:00:00+00:00
[2026-05-10T18:17:16.227+0000] {processor.py:183} INFO - Processing /opt/airflow/dags/sneakerz_pipeline.py took 0.151 seconds
[2026-05-10T18:17:46.389+0000] {processor.py:161} INFO - Started process (PID=2016) to work on /opt/airflow/dags/sneakerz_pipeline.py
[2026-05-10T18:17:46.391+0000] {processor.py:830} INFO - Processing file /opt/airflow/dags/sneakerz_pipeline.py for tasks to queue
[2026-05-10T18:17:46.395+0000] {logging_mixin.py:188} INFO - [2026-05-10T18:17:46.394+0000] {dagbag.py:540} INFO - Filling up the DagBag from /opt/airflow/dags/sneakerz_pipeline.py
[2026-05-10T18:17:46.435+0000] {processor.py:840} INFO - DAG(s) 'sneakerz_pipeline' retrieved from /opt/airflow/dags/sneakerz_pipeline.py
[2026-05-10T18:17:46.491+0000] {logging_mixin.py:188} INFO - [2026-05-10T18:17:46.490+0000] {dag.py:3096} INFO - Sync 1 DAGs
[2026-05-10T18:17:46.533+0000] {logging_mixin.py:188} INFO - [2026-05-10T18:17:46.533+0000] {dag.py:3954} INFO - Setting next_dagrun for sneakerz_pipeline to 2026-05-10 18:00:00+00:00, run_after=2026-05-10 19:00:00+00:00
[2026-05-10T18:17:46.566+0000] {processor.py:183} INFO - Processing /opt/airflow/dags/sneakerz_pipeline.py took 0.188 seconds
[2026-05-10T18:18:16.705+0000] {processor.py:161} INFO - Started process (PID=2021) to work on /opt/airflow/dags/sneakerz_pipeline.py
[2026-05-10T18:18:16.707+0000] {processor.py:830} INFO - Processing file /opt/airflow/dags/sneakerz_pipeline.py for tasks to queue
[2026-05-10T18:18:16.710+0000] {logging_mixin.py:188} INFO - [2026-05-10T18:18:16.710+0000] {dagbag.py:540} INFO - Filling up the DagBag from /opt/airflow/dags/sneakerz_pipeline.py
[2026-05-10T18:18:16.741+0000] {processor.py:840} INFO - DAG(s) 'sneakerz_pipeline' retrieved from /opt/airflow/dags/sneakerz_pipeline.py
[2026-05-10T18:18:16.785+0000] {logging_mixin.py:188} INFO - [2026-05-10T18:18:16.785+0000] {dag.py:3096} INFO - Sync 1 DAGs
[2026-05-10T18:18:16.819+0000] {logging_mixin.py:188} INFO - [2026-05-10T18:18:16.819+0000] {dag.py:3954} INFO - Setting next_dagrun for sneakerz_pipeline to 2026-05-10 18:00:00+00:00, run_after=2026-05-10 19:00:00+00:00
[2026-05-10T18:18:16.850+0000] {processor.py:183} INFO - Processing /opt/airflow/dags/sneakerz_pipeline.py took 0.155 seconds
[2026-05-10T18:18:47.037+0000] {processor.py:161} INFO - Started process (PID=2026) to work on /opt/airflow/dags/sneakerz_pipeline.py
[2026-05-10T18:18:47.038+0000] {processor.py:830} INFO - Processing file /opt/airflow/dags/sneakerz_pipeline.py for tasks to queue
[2026-05-10T18:18:47.041+0000] {logging_mixin.py:188} INFO - [2026-05-10T18:18:47.041+0000] {dagbag.py:540} INFO - Filling up the DagBag from /opt/airflow/dags/sneakerz_pipeline.py
[2026-05-10T18:18:47.074+0000] {processor.py:840} INFO - DAG(s) 'sneakerz_pipeline' retrieved from /opt/airflow/dags/sneakerz_pipeline.py
[2026-05-10T18:18:47.116+0000] {logging_mixin.py:188} INFO - [2026-05-10T18:18:47.115+0000] {dag.py:3096} INFO - Sync 1 DAGs
[2026-05-10T18:18:47.151+0000] {logging_mixin.py:188} INFO - [2026-05-10T18:18:47.151+0000] {dag.py:3954} INFO - Setting next_dagrun for sneakerz_pipeline to 2026-05-10 18:00:00+00:00, run_after=2026-05-10 19:00:00+00:00
[2026-05-10T18:18:47.185+0000] {processor.py:183} INFO - Processing /opt/airflow/dags/sneakerz_pipeline.py took 0.157 seconds
[2026-05-10T18:19:17.291+0000] {processor.py:161} INFO - Started process (PID=2031) to work on /opt/airflow/dags/sneakerz_pipeline.py
[2026-05-10T18:19:17.293+0000] {processor.py:830} INFO - Processing file /opt/airflow/dags/sneakerz_pipeline.py for tasks to queue
[2026-05-10T18:19:17.297+0000] {logging_mixin.py:188} INFO - [2026-05-10T18:19:17.296+0000] {dagbag.py:540} INFO - Filling up the DagBag from /opt/airflow/dags/sneakerz_pipeline.py
[2026-05-10T18:19:17.343+0000] {processor.py:840} INFO - DAG(s) 'sneakerz_pipeline' retrieved from /opt/airflow/dags/sneakerz_pipeline.py
[2026-05-10T18:19:17.397+0000] {logging_mixin.py:188} INFO - [2026-05-10T18:19:17.397+0000] {dag.py:3096} INFO - Sync 1 DAGs
[2026-05-10T18:19:17.444+0000] {logging_mixin.py:188} INFO - [2026-05-10T18:19:17.443+0000] {dag.py:3954} INFO - Setting next_dagrun for sneakerz_pipeline to 2026-05-10 18:00:00+00:00, run_after=2026-05-10 19:00:00+00:00
[2026-05-10T18:19:17.473+0000] {processor.py:183} INFO - Processing /opt/airflow/dags/sneakerz_pipeline.py took 0.197 seconds
[2026-05-10T18:19:47.645+0000] {processor.py:161} INFO - Started process (PID=2036) to work on /opt/airflow/dags/sneakerz_pipeline.py
[2026-05-10T18:19:47.648+0000] {processor.py:830} INFO - Processing file /opt/airflow/dags/sneakerz_pipeline.py for tasks to queue
[2026-05-10T18:19:47.651+0000] {logging_mixin.py:188} INFO - [2026-05-10T18:19:47.651+0000] {dagbag.py:540} INFO - Filling up the DagBag from /opt/airflow/dags/sneakerz_pipeline.py
[2026-05-10T18:19:47.686+0000] {processor.py:840} INFO - DAG(s) 'sneakerz_pipeline' retrieved from /opt/airflow/dags/sneakerz_pipeline.py
[2026-05-10T18:19:47.731+0000] {logging_mixin.py:188} INFO - [2026-05-10T18:19:47.731+0000] {dag.py:3096} INFO - Sync 1 DAGs
[2026-05-10T18:19:47.767+0000] {logging_mixin.py:188} INFO - [2026-05-10T18:19:47.766+0000] {dag.py:3954} INFO - Setting next_dagrun for sneakerz_pipeline to 2026-05-10 18:00:00+00:00, run_after=2026-05-10 19:00:00+00:00
[2026-05-10T18:19:47.799+0000] {processor.py:183} INFO - Processing /opt/airflow/dags/sneakerz_pipeline.py took 0.164 seconds
[2026-05-10T18:20:17.922+0000] {processor.py:161} INFO - Started process (PID=2041) to work on /opt/airflow/dags/sneakerz_pipeline.py
[2026-05-10T18:20:17.924+0000] {processor.py:830} INFO - Processing file /opt/airflow/dags/sneakerz_pipeline.py for tasks to queue
[2026-05-10T18:20:17.927+0000] {logging_mixin.py:188} INFO - [2026-05-10T18:20:17.926+0000] {dagbag.py:540} INFO - Filling up the DagBag from /opt/airflow/dags/sneakerz_pipeline.py
[2026-05-10T18:20:17.956+0000] {processor.py:840} INFO - DAG(s) 'sneakerz_pipeline' retrieved from /opt/airflow/dags/sneakerz_pipeline.py
[2026-05-10T18:20:17.995+0000] {logging_mixin.py:188} INFO - [2026-05-10T18:20:17.994+0000] {dag.py:3096} INFO - Sync 1 DAGs
[2026-05-10T18:20:18.026+0000] {logging_mixin.py:188} INFO - [2026-05-10T18:20:18.026+0000] {dag.py:3954} INFO - Setting next_dagrun for sneakerz_pipeline to 2026-05-10 18:00:00+00:00, run_after=2026-05-10 19:00:00+00:00
[2026-05-10T18:20:18.053+0000] {processor.py:183} INFO - Processing /opt/airflow/dags/sneakerz_pipeline.py took 0.140 seconds
[2026-05-10T18:20:48.237+0000] {processor.py:161} INFO - Started process (PID=2046) to work on /opt/airflow/dags/sneakerz_pipeline.py
[2026-05-10T18:20:48.239+0000] {processor.py:830} INFO - Processing file /opt/airflow/dags/sneakerz_pipeline.py for tasks to queue
[2026-05-10T18:20:48.242+0000] {logging_mixin.py:188} INFO - [2026-05-10T18:20:48.241+0000] {dagbag.py:540} INFO - Filling up the DagBag from /opt/airflow/dags/sneakerz_pipeline.py
[2026-05-10T18:20:48.273+0000] {processor.py:840} INFO - DAG(s) 'sneakerz_pipeline' retrieved from /opt/airflow/dags/sneakerz_pipeline.py
[2026-05-10T18:20:48.314+0000] {logging_mixin.py:188} INFO - [2026-05-10T18:20:48.314+0000] {dag.py:3096} INFO - Sync 1 DAGs
[2026-05-10T18:20:48.343+0000] {logging_mixin.py:188} INFO - [2026-05-10T18:20:48.342+0000] {dag.py:3954} INFO - Setting next_dagrun for sneakerz_pipeline to 2026-05-10 18:00:00+00:00, run_after=2026-05-10 19:00:00+00:00
[2026-05-10T18:20:48.371+0000] {processor.py:183} INFO - Processing /opt/airflow/dags/sneakerz_pipeline.py took 0.143 seconds
[2026-05-10T18:21:18.491+0000] {processor.py:161} INFO - Started process (PID=2051) to work on /opt/airflow/dags/sneakerz_pipeline.py
[2026-05-10T18:21:18.492+0000] {processor.py:830} INFO - Processing file /opt/airflow/dags/sneakerz_pipeline.py for tasks to queue
[2026-05-10T18:21:18.495+0000] {logging_mixin.py:188} INFO - [2026-05-10T18:21:18.494+0000] {dagbag.py:540} INFO - Filling up the DagBag from /opt/airflow/dags/sneakerz_pipeline.py
[2026-05-10T18:21:18.523+0000] {processor.py:840} INFO - DAG(s) 'sneakerz_pipeline' retrieved from /opt/airflow/dags/sneakerz_pipeline.py
[2026-05-10T18:21:18.573+0000] {logging_mixin.py:188} INFO - [2026-05-10T18:21:18.573+0000] {dag.py:3096} INFO - Sync 1 DAGs
[2026-05-10T18:21:18.606+0000] {logging_mixin.py:188} INFO - [2026-05-10T18:21:18.605+0000] {dag.py:3954} INFO - Setting next_dagrun for sneakerz_pipeline to 2026-05-10 18:00:00+00:00, run_after=2026-05-10 19:00:00+00:00
[2026-05-10T18:21:18.636+0000] {processor.py:183} INFO - Processing /opt/airflow/dags/sneakerz_pipeline.py took 0.155 seconds
[2026-05-10T18:21:48.848+0000] {processor.py:161} INFO - Started process (PID=2056) to work on /opt/airflow/dags/sneakerz_pipeline.py
[2026-05-10T18:21:48.850+0000] {processor.py:830} INFO - Processing file /opt/airflow/dags/sneakerz_pipeline.py for tasks to queue
[2026-05-10T18:21:48.853+0000] {logging_mixin.py:188} INFO - [2026-05-10T18:21:48.852+0000] {dagbag.py:540} INFO - Filling up the DagBag from /opt/airflow/dags/sneakerz_pipeline.py
[2026-05-10T18:21:48.885+0000] {processor.py:840} INFO - DAG(s) 'sneakerz_pipeline' retrieved from /opt/airflow/dags/sneakerz_pipeline.py
[2026-05-10T18:21:48.927+0000] {logging_mixin.py:188} INFO - [2026-05-10T18:21:48.926+0000] {dag.py:3096} INFO - Sync 1 DAGs
[2026-05-10T18:21:48.960+0000] {logging_mixin.py:188} INFO - [2026-05-10T18:21:48.959+0000] {dag.py:3954} INFO - Setting next_dagrun for sneakerz_pipeline to 2026-05-10 18:00:00+00:00, run_after=2026-05-10 19:00:00+00:00
[2026-05-10T18:21:48.987+0000] {processor.py:183} INFO - Processing /opt/airflow/dags/sneakerz_pipeline.py took 0.147 seconds
[2026-05-10T18:22:19.077+0000] {processor.py:161} INFO - Started process (PID=2061) to work on /opt/airflow/dags/sneakerz_pipeline.py
[2026-05-10T18:22:19.079+0000] {processor.py:830} INFO - Processing file /opt/airflow/dags/sneakerz_pipeline.py for tasks to queue
[2026-05-10T18:22:19.082+0000] {logging_mixin.py:188} INFO - [2026-05-10T18:22:19.082+0000] {dagbag.py:540} INFO - Filling up the DagBag from /opt/airflow/dags/sneakerz_pipeline.py
[2026-05-10T18:22:19.113+0000] {processor.py:840} INFO - DAG(s) 'sneakerz_pipeline' retrieved from /opt/airflow/dags/sneakerz_pipeline.py
[2026-05-10T18:22:19.155+0000] {logging_mixin.py:188} INFO - [2026-05-10T18:22:19.155+0000] {dag.py:3096} INFO - Sync 1 DAGs
[2026-05-10T18:22:19.187+0000] {logging_mixin.py:188} INFO - [2026-05-10T18:22:19.187+0000] {dag.py:3954} INFO - Setting next_dagrun for sneakerz_pipeline to 2026-05-10 18:00:00+00:00, run_after=2026-05-10 19:00:00+00:00
[2026-05-10T18:22:19.216+0000] {processor.py:183} INFO - Processing /opt/airflow/dags/sneakerz_pipeline.py took 0.148 seconds
[2026-05-10T18:22:49.437+0000] {processor.py:161} INFO - Started process (PID=2066) to work on /opt/airflow/dags/sneakerz_pipeline.py
[2026-05-10T18:22:49.438+0000] {processor.py:830} INFO - Processing file /opt/airflow/dags/sneakerz_pipeline.py for tasks to queue
[2026-05-10T18:22:49.441+0000] {logging_mixin.py:188} INFO - [2026-05-10T18:22:49.441+0000] {dagbag.py:540} INFO - Filling up the DagBag from /opt/airflow/dags/sneakerz_pipeline.py
[2026-05-10T18:22:49.471+0000] {processor.py:840} INFO - DAG(s) 'sneakerz_pipeline' retrieved from /opt/airflow/dags/sneakerz_pipeline.py
[2026-05-10T18:22:49.512+0000] {logging_mixin.py:188} INFO - [2026-05-10T18:22:49.512+0000] {dag.py:3096} INFO - Sync 1 DAGs
[2026-05-10T18:22:49.544+0000] {logging_mixin.py:188} INFO - [2026-05-10T18:22:49.544+0000] {dag.py:3954} INFO - Setting next_dagrun for sneakerz_pipeline to 2026-05-10 18:00:00+00:00, run_after=2026-05-10 19:00:00+00:00
[2026-05-10T18:22:49.575+0000] {processor.py:183} INFO - Processing /opt/airflow/dags/sneakerz_pipeline.py took 0.147 seconds
[2026-05-10T18:23:19.668+0000] {processor.py:161} INFO - Started process (PID=2071) to work on /opt/airflow/dags/sneakerz_pipeline.py
[2026-05-10T18:23:19.670+0000] {processor.py:830} INFO - Processing file /opt/airflow/dags/sneakerz_pipeline.py for tasks to queue
[2026-05-10T18:23:19.673+0000] {logging_mixin.py:188} INFO - [2026-05-10T18:23:19.672+0000] {dagbag.py:540} INFO - Filling up the DagBag from /opt/airflow/dags/sneakerz_pipeline.py
[2026-05-10T18:23:19.711+0000] {processor.py:840} INFO - DAG(s) 'sneakerz_pipeline' retrieved from /opt/airflow/dags/sneakerz_pipeline.py
[2026-05-10T18:23:19.757+0000] {logging_mixin.py:188} INFO - [2026-05-10T18:23:19.757+0000] {dag.py:3096} INFO - Sync 1 DAGs
[2026-05-10T18:23:19.795+0000] {logging_mixin.py:188} INFO - [2026-05-10T18:23:19.794+0000] {dag.py:3954} INFO - Setting next_dagrun for sneakerz_pipeline to 2026-05-10 18:00:00+00:00, run_after=2026-05-10 19:00:00+00:00
[2026-05-10T18:23:19.829+0000] {processor.py:183} INFO - Processing /opt/airflow/dags/sneakerz_pipeline.py took 0.169 seconds
[2026-05-10T18:23:50.044+0000] {processor.py:161} INFO - Started process (PID=2076) to work on /opt/airflow/dags/sneakerz_pipeline.py
[2026-05-10T18:23:50.046+0000] {processor.py:830} INFO - Processing file /opt/airflow/dags/sneakerz_pipeline.py for tasks to queue
[2026-05-10T18:23:50.049+0000] {logging_mixin.py:188} INFO - [2026-05-10T18:23:50.049+0000] {dagbag.py:540} INFO - Filling up the DagBag from /opt/airflow/dags/sneakerz_pipeline.py
[2026-05-10T18:23:50.082+0000] {processor.py:840} INFO - DAG(s) 'sneakerz_pipeline' retrieved from /opt/airflow/dags/sneakerz_pipeline.py
[2026-05-10T18:23:50.125+0000] {logging_mixin.py:188} INFO - [2026-05-10T18:23:50.125+0000] {dag.py:3096} INFO - Sync 1 DAGs
[2026-05-10T18:23:50.161+0000] {logging_mixin.py:188} INFO - [2026-05-10T18:23:50.160+0000] {dag.py:3954} INFO - Setting next_dagrun for sneakerz_pipeline to 2026-05-10 18:00:00+00:00, run_after=2026-05-10 19:00:00+00:00
[2026-05-10T18:23:50.213+0000] {processor.py:183} INFO - Processing /opt/airflow/dags/sneakerz_pipeline.py took 0.177 seconds
[2026-05-10T18:24:20.283+0000] {processor.py:161} INFO - Started process (PID=2081) to work on /opt/airflow/dags/sneakerz_pipeline.py
[2026-05-10T18:24:20.285+0000] {processor.py:830} INFO - Processing file /opt/airflow/dags/sneakerz_pipeline.py for tasks to queue
[2026-05-10T18:24:20.288+0000] {logging_mixin.py:188} INFO - [2026-05-10T18:24:20.287+0000] {dagbag.py:540} INFO - Filling up the DagBag from /opt/airflow/dags/sneakerz_pipeline.py
[2026-05-10T18:24:20.319+0000] {processor.py:840} INFO - DAG(s) 'sneakerz_pipeline' retrieved from /opt/airflow/dags/sneakerz_pipeline.py
[2026-05-10T18:24:20.358+0000] {logging_mixin.py:188} INFO - [2026-05-10T18:24:20.357+0000] {dag.py:3096} INFO - Sync 1 DAGs
[2026-05-10T18:24:20.389+0000] {logging_mixin.py:188} INFO - [2026-05-10T18:24:20.388+0000] {dag.py:3954} INFO - Setting next_dagrun for sneakerz_pipeline to 2026-05-10 18:00:00+00:00, run_after=2026-05-10 19:00:00+00:00
[2026-05-10T18:24:20.420+0000] {processor.py:183} INFO - Processing /opt/airflow/dags/sneakerz_pipeline.py took 0.146 seconds
[2026-05-10T18:24:50.645+0000] {processor.py:161} INFO - Started process (PID=2086) to work on /opt/airflow/dags/sneakerz_pipeline.py
[2026-05-10T18:24:50.647+0000] {processor.py:830} INFO - Processing file /opt/airflow/dags/sneakerz_pipeline.py for tasks to queue
[2026-05-10T18:24:50.650+0000] {logging_mixin.py:188} INFO - [2026-05-10T18:24:50.650+0000] {dagbag.py:540} INFO - Filling up the DagBag from /opt/airflow/dags/sneakerz_pipeline.py
[2026-05-10T18:24:50.677+0000] {processor.py:840} INFO - DAG(s) 'sneakerz_pipeline' retrieved from /opt/airflow/dags/sneakerz_pipeline.py
[2026-05-10T18:24:50.719+0000] {logging_mixin.py:188} INFO - [2026-05-10T18:24:50.719+0000] {dag.py:3096} INFO - Sync 1 DAGs
[2026-05-10T18:24:50.752+0000] {logging_mixin.py:188} INFO - [2026-05-10T18:24:50.752+0000] {dag.py:3954} INFO - Setting next_dagrun for sneakerz_pipeline to 2026-05-10 18:00:00+00:00, run_after=2026-05-10 19:00:00+00:00
[2026-05-10T18:24:50.778+0000] {processor.py:183} INFO - Processing /opt/airflow/dags/sneakerz_pipeline.py took 0.142 seconds
[2026-05-10T18:25:20.909+0000] {processor.py:161} INFO - Started process (PID=2091) to work on /opt/airflow/dags/sneakerz_pipeline.py
[2026-05-10T18:25:20.911+0000] {processor.py:830} INFO - Processing file /opt/airflow/dags/sneakerz_pipeline.py for tasks to queue
[2026-05-10T18:25:20.915+0000] {logging_mixin.py:188} INFO - [2026-05-10T18:25:20.914+0000] {dagbag.py:540} INFO - Filling up the DagBag from /opt/airflow/dags/sneakerz_pipeline.py
[2026-05-10T18:25:20.956+0000] {processor.py:840} INFO - DAG(s) 'sneakerz_pipeline' retrieved from /opt/airflow/dags/sneakerz_pipeline.py
[2026-05-10T18:25:21.009+0000] {logging_mixin.py:188} INFO - [2026-05-10T18:25:21.009+0000] {dag.py:3096} INFO - Sync 1 DAGs
[2026-05-10T18:25:21.049+0000] {logging_mixin.py:188} INFO - [2026-05-10T18:25:21.048+0000] {dag.py:3954} INFO - Setting next_dagrun for sneakerz_pipeline to 2026-05-10 18:00:00+00:00, run_after=2026-05-10 19:00:00+00:00
[2026-05-10T18:25:21.083+0000] {processor.py:183} INFO - Processing /opt/airflow/dags/sneakerz_pipeline.py took 0.188 seconds
[2026-05-10T18:25:51.269+0000] {processor.py:161} INFO - Started process (PID=2096) to work on /opt/airflow/dags/sneakerz_pipeline.py
[2026-05-10T18:25:51.271+0000] {processor.py:830} INFO - Processing file /opt/airflow/dags/sneakerz_pipeline.py for tasks to queue
[2026-05-10T18:25:51.275+0000] {logging_mixin.py:188} INFO - [2026-05-10T18:25:51.274+0000] {dagbag.py:540} INFO - Filling up the DagBag from /opt/airflow/dags/sneakerz_pipeline.py
[2026-05-10T18:25:51.306+0000] {processor.py:840} INFO - DAG(s) 'sneakerz_pipeline' retrieved from /opt/airflow/dags/sneakerz_pipeline.py
[2026-05-10T18:25:51.350+0000] {logging_mixin.py:188} INFO - [2026-05-10T18:25:51.350+0000] {dag.py:3096} INFO - Sync 1 DAGs
[2026-05-10T18:25:51.387+0000] {logging_mixin.py:188} INFO - [2026-05-10T18:25:51.386+0000] {dag.py:3954} INFO - Setting next_dagrun for sneakerz_pipeline to 2026-05-10 18:00:00+00:00, run_after=2026-05-10 19:00:00+00:00
[2026-05-10T18:25:51.421+0000] {processor.py:183} INFO - Processing /opt/airflow/dags/sneakerz_pipeline.py took 0.161 seconds
[2026-05-10T18:26:21.544+0000] {processor.py:161} INFO - Started process (PID=2101) to work on /opt/airflow/dags/sneakerz_pipeline.py
[2026-05-10T18:26:21.546+0000] {processor.py:830} INFO - Processing file /opt/airflow/dags/sneakerz_pipeline.py for tasks to queue
[2026-05-10T18:26:21.550+0000] {logging_mixin.py:188} INFO - [2026-05-10T18:26:21.550+0000] {dagbag.py:540} INFO - Filling up the DagBag from /opt/airflow/dags/sneakerz_pipeline.py
[2026-05-10T18:26:21.583+0000] {processor.py:840} INFO - DAG(s) 'sneakerz_pipeline' retrieved from /opt/airflow/dags/sneakerz_pipeline.py
[2026-05-10T18:26:21.625+0000] {logging_mixin.py:188} INFO - [2026-05-10T18:26:21.624+0000] {dag.py:3096} INFO - Sync 1 DAGs
[2026-05-10T18:26:21.654+0000] {logging_mixin.py:188} INFO - [2026-05-10T18:26:21.654+0000] {dag.py:3954} INFO - Setting next_dagrun for sneakerz_pipeline to 2026-05-10 18:00:00+00:00, run_after=2026-05-10 19:00:00+00:00
[2026-05-10T18:26:21.681+0000] {processor.py:183} INFO - Processing /opt/airflow/dags/sneakerz_pipeline.py took 0.146 seconds
[2026-05-10T18:26:51.894+0000] {processor.py:161} INFO - Started process (PID=2106) to work on /opt/airflow/dags/sneakerz_pipeline.py
[2026-05-10T18:26:51.895+0000] {processor.py:830} INFO - Processing file /opt/airflow/dags/sneakerz_pipeline.py for tasks to queue
[2026-05-10T18:26:51.899+0000] {logging_mixin.py:188} INFO - [2026-05-10T18:26:51.899+0000] {dagbag.py:540} INFO - Filling up the DagBag from /opt/airflow/dags/sneakerz_pipeline.py
[2026-05-10T18:26:51.933+0000] {processor.py:840} INFO - DAG(s) 'sneakerz_pipeline' retrieved from /opt/airflow/dags/sneakerz_pipeline.py
[2026-05-10T18:26:51.980+0000] {logging_mixin.py:188} INFO - [2026-05-10T18:26:51.979+0000] {dag.py:3096} INFO - Sync 1 DAGs
[2026-05-10T18:26:52.013+0000] {logging_mixin.py:188} INFO - [2026-05-10T18:26:52.013+0000] {dag.py:3954} INFO - Setting next_dagrun for sneakerz_pipeline to 2026-05-10 18:00:00+00:00, run_after=2026-05-10 19:00:00+00:00
[2026-05-10T18:26:52.040+0000] {processor.py:183} INFO - Processing /opt/airflow/dags/sneakerz_pipeline.py took 0.155 seconds
[2026-05-10T18:27:22.114+0000] {processor.py:161} INFO - Started process (PID=2111) to work on /opt/airflow/dags/sneakerz_pipeline.py
[2026-05-10T18:27:22.116+0000] {processor.py:830} INFO - Processing file /opt/airflow/dags/sneakerz_pipeline.py for tasks to queue
[2026-05-10T18:27:22.119+0000] {logging_mixin.py:188} INFO - [2026-05-10T18:27:22.119+0000] {dagbag.py:540} INFO - Filling up the DagBag from /opt/airflow/dags/sneakerz_pipeline.py
[2026-05-10T18:27:22.153+0000] {processor.py:840} INFO - DAG(s) 'sneakerz_pipeline' retrieved from /opt/airflow/dags/sneakerz_pipeline.py
[2026-05-10T18:27:22.204+0000] {logging_mixin.py:188} INFO - [2026-05-10T18:27:22.204+0000] {dag.py:3096} INFO - Sync 1 DAGs
[2026-05-10T18:27:22.242+0000] {logging_mixin.py:188} INFO - [2026-05-10T18:27:22.242+0000] {dag.py:3954} INFO - Setting next_dagrun for sneakerz_pipeline to 2026-05-10 18:00:00+00:00, run_after=2026-05-10 19:00:00+00:00
[2026-05-10T18:27:22.276+0000] {processor.py:183} INFO - Processing /opt/airflow/dags/sneakerz_pipeline.py took 0.172 seconds
[2026-05-10T18:27:52.476+0000] {processor.py:161} INFO - Started process (PID=2116) to work on /opt/airflow/dags/sneakerz_pipeline.py
[2026-05-10T18:27:52.478+0000] {processor.py:830} INFO - Processing file /opt/airflow/dags/sneakerz_pipeline.py for tasks to queue
[2026-05-10T18:27:52.482+0000] {logging_mixin.py:188} INFO - [2026-05-10T18:27:52.481+0000] {dagbag.py:540} INFO - Filling up the DagBag from /opt/airflow/dags/sneakerz_pipeline.py
[2026-05-10T18:27:52.514+0000] {processor.py:840} INFO - DAG(s) 'sneakerz_pipeline' retrieved from /opt/airflow/dags/sneakerz_pipeline.py
[2026-05-10T18:27:52.563+0000] {logging_mixin.py:188} INFO - [2026-05-10T18:27:52.563+0000] {dag.py:3096} INFO - Sync 1 DAGs
[2026-05-10T18:27:52.598+0000] {logging_mixin.py:188} INFO - [2026-05-10T18:27:52.598+0000] {dag.py:3954} INFO - Setting next_dagrun for sneakerz_pipeline to 2026-05-10 18:00:00+00:00, run_after=2026-05-10 19:00:00+00:00
[2026-05-10T18:27:52.629+0000] {processor.py:183} INFO - Processing /opt/airflow/dags/sneakerz_pipeline.py took 0.163 seconds
[2026-05-10T18:28:22.731+0000] {processor.py:161} INFO - Started process (PID=2121) to work on /opt/airflow/dags/sneakerz_pipeline.py
[2026-05-10T18:28:22.732+0000] {processor.py:830} INFO - Processing file /opt/airflow/dags/sneakerz_pipeline.py for tasks to queue
[2026-05-10T18:28:22.737+0000] {logging_mixin.py:188} INFO - [2026-05-10T18:28:22.736+0000] {dagbag.py:540} INFO - Filling up the DagBag from /opt/airflow/dags/sneakerz_pipeline.py
[2026-05-10T18:28:22.779+0000] {processor.py:840} INFO - DAG(s) 'sneakerz_pipeline' retrieved from /opt/airflow/dags/sneakerz_pipeline.py
[2026-05-10T18:28:22.840+0000] {logging_mixin.py:188} INFO - [2026-05-10T18:28:22.839+0000] {dag.py:3096} INFO - Sync 1 DAGs
[2026-05-10T18:28:22.880+0000] {logging_mixin.py:188} INFO - [2026-05-10T18:28:22.880+0000] {dag.py:3954} INFO - Setting next_dagrun for sneakerz_pipeline to 2026-05-10 18:00:00+00:00, run_after=2026-05-10 19:00:00+00:00
[2026-05-10T18:28:22.920+0000] {processor.py:183} INFO - Processing /opt/airflow/dags/sneakerz_pipeline.py took 0.201 seconds
[2026-05-10T18:28:53.153+0000] {processor.py:161} INFO - Started process (PID=2126) to work on /opt/airflow/dags/sneakerz_pipeline.py
[2026-05-10T18:28:53.155+0000] {processor.py:830} INFO - Processing file /opt/airflow/dags/sneakerz_pipeline.py for tasks to queue
[2026-05-10T18:28:53.158+0000] {logging_mixin.py:188} INFO - [2026-05-10T18:28:53.158+0000] {dagbag.py:540} INFO - Filling up the DagBag from /opt/airflow/dags/sneakerz_pipeline.py
[2026-05-10T18:28:53.194+0000] {processor.py:840} INFO - DAG(s) 'sneakerz_pipeline' retrieved from /opt/airflow/dags/sneakerz_pipeline.py
[2026-05-10T18:28:53.244+0000] {logging_mixin.py:188} INFO - [2026-05-10T18:28:53.244+0000] {dag.py:3096} INFO - Sync 1 DAGs
[2026-05-10T18:28:53.288+0000] {logging_mixin.py:188} INFO - [2026-05-10T18:28:53.288+0000] {dag.py:3954} INFO - Setting next_dagrun for sneakerz_pipeline to 2026-05-10 18:00:00+00:00, run_after=2026-05-10 19:00:00+00:00
[2026-05-10T18:28:53.342+0000] {processor.py:183} INFO - Processing /opt/airflow/dags/sneakerz_pipeline.py took 0.204 seconds
[2026-05-10T18:29:23.612+0000] {processor.py:161} INFO - Started process (PID=2131) to work on /opt/airflow/dags/sneakerz_pipeline.py
[2026-05-10T18:29:23.614+0000] {processor.py:830} INFO - Processing file /opt/airflow/dags/sneakerz_pipeline.py for tasks to queue
[2026-05-10T18:29:23.618+0000] {logging_mixin.py:188} INFO - [2026-05-10T18:29:23.617+0000] {dagbag.py:540} INFO - Filling up the DagBag from /opt/airflow/dags/sneakerz_pipeline.py
[2026-05-10T18:29:23.662+0000] {processor.py:840} INFO - DAG(s) 'sneakerz_pipeline' retrieved from /opt/airflow/dags/sneakerz_pipeline.py
[2026-05-10T18:29:23.711+0000] {logging_mixin.py:188} INFO - [2026-05-10T18:29:23.710+0000] {dag.py:3096} INFO - Sync 1 DAGs
[2026-05-10T18:29:23.755+0000] {logging_mixin.py:188} INFO - [2026-05-10T18:29:23.754+0000] {dag.py:3954} INFO - Setting next_dagrun for sneakerz_pipeline to 2026-05-10 18:00:00+00:00, run_after=2026-05-10 19:00:00+00:00
[2026-05-10T18:29:23.824+0000] {processor.py:183} INFO - Processing /opt/airflow/dags/sneakerz_pipeline.py took 0.226 seconds
[2026-05-10T18:29:54.094+0000] {processor.py:161} INFO - Started process (PID=2136) to work on /opt/airflow/dags/sneakerz_pipeline.py
[2026-05-10T18:29:54.096+0000] {processor.py:830} INFO - Processing file /opt/airflow/dags/sneakerz_pipeline.py for tasks to queue
[2026-05-10T18:29:54.099+0000] {logging_mixin.py:188} INFO - [2026-05-10T18:29:54.099+0000] {dagbag.py:540} INFO - Filling up the DagBag from /opt/airflow/dags/sneakerz_pipeline.py
[2026-05-10T18:29:54.137+0000] {processor.py:840} INFO - DAG(s) 'sneakerz_pipeline' retrieved from /opt/airflow/dags/sneakerz_pipeline.py
[2026-05-10T18:29:54.187+0000] {logging_mixin.py:188} INFO - [2026-05-10T18:29:54.186+0000] {dag.py:3096} INFO - Sync 1 DAGs
[2026-05-10T18:29:54.222+0000] {logging_mixin.py:188} INFO - [2026-05-10T18:29:54.222+0000] {dag.py:3954} INFO - Setting next_dagrun for sneakerz_pipeline to 2026-05-10 18:00:00+00:00, run_after=2026-05-10 19:00:00+00:00
[2026-05-10T18:29:54.250+0000] {processor.py:183} INFO - Processing /opt/airflow/dags/sneakerz_pipeline.py took 0.165 seconds
[2026-05-10T18:30:24.509+0000] {processor.py:161} INFO - Started process (PID=2141) to work on /opt/airflow/dags/sneakerz_pipeline.py
[2026-05-10T18:30:24.511+0000] {processor.py:830} INFO - Processing file /opt/airflow/dags/sneakerz_pipeline.py for tasks to queue
[2026-05-10T18:30:24.515+0000] {logging_mixin.py:188} INFO - [2026-05-10T18:30:24.514+0000] {dagbag.py:540} INFO - Filling up the DagBag from /opt/airflow/dags/sneakerz_pipeline.py
[2026-05-10T18:30:24.555+0000] {processor.py:840} INFO - DAG(s) 'sneakerz_pipeline' retrieved from /opt/airflow/dags/sneakerz_pipeline.py
[2026-05-10T18:30:24.614+0000] {logging_mixin.py:188} INFO - [2026-05-10T18:30:24.614+0000] {dag.py:3096} INFO - Sync 1 DAGs
[2026-05-10T18:30:24.665+0000] {logging_mixin.py:188} INFO - [2026-05-10T18:30:24.664+0000] {dag.py:3954} INFO - Setting next_dagrun for sneakerz_pipeline to 2026-05-10 18:00:00+00:00, run_after=2026-05-10 19:00:00+00:00
[2026-05-10T18:30:24.708+0000] {processor.py:183} INFO - Processing /opt/airflow/dags/sneakerz_pipeline.py took 0.208 seconds
[2026-05-10T18:30:55.002+0000] {processor.py:161} INFO - Started process (PID=2146) to work on /opt/airflow/dags/sneakerz_pipeline.py
[2026-05-10T18:30:55.003+0000] {processor.py:830} INFO - Processing file /opt/airflow/dags/sneakerz_pipeline.py for tasks to queue
[2026-05-10T18:30:55.006+0000] {logging_mixin.py:188} INFO - [2026-05-10T18:30:55.006+0000] {dagbag.py:540} INFO - Filling up the DagBag from /opt/airflow/dags/sneakerz_pipeline.py
[2026-05-10T18:30:55.049+0000] {processor.py:840} INFO - DAG(s) 'sneakerz_pipeline' retrieved from /opt/airflow/dags/sneakerz_pipeline.py
[2026-05-10T18:30:55.113+0000] {logging_mixin.py:188} INFO - [2026-05-10T18:30:55.112+0000] {dag.py:3096} INFO - Sync 1 DAGs
[2026-05-10T18:30:55.162+0000] {logging_mixin.py:188} INFO - [2026-05-10T18:30:55.162+0000] {dag.py:3954} INFO - Setting next_dagrun for sneakerz_pipeline to 2026-05-10 18:00:00+00:00, run_after=2026-05-10 19:00:00+00:00
[2026-05-10T18:30:55.210+0000] {processor.py:183} INFO - Processing /opt/airflow/dags/sneakerz_pipeline.py took 0.218 seconds
[2026-05-10T18:31:25.470+0000] {processor.py:161} INFO - Started process (PID=2151) to work on /opt/airflow/dags/sneakerz_pipeline.py
[2026-05-10T18:31:25.472+0000] {processor.py:830} INFO - Processing file /opt/airflow/dags/sneakerz_pipeline.py for tasks to queue
[2026-05-10T18:31:25.475+0000] {logging_mixin.py:188} INFO - [2026-05-10T18:31:25.474+0000] {dagbag.py:540} INFO - Filling up the DagBag from /opt/airflow/dags/sneakerz_pipeline.py
[2026-05-10T18:31:25.512+0000] {processor.py:840} INFO - DAG(s) 'sneakerz_pipeline' retrieved from /opt/airflow/dags/sneakerz_pipeline.py
[2026-05-10T18:31:25.554+0000] {logging_mixin.py:188} INFO - [2026-05-10T18:31:25.554+0000] {dag.py:3096} INFO - Sync 1 DAGs
[2026-05-10T18:31:25.585+0000] {logging_mixin.py:188} INFO - [2026-05-10T18:31:25.585+0000] {dag.py:3954} INFO - Setting next_dagrun for sneakerz_pipeline to 2026-05-10 18:00:00+00:00, run_after=2026-05-10 19:00:00+00:00
[2026-05-10T18:31:25.619+0000] {processor.py:183} INFO - Processing /opt/airflow/dags/sneakerz_pipeline.py took 0.159 seconds
[2026-05-10T18:31:55.872+0000] {processor.py:161} INFO - Started process (PID=2156) to work on /opt/airflow/dags/sneakerz_pipeline.py
[2026-05-10T18:31:55.873+0000] {processor.py:830} INFO - Processing file /opt/airflow/dags/sneakerz_pipeline.py for tasks to queue
[2026-05-10T18:31:55.876+0000] {logging_mixin.py:188} INFO - [2026-05-10T18:31:55.876+0000] {dagbag.py:540} INFO - Filling up the DagBag from /opt/airflow/dags/sneakerz_pipeline.py
[2026-05-10T18:31:55.909+0000] {processor.py:840} INFO - DAG(s) 'sneakerz_pipeline' retrieved from /opt/airflow/dags/sneakerz_pipeline.py
[2026-05-10T18:31:55.960+0000] {logging_mixin.py:188} INFO - [2026-05-10T18:31:55.960+0000] {dag.py:3096} INFO - Sync 1 DAGs
[2026-05-10T18:31:55.999+0000] {logging_mixin.py:188} INFO - [2026-05-10T18:31:55.999+0000] {dag.py:3954} INFO - Setting next_dagrun for sneakerz_pipeline to 2026-05-10 18:00:00+00:00, run_after=2026-05-10 19:00:00+00:00
[2026-05-10T18:31:56.026+0000] {processor.py:183} INFO - Processing /opt/airflow/dags/sneakerz_pipeline.py took 0.162 seconds
[2026-05-10T18:32:26.275+0000] {processor.py:161} INFO - Started process (PID=2161) to work on /opt/airflow/dags/sneakerz_pipeline.py
[2026-05-10T18:32:26.277+0000] {processor.py:830} INFO - Processing file /opt/airflow/dags/sneakerz_pipeline.py for tasks to queue
[2026-05-10T18:32:26.281+0000] {logging_mixin.py:188} INFO - [2026-05-10T18:32:26.280+0000] {dagbag.py:540} INFO - Filling up the DagBag from /opt/airflow/dags/sneakerz_pipeline.py
[2026-05-10T18:32:26.319+0000] {processor.py:840} INFO - DAG(s) 'sneakerz_pipeline' retrieved from /opt/airflow/dags/sneakerz_pipeline.py
[2026-05-10T18:32:26.376+0000] {logging_mixin.py:188} INFO - [2026-05-10T18:32:26.376+0000] {dag.py:3096} INFO - Sync 1 DAGs
[2026-05-10T18:32:26.422+0000] {logging_mixin.py:188} INFO - [2026-05-10T18:32:26.422+0000] {dag.py:3954} INFO - Setting next_dagrun for sneakerz_pipeline to 2026-05-10 18:00:00+00:00, run_after=2026-05-10 19:00:00+00:00
[2026-05-10T18:32:26.468+0000] {processor.py:183} INFO - Processing /opt/airflow/dags/sneakerz_pipeline.py took 0.206 seconds
[2026-05-10T18:32:56.782+0000] {processor.py:161} INFO - Started process (PID=2166) to work on /opt/airflow/dags/sneakerz_pipeline.py
[2026-05-10T18:32:56.784+0000] {processor.py:830} INFO - Processing file /opt/airflow/dags/sneakerz_pipeline.py for tasks to queue
[2026-05-10T18:32:56.789+0000] {logging_mixin.py:188} INFO - [2026-05-10T18:32:56.788+0000] {dagbag.py:540} INFO - Filling up the DagBag from /opt/airflow/dags/sneakerz_pipeline.py
[2026-05-10T18:32:56.838+0000] {processor.py:840} INFO - DAG(s) 'sneakerz_pipeline' retrieved from /opt/airflow/dags/sneakerz_pipeline.py
[2026-05-10T18:32:56.923+0000] {logging_mixin.py:188} INFO - [2026-05-10T18:32:56.923+0000] {dag.py:3096} INFO - Sync 1 DAGs
[2026-05-10T18:32:56.973+0000] {logging_mixin.py:188} INFO - [2026-05-10T18:32:56.973+0000] {dag.py:3954} INFO - Setting next_dagrun for sneakerz_pipeline to 2026-05-10 18:00:00+00:00, run_after=2026-05-10 19:00:00+00:00
[2026-05-10T18:32:57.017+0000] {processor.py:183} INFO - Processing /opt/airflow/dags/sneakerz_pipeline.py took 0.245 seconds
[2026-05-10T18:33:27.292+0000] {processor.py:161} INFO - Started process (PID=2171) to work on /opt/airflow/dags/sneakerz_pipeline.py
[2026-05-10T18:33:27.294+0000] {processor.py:830} INFO - Processing file /opt/airflow/dags/sneakerz_pipeline.py for tasks to queue
[2026-05-10T18:33:27.298+0000] {logging_mixin.py:188} INFO - [2026-05-10T18:33:27.298+0000] {dagbag.py:540} INFO - Filling up the DagBag from /opt/airflow/dags/sneakerz_pipeline.py
[2026-05-10T18:33:27.334+0000] {processor.py:840} INFO - DAG(s) 'sneakerz_pipeline' retrieved from /opt/airflow/dags/sneakerz_pipeline.py
[2026-05-10T18:33:27.384+0000] {logging_mixin.py:188} INFO - [2026-05-10T18:33:27.384+0000] {dag.py:3096} INFO - Sync 1 DAGs
[2026-05-10T18:33:27.421+0000] {logging_mixin.py:188} INFO - [2026-05-10T18:33:27.420+0000] {dag.py:3954} INFO - Setting next_dagrun for sneakerz_pipeline to 2026-05-10 18:00:00+00:00, run_after=2026-05-10 19:00:00+00:00
[2026-05-10T18:33:27.454+0000] {processor.py:183} INFO - Processing /opt/airflow/dags/sneakerz_pipeline.py took 0.174 seconds
[2026-05-10T18:33:57.708+0000] {processor.py:161} INFO - Started process (PID=2176) to work on /opt/airflow/dags/sneakerz_pipeline.py
[2026-05-10T18:33:57.710+0000] {processor.py:830} INFO - Processing file /opt/airflow/dags/sneakerz_pipeline.py for tasks to queue
[2026-05-10T18:33:57.714+0000] {logging_mixin.py:188} INFO - [2026-05-10T18:33:57.714+0000] {dagbag.py:540} INFO - Filling up the DagBag from /opt/airflow/dags/sneakerz_pipeline.py
[2026-05-10T18:33:57.746+0000] {processor.py:840} INFO - DAG(s) 'sneakerz_pipeline' retrieved from /opt/airflow/dags/sneakerz_pipeline.py
[2026-05-10T18:33:57.792+0000] {logging_mixin.py:188} INFO - [2026-05-10T18:33:57.791+0000] {dag.py:3096} INFO - Sync 1 DAGs
[2026-05-10T18:33:57.823+0000] {logging_mixin.py:188} INFO - [2026-05-10T18:33:57.822+0000] {dag.py:3954} INFO - Setting next_dagrun for sneakerz_pipeline to 2026-05-10 18:00:00+00:00, run_after=2026-05-10 19:00:00+00:00
[2026-05-10T18:33:57.848+0000] {processor.py:183} INFO - Processing /opt/airflow/dags/sneakerz_pipeline.py took 0.149 seconds
[2026-05-10T18:34:27.935+0000] {processor.py:161} INFO - Started process (PID=2181) to work on /opt/airflow/dags/sneakerz_pipeline.py
[2026-05-10T18:34:27.937+0000] {processor.py:830} INFO - Processing file /opt/airflow/dags/sneakerz_pipeline.py for tasks to queue
[2026-05-10T18:34:27.942+0000] {logging_mixin.py:188} INFO - [2026-05-10T18:34:27.941+0000] {dagbag.py:540} INFO - Filling up the DagBag from /opt/airflow/dags/sneakerz_pipeline.py
[2026-05-10T18:34:27.984+0000] {processor.py:840} INFO - DAG(s) 'sneakerz_pipeline' retrieved from /opt/airflow/dags/sneakerz_pipeline.py
[2026-05-10T18:34:28.051+0000] {logging_mixin.py:188} INFO - [2026-05-10T18:34:28.050+0000] {dag.py:3096} INFO - Sync 1 DAGs
[2026-05-10T18:34:28.106+0000] {logging_mixin.py:188} INFO - [2026-05-10T18:34:28.106+0000] {dag.py:3954} INFO - Setting next_dagrun for sneakerz_pipeline to 2026-05-10 18:00:00+00:00, run_after=2026-05-10 19:00:00+00:00
[2026-05-10T18:34:28.164+0000] {processor.py:183} INFO - Processing /opt/airflow/dags/sneakerz_pipeline.py took 0.240 seconds
[2026-05-10T18:34:58.324+0000] {processor.py:161} INFO - Started process (PID=2186) to work on /opt/airflow/dags/sneakerz_pipeline.py
[2026-05-10T18:34:58.325+0000] {processor.py:830} INFO - Processing file /opt/airflow/dags/sneakerz_pipeline.py for tasks to queue
[2026-05-10T18:34:58.328+0000] {logging_mixin.py:188} INFO - [2026-05-10T18:34:58.328+0000] {dagbag.py:540} INFO - Filling up the DagBag from /opt/airflow/dags/sneakerz_pipeline.py
[2026-05-10T18:34:58.359+0000] {processor.py:840} INFO - DAG(s) 'sneakerz_pipeline' retrieved from /opt/airflow/dags/sneakerz_pipeline.py
[2026-05-10T18:34:58.406+0000] {logging_mixin.py:188} INFO - [2026-05-10T18:34:58.406+0000] {dag.py:3096} INFO - Sync 1 DAGs
[2026-05-10T18:34:58.440+0000] {logging_mixin.py:188} INFO - [2026-05-10T18:34:58.440+0000] {dag.py:3954} INFO - Setting next_dagrun for sneakerz_pipeline to 2026-05-10 18:00:00+00:00, run_after=2026-05-10 19:00:00+00:00
[2026-05-10T18:34:58.468+0000] {processor.py:183} INFO - Processing /opt/airflow/dags/sneakerz_pipeline.py took 0.155 seconds
[2026-05-10T18:35:28.620+0000] {processor.py:161} INFO - Started process (PID=2191) to work on /opt/airflow/dags/sneakerz_pipeline.py
[2026-05-10T18:35:28.622+0000] {processor.py:830} INFO - Processing file /opt/airflow/dags/sneakerz_pipeline.py for tasks to queue
[2026-05-10T18:35:28.624+0000] {logging_mixin.py:188} INFO - [2026-05-10T18:35:28.624+0000] {dagbag.py:540} INFO - Filling up the DagBag from /opt/airflow/dags/sneakerz_pipeline.py
[2026-05-10T18:35:28.654+0000] {processor.py:840} INFO - DAG(s) 'sneakerz_pipeline' retrieved from /opt/airflow/dags/sneakerz_pipeline.py
[2026-05-10T18:35:28.701+0000] {logging_mixin.py:188} INFO - [2026-05-10T18:35:28.701+0000] {dag.py:3096} INFO - Sync 1 DAGs
[2026-05-10T18:35:28.732+0000] {logging_mixin.py:188} INFO - [2026-05-10T18:35:28.732+0000] {dag.py:3954} INFO - Setting next_dagrun for sneakerz_pipeline to 2026-05-10 18:00:00+00:00, run_after=2026-05-10 19:00:00+00:00
[2026-05-10T18:35:28.763+0000] {processor.py:183} INFO - Processing /opt/airflow/dags/sneakerz_pipeline.py took 0.150 seconds
[2026-05-10T18:35:58.912+0000] {processor.py:161} INFO - Started process (PID=2196) to work on /opt/airflow/dags/sneakerz_pipeline.py
[2026-05-10T18:35:58.914+0000] {processor.py:830} INFO - Processing file /opt/airflow/dags/sneakerz_pipeline.py for tasks to queue
[2026-05-10T18:35:58.917+0000] {logging_mixin.py:188} INFO - [2026-05-10T18:35:58.917+0000] {dagbag.py:540} INFO - Filling up the DagBag from /opt/airflow/dags/sneakerz_pipeline.py
[2026-05-10T18:35:58.950+0000] {processor.py:840} INFO - DAG(s) 'sneakerz_pipeline' retrieved from /opt/airflow/dags/sneakerz_pipeline.py
[2026-05-10T18:35:58.998+0000] {logging_mixin.py:188} INFO - [2026-05-10T18:35:58.997+0000] {dag.py:3096} INFO - Sync 1 DAGs
[2026-05-10T18:35:59.033+0000] {logging_mixin.py:188} INFO - [2026-05-10T18:35:59.033+0000] {dag.py:3954} INFO - Setting next_dagrun for sneakerz_pipeline to 2026-05-10 18:00:00+00:00, run_after=2026-05-10 19:00:00+00:00
[2026-05-10T18:35:59.067+0000] {processor.py:183} INFO - Processing /opt/airflow/dags/sneakerz_pipeline.py took 0.163 seconds
[2026-05-10T18:36:29.204+0000] {processor.py:161} INFO - Started process (PID=2201) to work on /opt/airflow/dags/sneakerz_pipeline.py
[2026-05-10T18:36:29.206+0000] {processor.py:830} INFO - Processing file /opt/airflow/dags/sneakerz_pipeline.py for tasks to queue
[2026-05-10T18:36:29.208+0000] {logging_mixin.py:188} INFO - [2026-05-10T18:36:29.208+0000] {dagbag.py:540} INFO - Filling up the DagBag from /opt/airflow/dags/sneakerz_pipeline.py
[2026-05-10T18:36:29.237+0000] {processor.py:840} INFO - DAG(s) 'sneakerz_pipeline' retrieved from /opt/airflow/dags/sneakerz_pipeline.py
[2026-05-10T18:36:29.291+0000] {logging_mixin.py:188} INFO - [2026-05-10T18:36:29.290+0000] {dag.py:3096} INFO - Sync 1 DAGs
[2026-05-10T18:36:29.323+0000] {logging_mixin.py:188} INFO - [2026-05-10T18:36:29.323+0000] {dag.py:3954} INFO - Setting next_dagrun for sneakerz_pipeline to 2026-05-10 18:00:00+00:00, run_after=2026-05-10 19:00:00+00:00
[2026-05-10T18:36:29.351+0000] {processor.py:183} INFO - Processing /opt/airflow/dags/sneakerz_pipeline.py took 0.155 seconds
[2026-05-10T18:36:59.607+0000] {processor.py:161} INFO - Started process (PID=2206) to work on /opt/airflow/dags/sneakerz_pipeline.py
[2026-05-10T18:36:59.610+0000] {processor.py:830} INFO - Processing file /opt/airflow/dags/sneakerz_pipeline.py for tasks to queue
[2026-05-10T18:36:59.616+0000] {logging_mixin.py:188} INFO - [2026-05-10T18:36:59.615+0000] {dagbag.py:540} INFO - Filling up the DagBag from /opt/airflow/dags/sneakerz_pipeline.py
[2026-05-10T18:36:59.669+0000] {processor.py:840} INFO - DAG(s) 'sneakerz_pipeline' retrieved from /opt/airflow/dags/sneakerz_pipeline.py
[2026-05-10T18:36:59.726+0000] {logging_mixin.py:188} INFO - [2026-05-10T18:36:59.726+0000] {dag.py:3096} INFO - Sync 1 DAGs
[2026-05-10T18:36:59.765+0000] {logging_mixin.py:188} INFO - [2026-05-10T18:36:59.765+0000] {dag.py:3954} INFO - Setting next_dagrun for sneakerz_pipeline to 2026-05-10 18:00:00+00:00, run_after=2026-05-10 19:00:00+00:00
[2026-05-10T18:36:59.795+0000] {processor.py:183} INFO - Processing /opt/airflow/dags/sneakerz_pipeline.py took 0.209 seconds
[2026-05-10T18:37:30.043+0000] {processor.py:161} INFO - Started process (PID=2211) to work on /opt/airflow/dags/sneakerz_pipeline.py
[2026-05-10T18:37:30.044+0000] {processor.py:830} INFO - Processing file /opt/airflow/dags/sneakerz_pipeline.py for tasks to queue
[2026-05-10T18:37:30.048+0000] {logging_mixin.py:188} INFO - [2026-05-10T18:37:30.047+0000] {dagbag.py:540} INFO - Filling up the DagBag from /opt/airflow/dags/sneakerz_pipeline.py
[2026-05-10T18:37:30.076+0000] {processor.py:840} INFO - DAG(s) 'sneakerz_pipeline' retrieved from /opt/airflow/dags/sneakerz_pipeline.py
[2026-05-10T18:37:30.127+0000] {logging_mixin.py:188} INFO - [2026-05-10T18:37:30.126+0000] {dag.py:3096} INFO - Sync 1 DAGs
[2026-05-10T18:37:30.166+0000] {logging_mixin.py:188} INFO - [2026-05-10T18:37:30.166+0000] {dag.py:3954} INFO - Setting next_dagrun for sneakerz_pipeline to 2026-05-10 18:00:00+00:00, run_after=2026-05-10 19:00:00+00:00
[2026-05-10T18:37:30.197+0000] {processor.py:183} INFO - Processing /opt/airflow/dags/sneakerz_pipeline.py took 0.163 seconds
[2026-05-10T18:38:00.459+0000] {processor.py:161} INFO - Started process (PID=2216) to work on /opt/airflow/dags/sneakerz_pipeline.py
[2026-05-10T18:38:00.461+0000] {processor.py:830} INFO - Processing file /opt/airflow/dags/sneakerz_pipeline.py for tasks to queue
[2026-05-10T18:38:00.465+0000] {logging_mixin.py:188} INFO - [2026-05-10T18:38:00.464+0000] {dagbag.py:540} INFO - Filling up the DagBag from /opt/airflow/dags/sneakerz_pipeline.py
[2026-05-10T18:38:00.501+0000] {processor.py:840} INFO - DAG(s) 'sneakerz_pipeline' retrieved from /opt/airflow/dags/sneakerz_pipeline.py
[2026-05-10T18:38:00.557+0000] {logging_mixin.py:188} INFO - [2026-05-10T18:38:00.557+0000] {dag.py:3096} INFO - Sync 1 DAGs
[2026-05-10T18:38:00.592+0000] {logging_mixin.py:188} INFO - [2026-05-10T18:38:00.592+0000] {dag.py:3954} INFO - Setting next_dagrun for sneakerz_pipeline to 2026-05-10 18:00:00+00:00, run_after=2026-05-10 19:00:00+00:00
[2026-05-10T18:38:00.622+0000] {processor.py:183} INFO - Processing /opt/airflow/dags/sneakerz_pipeline.py took 0.175 seconds
[2026-05-10T18:38:30.885+0000] {processor.py:161} INFO - Started process (PID=2221) to work on /opt/airflow/dags/sneakerz_pipeline.py
[2026-05-10T18:38:30.887+0000] {processor.py:830} INFO - Processing file /opt/airflow/dags/sneakerz_pipeline.py for tasks to queue
[2026-05-10T18:38:30.891+0000] {logging_mixin.py:188} INFO - [2026-05-10T18:38:30.890+0000] {dagbag.py:540} INFO - Filling up the DagBag from /opt/airflow/dags/sneakerz_pipeline.py
[2026-05-10T18:38:30.936+0000] {processor.py:840} INFO - DAG(s) 'sneakerz_pipeline' retrieved from /opt/airflow/dags/sneakerz_pipeline.py
[2026-05-10T18:38:31.003+0000] {logging_mixin.py:188} INFO - [2026-05-10T18:38:31.002+0000] {dag.py:3096} INFO - Sync 1 DAGs
[2026-05-10T18:38:31.046+0000] {logging_mixin.py:188} INFO - [2026-05-10T18:38:31.046+0000] {dag.py:3954} INFO - Setting next_dagrun for sneakerz_pipeline to 2026-05-10 18:00:00+00:00, run_after=2026-05-10 19:00:00+00:00
[2026-05-10T18:38:31.082+0000] {processor.py:183} INFO - Processing /opt/airflow/dags/sneakerz_pipeline.py took 0.209 seconds
[2026-05-10T18:39:01.340+0000] {processor.py:161} INFO - Started process (PID=2226) to work on /opt/airflow/dags/sneakerz_pipeline.py
[2026-05-10T18:39:01.342+0000] {processor.py:830} INFO - Processing file /opt/airflow/dags/sneakerz_pipeline.py for tasks to queue
[2026-05-10T18:39:01.344+0000] {logging_mixin.py:188} INFO - [2026-05-10T18:39:01.344+0000] {dagbag.py:540} INFO - Filling up the DagBag from /opt/airflow/dags/sneakerz_pipeline.py
[2026-05-10T18:39:01.384+0000] {processor.py:840} INFO - DAG(s) 'sneakerz_pipeline' retrieved from /opt/airflow/dags/sneakerz_pipeline.py
[2026-05-10T18:39:01.439+0000] {logging_mixin.py:188} INFO - [2026-05-10T18:39:01.439+0000] {dag.py:3096} INFO - Sync 1 DAGs
[2026-05-10T18:39:01.477+0000] {logging_mixin.py:188} INFO - [2026-05-10T18:39:01.477+0000] {dag.py:3954} INFO - Setting next_dagrun for sneakerz_pipeline to 2026-05-10 18:00:00+00:00, run_after=2026-05-10 19:00:00+00:00
[2026-05-10T18:39:01.511+0000] {processor.py:183} INFO - Processing /opt/airflow/dags/sneakerz_pipeline.py took 0.180 seconds
[2026-05-10T18:39:31.766+0000] {processor.py:161} INFO - Started process (PID=2231) to work on /opt/airflow/dags/sneakerz_pipeline.py
[2026-05-10T18:39:31.768+0000] {processor.py:830} INFO - Processing file /opt/airflow/dags/sneakerz_pipeline.py for tasks to queue
[2026-05-10T18:39:31.773+0000] {logging_mixin.py:188} INFO - [2026-05-10T18:39:31.772+0000] {dagbag.py:540} INFO - Filling up the DagBag from /opt/airflow/dags/sneakerz_pipeline.py
[2026-05-10T18:39:31.812+0000] {processor.py:840} INFO - DAG(s) 'sneakerz_pipeline' retrieved from /opt/airflow/dags/sneakerz_pipeline.py
[2026-05-10T18:39:31.866+0000] {logging_mixin.py:188} INFO - [2026-05-10T18:39:31.866+0000] {dag.py:3096} INFO - Sync 1 DAGs
[2026-05-10T18:39:31.902+0000] {logging_mixin.py:188} INFO - [2026-05-10T18:39:31.901+0000] {dag.py:3954} INFO - Setting next_dagrun for sneakerz_pipeline to 2026-05-10 18:00:00+00:00, run_after=2026-05-10 19:00:00+00:00
[2026-05-10T18:39:31.933+0000] {processor.py:183} INFO - Processing /opt/airflow/dags/sneakerz_pipeline.py took 0.179 seconds
[2026-05-10T18:40:02.206+0000] {processor.py:161} INFO - Started process (PID=2236) to work on /opt/airflow/dags/sneakerz_pipeline.py
[2026-05-10T18:40:02.208+0000] {processor.py:830} INFO - Processing file /opt/airflow/dags/sneakerz_pipeline.py for tasks to queue
[2026-05-10T18:40:02.213+0000] {logging_mixin.py:188} INFO - [2026-05-10T18:40:02.212+0000] {dagbag.py:540} INFO - Filling up the DagBag from /opt/airflow/dags/sneakerz_pipeline.py
[2026-05-10T18:40:02.264+0000] {processor.py:840} INFO - DAG(s) 'sneakerz_pipeline' retrieved from /opt/airflow/dags/sneakerz_pipeline.py
[2026-05-10T18:40:02.323+0000] {logging_mixin.py:188} INFO - [2026-05-10T18:40:02.323+0000] {dag.py:3096} INFO - Sync 1 DAGs
[2026-05-10T18:40:02.366+0000] {logging_mixin.py:188} INFO - [2026-05-10T18:40:02.366+0000] {dag.py:3954} INFO - Setting next_dagrun for sneakerz_pipeline to 2026-05-10 18:00:00+00:00, run_after=2026-05-10 19:00:00+00:00
[2026-05-10T18:40:02.397+0000] {processor.py:183} INFO - Processing /opt/airflow/dags/sneakerz_pipeline.py took 0.208 seconds
[2026-05-10T18:40:32.694+0000] {processor.py:161} INFO - Started process (PID=2241) to work on /opt/airflow/dags/sneakerz_pipeline.py
[2026-05-10T18:40:32.696+0000] {processor.py:830} INFO - Processing file /opt/airflow/dags/sneakerz_pipeline.py for tasks to queue
[2026-05-10T18:40:32.700+0000] {logging_mixin.py:188} INFO - [2026-05-10T18:40:32.699+0000] {dagbag.py:540} INFO - Filling up the DagBag from /opt/airflow/dags/sneakerz_pipeline.py
[2026-05-10T18:40:32.743+0000] {processor.py:840} INFO - DAG(s) 'sneakerz_pipeline' retrieved from /opt/airflow/dags/sneakerz_pipeline.py
[2026-05-10T18:40:32.810+0000] {logging_mixin.py:188} INFO - [2026-05-10T18:40:32.809+0000] {dag.py:3096} INFO - Sync 1 DAGs
[2026-05-10T18:40:32.859+0000] {logging_mixin.py:188} INFO - [2026-05-10T18:40:32.858+0000] {dag.py:3954} INFO - Setting next_dagrun for sneakerz_pipeline to 2026-05-10 18:00:00+00:00, run_after=2026-05-10 19:00:00+00:00
[2026-05-10T18:40:32.897+0000] {processor.py:183} INFO - Processing /opt/airflow/dags/sneakerz_pipeline.py took 0.216 seconds
[2026-05-10T18:41:03.161+0000] {processor.py:161} INFO - Started process (PID=2246) to work on /opt/airflow/dags/sneakerz_pipeline.py
[2026-05-10T18:41:03.163+0000] {processor.py:830} INFO - Processing file /opt/airflow/dags/sneakerz_pipeline.py for tasks to queue
[2026-05-10T18:41:03.167+0000] {logging_mixin.py:188} INFO - [2026-05-10T18:41:03.166+0000] {dagbag.py:540} INFO - Filling up the DagBag from /opt/airflow/dags/sneakerz_pipeline.py
[2026-05-10T18:41:03.201+0000] {processor.py:840} INFO - DAG(s) 'sneakerz_pipeline' retrieved from /opt/airflow/dags/sneakerz_pipeline.py
[2026-05-10T18:41:03.251+0000] {logging_mixin.py:188} INFO - [2026-05-10T18:41:03.251+0000] {dag.py:3096} INFO - Sync 1 DAGs
[2026-05-10T18:41:03.287+0000] {logging_mixin.py:188} INFO - [2026-05-10T18:41:03.287+0000] {dag.py:3954} INFO - Setting next_dagrun for sneakerz_pipeline to 2026-05-10 18:00:00+00:00, run_after=2026-05-10 19:00:00+00:00
[2026-05-10T18:41:03.319+0000] {processor.py:183} INFO - Processing /opt/airflow/dags/sneakerz_pipeline.py took 0.167 seconds
[2026-05-10T18:41:33.928+0000] {processor.py:161} INFO - Started process (PID=2251) to work on /opt/airflow/dags/sneakerz_pipeline.py
[2026-05-10T18:41:33.937+0000] {processor.py:830} INFO - Processing file /opt/airflow/dags/sneakerz_pipeline.py for tasks to queue
[2026-05-10T18:41:34.003+0000] {logging_mixin.py:188} INFO - [2026-05-10T18:41:33.993+0000] {dagbag.py:540} INFO - Filling up the DagBag from /opt/airflow/dags/sneakerz_pipeline.py
[2026-05-10T18:41:34.207+0000] {processor.py:840} INFO - DAG(s) 'sneakerz_pipeline' retrieved from /opt/airflow/dags/sneakerz_pipeline.py
[2026-05-10T18:41:34.460+0000] {logging_mixin.py:188} INFO - [2026-05-10T18:41:34.458+0000] {dag.py:3096} INFO - Sync 1 DAGs
[2026-05-10T18:41:34.597+0000] {logging_mixin.py:188} INFO - [2026-05-10T18:41:34.597+0000] {dag.py:3954} INFO - Setting next_dagrun for sneakerz_pipeline to 2026-05-10 18:00:00+00:00, run_after=2026-05-10 19:00:00+00:00
[2026-05-10T18:41:34.685+0000] {processor.py:183} INFO - Processing /opt/airflow/dags/sneakerz_pipeline.py took 0.963 seconds
[2026-05-10T18:42:04.857+0000] {processor.py:161} INFO - Started process (PID=2256) to work on /opt/airflow/dags/sneakerz_pipeline.py
[2026-05-10T18:42:04.859+0000] {processor.py:830} INFO - Processing file /opt/airflow/dags/sneakerz_pipeline.py for tasks to queue
[2026-05-10T18:42:04.862+0000] {logging_mixin.py:188} INFO - [2026-05-10T18:42:04.862+0000] {dagbag.py:540} INFO - Filling up the DagBag from /opt/airflow/dags/sneakerz_pipeline.py
[2026-05-10T18:42:04.906+0000] {processor.py:840} INFO - DAG(s) 'sneakerz_pipeline' retrieved from /opt/airflow/dags/sneakerz_pipeline.py
[2026-05-10T18:42:05.282+0000] {logging_mixin.py:188} INFO - [2026-05-10T18:42:05.280+0000] {dag.py:3096} INFO - Sync 1 DAGs
[2026-05-10T18:42:05.513+0000] {logging_mixin.py:188} INFO - [2026-05-10T18:42:05.512+0000] {dag.py:3954} INFO - Setting next_dagrun for sneakerz_pipeline to 2026-05-10 18:00:00+00:00, run_after=2026-05-10 19:00:00+00:00
[2026-05-10T18:42:05.769+0000] {processor.py:183} INFO - Processing /opt/airflow/dags/sneakerz_pipeline.py took 0.924 seconds
[2026-05-10T18:42:36.163+0000] {processor.py:161} INFO - Started process (PID=2261) to work on /opt/airflow/dags/sneakerz_pipeline.py
[2026-05-10T18:42:36.178+0000] {processor.py:830} INFO - Processing file /opt/airflow/dags/sneakerz_pipeline.py for tasks to queue
[2026-05-10T18:42:36.205+0000] {logging_mixin.py:188} INFO - [2026-05-10T18:42:36.201+0000] {dagbag.py:540} INFO - Filling up the DagBag from /opt/airflow/dags/sneakerz_pipeline.py
[2026-05-10T18:42:36.331+0000] {processor.py:840} INFO - DAG(s) 'sneakerz_pipeline' retrieved from /opt/airflow/dags/sneakerz_pipeline.py
[2026-05-10T18:42:36.450+0000] {logging_mixin.py:188} INFO - [2026-05-10T18:42:36.449+0000] {dag.py:3096} INFO - Sync 1 DAGs
[2026-05-10T18:42:36.520+0000] {logging_mixin.py:188} INFO - [2026-05-10T18:42:36.520+0000] {dag.py:3954} INFO - Setting next_dagrun for sneakerz_pipeline to 2026-05-10 18:00:00+00:00, run_after=2026-05-10 19:00:00+00:00
[2026-05-10T18:42:36.554+0000] {processor.py:183} INFO - Processing /opt/airflow/dags/sneakerz_pipeline.py took 0.431 seconds
[2026-05-10T18:43:06.823+0000] {processor.py:161} INFO - Started process (PID=2266) to work on /opt/airflow/dags/sneakerz_pipeline.py
[2026-05-10T18:43:06.824+0000] {processor.py:830} INFO - Processing file /opt/airflow/dags/sneakerz_pipeline.py for tasks to queue
[2026-05-10T18:43:06.827+0000] {logging_mixin.py:188} INFO - [2026-05-10T18:43:06.827+0000] {dagbag.py:540} INFO - Filling up the DagBag from /opt/airflow/dags/sneakerz_pipeline.py
[2026-05-10T18:43:06.863+0000] {processor.py:840} INFO - DAG(s) 'sneakerz_pipeline' retrieved from /opt/airflow/dags/sneakerz_pipeline.py
[2026-05-10T18:43:06.909+0000] {logging_mixin.py:188} INFO - [2026-05-10T18:43:06.909+0000] {dag.py:3096} INFO - Sync 1 DAGs
[2026-05-10T18:43:06.942+0000] {logging_mixin.py:188} INFO - [2026-05-10T18:43:06.942+0000] {dag.py:3954} INFO - Setting next_dagrun for sneakerz_pipeline to 2026-05-10 18:00:00+00:00, run_after=2026-05-10 19:00:00+00:00
[2026-05-10T18:43:06.971+0000] {processor.py:183} INFO - Processing /opt/airflow/dags/sneakerz_pipeline.py took 0.160 seconds
[2026-05-10T18:43:37.238+0000] {processor.py:161} INFO - Started process (PID=2271) to work on /opt/airflow/dags/sneakerz_pipeline.py
[2026-05-10T18:43:37.240+0000] {processor.py:830} INFO - Processing file /opt/airflow/dags/sneakerz_pipeline.py for tasks to queue
[2026-05-10T18:43:37.246+0000] {logging_mixin.py:188} INFO - [2026-05-10T18:43:37.244+0000] {dagbag.py:540} INFO - Filling up the DagBag from /opt/airflow/dags/sneakerz_pipeline.py
[2026-05-10T18:43:37.282+0000] {processor.py:840} INFO - DAG(s) 'sneakerz_pipeline' retrieved from /opt/airflow/dags/sneakerz_pipeline.py
[2026-05-10T18:43:37.338+0000] {logging_mixin.py:188} INFO - [2026-05-10T18:43:37.338+0000] {dag.py:3096} INFO - Sync 1 DAGs
[2026-05-10T18:43:37.386+0000] {logging_mixin.py:188} INFO - [2026-05-10T18:43:37.386+0000] {dag.py:3954} INFO - Setting next_dagrun for sneakerz_pipeline to 2026-05-10 18:00:00+00:00, run_after=2026-05-10 19:00:00+00:00
[2026-05-10T18:43:37.432+0000] {processor.py:183} INFO - Processing /opt/airflow/dags/sneakerz_pipeline.py took 0.205 seconds
[2026-05-10T18:44:07.709+0000] {processor.py:161} INFO - Started process (PID=2276) to work on /opt/airflow/dags/sneakerz_pipeline.py
[2026-05-10T18:44:07.711+0000] {processor.py:830} INFO - Processing file /opt/airflow/dags/sneakerz_pipeline.py for tasks to queue
[2026-05-10T18:44:07.715+0000] {logging_mixin.py:188} INFO - [2026-05-10T18:44:07.714+0000] {dagbag.py:540} INFO - Filling up the DagBag from /opt/airflow/dags/sneakerz_pipeline.py
[2026-05-10T18:44:07.760+0000] {processor.py:840} INFO - DAG(s) 'sneakerz_pipeline' retrieved from /opt/airflow/dags/sneakerz_pipeline.py
[2026-05-10T18:44:07.832+0000] {logging_mixin.py:188} INFO - [2026-05-10T18:44:07.832+0000] {dag.py:3096} INFO - Sync 1 DAGs
[2026-05-10T18:44:07.875+0000] {logging_mixin.py:188} INFO - [2026-05-10T18:44:07.875+0000] {dag.py:3954} INFO - Setting next_dagrun for sneakerz_pipeline to 2026-05-10 18:00:00+00:00, run_after=2026-05-10 19:00:00+00:00
[2026-05-10T18:44:07.909+0000] {processor.py:183} INFO - Processing /opt/airflow/dags/sneakerz_pipeline.py took 0.212 seconds
[2026-05-10T18:44:38.193+0000] {processor.py:161} INFO - Started process (PID=2281) to work on /opt/airflow/dags/sneakerz_pipeline.py
[2026-05-10T18:44:38.194+0000] {processor.py:830} INFO - Processing file /opt/airflow/dags/sneakerz_pipeline.py for tasks to queue
[2026-05-10T18:44:38.199+0000] {logging_mixin.py:188} INFO - [2026-05-10T18:44:38.198+0000] {dagbag.py:540} INFO - Filling up the DagBag from /opt/airflow/dags/sneakerz_pipeline.py
[2026-05-10T18:44:38.238+0000] {processor.py:840} INFO - DAG(s) 'sneakerz_pipeline' retrieved from /opt/airflow/dags/sneakerz_pipeline.py
[2026-05-10T18:44:38.294+0000] {logging_mixin.py:188} INFO - [2026-05-10T18:44:38.293+0000] {dag.py:3096} INFO - Sync 1 DAGs
[2026-05-10T18:44:38.333+0000] {logging_mixin.py:188} INFO - [2026-05-10T18:44:38.333+0000] {dag.py:3954} INFO - Setting next_dagrun for sneakerz_pipeline to 2026-05-10 18:00:00+00:00, run_after=2026-05-10 19:00:00+00:00
[2026-05-10T18:44:38.366+0000] {processor.py:183} INFO - Processing /opt/airflow/dags/sneakerz_pipeline.py took 0.186 seconds
[2026-05-10T18:45:08.654+0000] {processor.py:161} INFO - Started process (PID=2286) to work on /opt/airflow/dags/sneakerz_pipeline.py
[2026-05-10T18:45:08.657+0000] {processor.py:830} INFO - Processing file /opt/airflow/dags/sneakerz_pipeline.py for tasks to queue
[2026-05-10T18:45:08.662+0000] {logging_mixin.py:188} INFO - [2026-05-10T18:45:08.661+0000] {dagbag.py:540} INFO - Filling up the DagBag from /opt/airflow/dags/sneakerz_pipeline.py
[2026-05-10T18:45:08.725+0000] {processor.py:840} INFO - DAG(s) 'sneakerz_pipeline' retrieved from /opt/airflow/dags/sneakerz_pipeline.py
[2026-05-10T18:45:08.795+0000] {logging_mixin.py:188} INFO - [2026-05-10T18:45:08.794+0000] {dag.py:3096} INFO - Sync 1 DAGs
[2026-05-10T18:45:08.843+0000] {logging_mixin.py:188} INFO - [2026-05-10T18:45:08.842+0000] {dag.py:3954} INFO - Setting next_dagrun for sneakerz_pipeline to 2026-05-10 18:00:00+00:00, run_after=2026-05-10 19:00:00+00:00
[2026-05-10T18:45:08.878+0000] {processor.py:183} INFO - Processing /opt/airflow/dags/sneakerz_pipeline.py took 0.243 seconds
[2026-05-10T18:45:39.134+0000] {processor.py:161} INFO - Started process (PID=2291) to work on /opt/airflow/dags/sneakerz_pipeline.py
[2026-05-10T18:45:39.136+0000] {processor.py:830} INFO - Processing file /opt/airflow/dags/sneakerz_pipeline.py for tasks to queue
[2026-05-10T18:45:39.138+0000] {logging_mixin.py:188} INFO - [2026-05-10T18:45:39.138+0000] {dagbag.py:540} INFO - Filling up the DagBag from /opt/airflow/dags/sneakerz_pipeline.py
[2026-05-10T18:45:39.175+0000] {processor.py:840} INFO - DAG(s) 'sneakerz_pipeline' retrieved from /opt/airflow/dags/sneakerz_pipeline.py
[2026-05-10T18:45:39.226+0000] {logging_mixin.py:188} INFO - [2026-05-10T18:45:39.226+0000] {dag.py:3096} INFO - Sync 1 DAGs
[2026-05-10T18:45:39.260+0000] {logging_mixin.py:188} INFO - [2026-05-10T18:45:39.260+0000] {dag.py:3954} INFO - Setting next_dagrun for sneakerz_pipeline to 2026-05-10 18:00:00+00:00, run_after=2026-05-10 19:00:00+00:00
[2026-05-10T18:45:39.292+0000] {processor.py:183} INFO - Processing /opt/airflow/dags/sneakerz_pipeline.py took 0.166 seconds
[2026-05-10T18:46:09.536+0000] {processor.py:161} INFO - Started process (PID=2296) to work on /opt/airflow/dags/sneakerz_pipeline.py
[2026-05-10T18:46:09.538+0000] {processor.py:830} INFO - Processing file /opt/airflow/dags/sneakerz_pipeline.py for tasks to queue
[2026-05-10T18:46:09.542+0000] {logging_mixin.py:188} INFO - [2026-05-10T18:46:09.541+0000] {dagbag.py:540} INFO - Filling up the DagBag from /opt/airflow/dags/sneakerz_pipeline.py
[2026-05-10T18:46:09.579+0000] {processor.py:840} INFO - DAG(s) 'sneakerz_pipeline' retrieved from /opt/airflow/dags/sneakerz_pipeline.py
[2026-05-10T18:46:09.630+0000] {logging_mixin.py:188} INFO - [2026-05-10T18:46:09.629+0000] {dag.py:3096} INFO - Sync 1 DAGs
[2026-05-10T18:46:09.661+0000] {logging_mixin.py:188} INFO - [2026-05-10T18:46:09.661+0000] {dag.py:3954} INFO - Setting next_dagrun for sneakerz_pipeline to 2026-05-10 18:00:00+00:00, run_after=2026-05-10 19:00:00+00:00
[2026-05-10T18:46:09.691+0000] {processor.py:183} INFO - Processing /opt/airflow/dags/sneakerz_pipeline.py took 0.163 seconds
[2026-05-10T18:46:39.802+0000] {processor.py:161} INFO - Started process (PID=2301) to work on /opt/airflow/dags/sneakerz_pipeline.py
[2026-05-10T18:46:39.804+0000] {processor.py:830} INFO - Processing file /opt/airflow/dags/sneakerz_pipeline.py for tasks to queue
[2026-05-10T18:46:39.808+0000] {logging_mixin.py:188} INFO - [2026-05-10T18:46:39.807+0000] {dagbag.py:540} INFO - Filling up the DagBag from /opt/airflow/dags/sneakerz_pipeline.py
[2026-05-10T18:46:39.842+0000] {processor.py:840} INFO - DAG(s) 'sneakerz_pipeline' retrieved from /opt/airflow/dags/sneakerz_pipeline.py
[2026-05-10T18:46:39.892+0000] {logging_mixin.py:188} INFO - [2026-05-10T18:46:39.892+0000] {dag.py:3096} INFO - Sync 1 DAGs
[2026-05-10T18:46:39.923+0000] {logging_mixin.py:188} INFO - [2026-05-10T18:46:39.923+0000] {dag.py:3954} INFO - Setting next_dagrun for sneakerz_pipeline to 2026-05-10 18:00:00+00:00, run_after=2026-05-10 19:00:00+00:00
[2026-05-10T18:46:39.954+0000] {processor.py:183} INFO - Processing /opt/airflow/dags/sneakerz_pipeline.py took 0.164 seconds
[2026-05-10T18:47:10.128+0000] {processor.py:161} INFO - Started process (PID=2306) to work on /opt/airflow/dags/sneakerz_pipeline.py
[2026-05-10T18:47:10.130+0000] {processor.py:830} INFO - Processing file /opt/airflow/dags/sneakerz_pipeline.py for tasks to queue
[2026-05-10T18:47:10.133+0000] {logging_mixin.py:188} INFO - [2026-05-10T18:47:10.132+0000] {dagbag.py:540} INFO - Filling up the DagBag from /opt/airflow/dags/sneakerz_pipeline.py
[2026-05-10T18:47:10.180+0000] {processor.py:840} INFO - DAG(s) 'sneakerz_pipeline' retrieved from /opt/airflow/dags/sneakerz_pipeline.py
[2026-05-10T18:47:10.230+0000] {logging_mixin.py:188} INFO - [2026-05-10T18:47:10.230+0000] {dag.py:3096} INFO - Sync 1 DAGs
[2026-05-10T18:47:10.268+0000] {logging_mixin.py:188} INFO - [2026-05-10T18:47:10.268+0000] {dag.py:3954} INFO - Setting next_dagrun for sneakerz_pipeline to 2026-05-10 18:00:00+00:00, run_after=2026-05-10 19:00:00+00:00
[2026-05-10T18:47:10.306+0000] {processor.py:183} INFO - Processing /opt/airflow/dags/sneakerz_pipeline.py took 0.187 seconds
[2026-05-10T18:47:40.406+0000] {processor.py:161} INFO - Started process (PID=2311) to work on /opt/airflow/dags/sneakerz_pipeline.py
[2026-05-10T18:47:40.408+0000] {processor.py:830} INFO - Processing file /opt/airflow/dags/sneakerz_pipeline.py for tasks to queue
[2026-05-10T18:47:40.412+0000] {logging_mixin.py:188} INFO - [2026-05-10T18:47:40.411+0000] {dagbag.py:540} INFO - Filling up the DagBag from /opt/airflow/dags/sneakerz_pipeline.py
[2026-05-10T18:47:40.451+0000] {processor.py:840} INFO - DAG(s) 'sneakerz_pipeline' retrieved from /opt/airflow/dags/sneakerz_pipeline.py
[2026-05-10T18:47:40.507+0000] {logging_mixin.py:188} INFO - [2026-05-10T18:47:40.507+0000] {dag.py:3096} INFO - Sync 1 DAGs
[2026-05-10T18:47:40.544+0000] {logging_mixin.py:188} INFO - [2026-05-10T18:47:40.544+0000] {dag.py:3954} INFO - Setting next_dagrun for sneakerz_pipeline to 2026-05-10 18:00:00+00:00, run_after=2026-05-10 19:00:00+00:00
[2026-05-10T18:47:40.576+0000] {processor.py:183} INFO - Processing /opt/airflow/dags/sneakerz_pipeline.py took 0.182 seconds
[2026-05-10T18:48:10.800+0000] {processor.py:161} INFO - Started process (PID=2316) to work on /opt/airflow/dags/sneakerz_pipeline.py
[2026-05-10T18:48:10.802+0000] {processor.py:830} INFO - Processing file /opt/airflow/dags/sneakerz_pipeline.py for tasks to queue
[2026-05-10T18:48:10.806+0000] {logging_mixin.py:188} INFO - [2026-05-10T18:48:10.805+0000] {dagbag.py:540} INFO - Filling up the DagBag from /opt/airflow/dags/sneakerz_pipeline.py
[2026-05-10T18:48:10.840+0000] {processor.py:840} INFO - DAG(s) 'sneakerz_pipeline' retrieved from /opt/airflow/dags/sneakerz_pipeline.py
[2026-05-10T18:48:10.899+0000] {logging_mixin.py:188} INFO - [2026-05-10T18:48:10.898+0000] {dag.py:3096} INFO - Sync 1 DAGs
[2026-05-10T18:48:10.940+0000] {logging_mixin.py:188} INFO - [2026-05-10T18:48:10.940+0000] {dag.py:3954} INFO - Setting next_dagrun for sneakerz_pipeline to 2026-05-10 18:00:00+00:00, run_after=2026-05-10 19:00:00+00:00
[2026-05-10T18:48:10.991+0000] {processor.py:183} INFO - Processing /opt/airflow/dags/sneakerz_pipeline.py took 0.203 seconds
[2026-05-10T18:48:41.226+0000] {processor.py:161} INFO - Started process (PID=2321) to work on /opt/airflow/dags/sneakerz_pipeline.py
[2026-05-10T18:48:41.229+0000] {processor.py:830} INFO - Processing file /opt/airflow/dags/sneakerz_pipeline.py for tasks to queue
[2026-05-10T18:48:41.232+0000] {logging_mixin.py:188} INFO - [2026-05-10T18:48:41.231+0000] {dagbag.py:540} INFO - Filling up the DagBag from /opt/airflow/dags/sneakerz_pipeline.py
[2026-05-10T18:48:41.267+0000] {processor.py:840} INFO - DAG(s) 'sneakerz_pipeline' retrieved from /opt/airflow/dags/sneakerz_pipeline.py
[2026-05-10T18:48:41.319+0000] {logging_mixin.py:188} INFO - [2026-05-10T18:48:41.319+0000] {dag.py:3096} INFO - Sync 1 DAGs
[2026-05-10T18:48:41.355+0000] {logging_mixin.py:188} INFO - [2026-05-10T18:48:41.354+0000] {dag.py:3954} INFO - Setting next_dagrun for sneakerz_pipeline to 2026-05-10 18:00:00+00:00, run_after=2026-05-10 19:00:00+00:00
[2026-05-10T18:48:41.386+0000] {processor.py:183} INFO - Processing /opt/airflow/dags/sneakerz_pipeline.py took 0.168 seconds
[2026-05-10T18:49:11.491+0000] {processor.py:161} INFO - Started process (PID=2326) to work on /opt/airflow/dags/sneakerz_pipeline.py
[2026-05-10T18:49:11.493+0000] {processor.py:830} INFO - Processing file /opt/airflow/dags/sneakerz_pipeline.py for tasks to queue
[2026-05-10T18:49:11.496+0000] {logging_mixin.py:188} INFO - [2026-05-10T18:49:11.496+0000] {dagbag.py:540} INFO - Filling up the DagBag from /opt/airflow/dags/sneakerz_pipeline.py
[2026-05-10T18:49:11.531+0000] {processor.py:840} INFO - DAG(s) 'sneakerz_pipeline' retrieved from /opt/airflow/dags/sneakerz_pipeline.py
[2026-05-10T18:49:11.580+0000] {logging_mixin.py:188} INFO - [2026-05-10T18:49:11.579+0000] {dag.py:3096} INFO - Sync 1 DAGs
[2026-05-10T18:49:11.612+0000] {logging_mixin.py:188} INFO - [2026-05-10T18:49:11.612+0000] {dag.py:3954} INFO - Setting next_dagrun for sneakerz_pipeline to 2026-05-10 18:00:00+00:00, run_after=2026-05-10 19:00:00+00:00
[2026-05-10T18:49:11.639+0000] {processor.py:183} INFO - Processing /opt/airflow/dags/sneakerz_pipeline.py took 0.158 seconds
[2026-05-10T18:49:41.862+0000] {processor.py:161} INFO - Started process (PID=2331) to work on /opt/airflow/dags/sneakerz_pipeline.py
[2026-05-10T18:49:41.863+0000] {processor.py:830} INFO - Processing file /opt/airflow/dags/sneakerz_pipeline.py for tasks to queue
[2026-05-10T18:49:41.867+0000] {logging_mixin.py:188} INFO - [2026-05-10T18:49:41.866+0000] {dagbag.py:540} INFO - Filling up the DagBag from /opt/airflow/dags/sneakerz_pipeline.py
[2026-05-10T18:49:41.904+0000] {processor.py:840} INFO - DAG(s) 'sneakerz_pipeline' retrieved from /opt/airflow/dags/sneakerz_pipeline.py
[2026-05-10T18:49:41.958+0000] {logging_mixin.py:188} INFO - [2026-05-10T18:49:41.957+0000] {dag.py:3096} INFO - Sync 1 DAGs
[2026-05-10T18:49:41.991+0000] {logging_mixin.py:188} INFO - [2026-05-10T18:49:41.991+0000] {dag.py:3954} INFO - Setting next_dagrun for sneakerz_pipeline to 2026-05-10 18:00:00+00:00, run_after=2026-05-10 19:00:00+00:00
[2026-05-10T18:49:42.019+0000] {processor.py:183} INFO - Processing /opt/airflow/dags/sneakerz_pipeline.py took 0.167 seconds
[2026-05-10T18:50:12.095+0000] {processor.py:161} INFO - Started process (PID=2336) to work on /opt/airflow/dags/sneakerz_pipeline.py
[2026-05-10T18:50:12.096+0000] {processor.py:830} INFO - Processing file /opt/airflow/dags/sneakerz_pipeline.py for tasks to queue
[2026-05-10T18:50:12.100+0000] {logging_mixin.py:188} INFO - [2026-05-10T18:50:12.099+0000] {dagbag.py:540} INFO - Filling up the DagBag from /opt/airflow/dags/sneakerz_pipeline.py
[2026-05-10T18:50:12.139+0000] {processor.py:840} INFO - DAG(s) 'sneakerz_pipeline' retrieved from /opt/airflow/dags/sneakerz_pipeline.py
[2026-05-10T18:50:12.199+0000] {logging_mixin.py:188} INFO - [2026-05-10T18:50:12.199+0000] {dag.py:3096} INFO - Sync 1 DAGs
[2026-05-10T18:50:12.237+0000] {logging_mixin.py:188} INFO - [2026-05-10T18:50:12.237+0000] {dag.py:3954} INFO - Setting next_dagrun for sneakerz_pipeline to 2026-05-10 18:00:00+00:00, run_after=2026-05-10 19:00:00+00:00
[2026-05-10T18:50:12.290+0000] {processor.py:183} INFO - Processing /opt/airflow/dags/sneakerz_pipeline.py took 0.206 seconds
[2026-05-10T18:50:42.492+0000] {processor.py:161} INFO - Started process (PID=2341) to work on /opt/airflow/dags/sneakerz_pipeline.py
[2026-05-10T18:50:42.494+0000] {processor.py:830} INFO - Processing file /opt/airflow/dags/sneakerz_pipeline.py for tasks to queue
[2026-05-10T18:50:42.499+0000] {logging_mixin.py:188} INFO - [2026-05-10T18:50:42.498+0000] {dagbag.py:540} INFO - Filling up the DagBag from /opt/airflow/dags/sneakerz_pipeline.py
[2026-05-10T18:50:42.552+0000] {processor.py:840} INFO - DAG(s) 'sneakerz_pipeline' retrieved from /opt/airflow/dags/sneakerz_pipeline.py
[2026-05-10T18:50:42.614+0000] {logging_mixin.py:188} INFO - [2026-05-10T18:50:42.613+0000] {dag.py:3096} INFO - Sync 1 DAGs
[2026-05-10T18:50:42.658+0000] {logging_mixin.py:188} INFO - [2026-05-10T18:50:42.658+0000] {dag.py:3954} INFO - Setting next_dagrun for sneakerz_pipeline to 2026-05-10 18:00:00+00:00, run_after=2026-05-10 19:00:00+00:00
[2026-05-10T18:50:42.699+0000] {processor.py:183} INFO - Processing /opt/airflow/dags/sneakerz_pipeline.py took 0.219 seconds
[2026-05-10T18:51:12.797+0000] {processor.py:161} INFO - Started process (PID=2346) to work on /opt/airflow/dags/sneakerz_pipeline.py
[2026-05-10T18:51:12.799+0000] {processor.py:830} INFO - Processing file /opt/airflow/dags/sneakerz_pipeline.py for tasks to queue
[2026-05-10T18:51:12.804+0000] {logging_mixin.py:188} INFO - [2026-05-10T18:51:12.803+0000] {dagbag.py:540} INFO - Filling up the DagBag from /opt/airflow/dags/sneakerz_pipeline.py
[2026-05-10T18:51:12.842+0000] {processor.py:840} INFO - DAG(s) 'sneakerz_pipeline' retrieved from /opt/airflow/dags/sneakerz_pipeline.py
[2026-05-10T18:51:12.894+0000] {logging_mixin.py:188} INFO - [2026-05-10T18:51:12.893+0000] {dag.py:3096} INFO - Sync 1 DAGs
[2026-05-10T18:51:12.930+0000] {logging_mixin.py:188} INFO - [2026-05-10T18:51:12.930+0000] {dag.py:3954} INFO - Setting next_dagrun for sneakerz_pipeline to 2026-05-10 18:00:00+00:00, run_after=2026-05-10 19:00:00+00:00
[2026-05-10T18:51:12.962+0000] {processor.py:183} INFO - Processing /opt/airflow/dags/sneakerz_pipeline.py took 0.176 seconds
[2026-05-10T18:51:43.296+0000] {processor.py:161} INFO - Started process (PID=2351) to work on /opt/airflow/dags/sneakerz_pipeline.py
[2026-05-10T18:51:43.298+0000] {processor.py:830} INFO - Processing file /opt/airflow/dags/sneakerz_pipeline.py for tasks to queue
[2026-05-10T18:51:43.301+0000] {logging_mixin.py:188} INFO - [2026-05-10T18:51:43.301+0000] {dagbag.py:540} INFO - Filling up the DagBag from /opt/airflow/dags/sneakerz_pipeline.py
[2026-05-10T18:51:43.338+0000] {processor.py:840} INFO - DAG(s) 'sneakerz_pipeline' retrieved from /opt/airflow/dags/sneakerz_pipeline.py
[2026-05-10T18:51:43.390+0000] {logging_mixin.py:188} INFO - [2026-05-10T18:51:43.390+0000] {dag.py:3096} INFO - Sync 1 DAGs
[2026-05-10T18:51:43.426+0000] {logging_mixin.py:188} INFO - [2026-05-10T18:51:43.426+0000] {dag.py:3954} INFO - Setting next_dagrun for sneakerz_pipeline to 2026-05-10 18:00:00+00:00, run_after=2026-05-10 19:00:00+00:00
[2026-05-10T18:51:43.457+0000] {processor.py:183} INFO - Processing /opt/airflow/dags/sneakerz_pipeline.py took 0.170 seconds
[2026-05-10T18:52:13.552+0000] {processor.py:161} INFO - Started process (PID=2356) to work on /opt/airflow/dags/sneakerz_pipeline.py
[2026-05-10T18:52:13.554+0000] {processor.py:830} INFO - Processing file /opt/airflow/dags/sneakerz_pipeline.py for tasks to queue
[2026-05-10T18:52:13.558+0000] {logging_mixin.py:188} INFO - [2026-05-10T18:52:13.558+0000] {dagbag.py:540} INFO - Filling up the DagBag from /opt/airflow/dags/sneakerz_pipeline.py
[2026-05-10T18:52:13.592+0000] {processor.py:840} INFO - DAG(s) 'sneakerz_pipeline' retrieved from /opt/airflow/dags/sneakerz_pipeline.py
[2026-05-10T18:52:13.646+0000] {logging_mixin.py:188} INFO - [2026-05-10T18:52:13.646+0000] {dag.py:3096} INFO - Sync 1 DAGs
[2026-05-10T18:52:13.682+0000] {logging_mixin.py:188} INFO - [2026-05-10T18:52:13.681+0000] {dag.py:3954} INFO - Setting next_dagrun for sneakerz_pipeline to 2026-05-10 18:00:00+00:00, run_after=2026-05-10 19:00:00+00:00
[2026-05-10T18:52:13.713+0000] {processor.py:183} INFO - Processing /opt/airflow/dags/sneakerz_pipeline.py took 0.172 seconds
[2026-05-10T18:52:43.950+0000] {processor.py:161} INFO - Started process (PID=2361) to work on /opt/airflow/dags/sneakerz_pipeline.py
[2026-05-10T18:52:43.952+0000] {processor.py:830} INFO - Processing file /opt/airflow/dags/sneakerz_pipeline.py for tasks to queue
[2026-05-10T18:52:43.956+0000] {logging_mixin.py:188} INFO - [2026-05-10T18:52:43.955+0000] {dagbag.py:540} INFO - Filling up the DagBag from /opt/airflow/dags/sneakerz_pipeline.py
[2026-05-10T18:52:43.996+0000] {processor.py:840} INFO - DAG(s) 'sneakerz_pipeline' retrieved from /opt/airflow/dags/sneakerz_pipeline.py
[2026-05-10T18:52:44.049+0000] {logging_mixin.py:188} INFO - [2026-05-10T18:52:44.049+0000] {dag.py:3096} INFO - Sync 1 DAGs
[2026-05-10T18:52:44.087+0000] {logging_mixin.py:188} INFO - [2026-05-10T18:52:44.086+0000] {dag.py:3954} INFO - Setting next_dagrun for sneakerz_pipeline to 2026-05-10 18:00:00+00:00, run_after=2026-05-10 19:00:00+00:00
[2026-05-10T18:52:44.121+0000] {processor.py:183} INFO - Processing /opt/airflow/dags/sneakerz_pipeline.py took 0.180 seconds
[2026-05-10T18:53:14.397+0000] {processor.py:161} INFO - Started process (PID=2366) to work on /opt/airflow/dags/sneakerz_pipeline.py
[2026-05-10T18:53:14.400+0000] {processor.py:830} INFO - Processing file /opt/airflow/dags/sneakerz_pipeline.py for tasks to queue
[2026-05-10T18:53:14.407+0000] {logging_mixin.py:188} INFO - [2026-05-10T18:53:14.406+0000] {dagbag.py:540} INFO - Filling up the DagBag from /opt/airflow/dags/sneakerz_pipeline.py
[2026-05-10T18:53:14.453+0000] {processor.py:840} INFO - DAG(s) 'sneakerz_pipeline' retrieved from /opt/airflow/dags/sneakerz_pipeline.py
[2026-05-10T18:53:14.522+0000] {logging_mixin.py:188} INFO - [2026-05-10T18:53:14.522+0000] {dag.py:3096} INFO - Sync 1 DAGs
[2026-05-10T18:53:14.572+0000] {logging_mixin.py:188} INFO - [2026-05-10T18:53:14.572+0000] {dag.py:3954} INFO - Setting next_dagrun for sneakerz_pipeline to 2026-05-10 18:00:00+00:00, run_after=2026-05-10 19:00:00+00:00
[2026-05-10T18:53:14.610+0000] {processor.py:183} INFO - Processing /opt/airflow/dags/sneakerz_pipeline.py took 0.224 seconds
[2026-05-10T18:53:44.861+0000] {processor.py:161} INFO - Started process (PID=2371) to work on /opt/airflow/dags/sneakerz_pipeline.py
[2026-05-10T18:53:44.863+0000] {processor.py:830} INFO - Processing file /opt/airflow/dags/sneakerz_pipeline.py for tasks to queue
[2026-05-10T18:53:44.866+0000] {logging_mixin.py:188} INFO - [2026-05-10T18:53:44.865+0000] {dagbag.py:540} INFO - Filling up the DagBag from /opt/airflow/dags/sneakerz_pipeline.py
[2026-05-10T18:53:44.902+0000] {processor.py:840} INFO - DAG(s) 'sneakerz_pipeline' retrieved from /opt/airflow/dags/sneakerz_pipeline.py
[2026-05-10T18:53:44.952+0000] {logging_mixin.py:188} INFO - [2026-05-10T18:53:44.952+0000] {dag.py:3096} INFO - Sync 1 DAGs
[2026-05-10T18:53:44.983+0000] {logging_mixin.py:188} INFO - [2026-05-10T18:53:44.983+0000] {dag.py:3954} INFO - Setting next_dagrun for sneakerz_pipeline to 2026-05-10 18:00:00+00:00, run_after=2026-05-10 19:00:00+00:00
[2026-05-10T18:53:45.015+0000] {processor.py:183} INFO - Processing /opt/airflow/dags/sneakerz_pipeline.py took 0.162 seconds
[2026-05-10T18:54:15.278+0000] {processor.py:161} INFO - Started process (PID=2376) to work on /opt/airflow/dags/sneakerz_pipeline.py
[2026-05-10T18:54:15.280+0000] {processor.py:830} INFO - Processing file /opt/airflow/dags/sneakerz_pipeline.py for tasks to queue
[2026-05-10T18:54:15.286+0000] {logging_mixin.py:188} INFO - [2026-05-10T18:54:15.284+0000] {dagbag.py:540} INFO - Filling up the DagBag from /opt/airflow/dags/sneakerz_pipeline.py
[2026-05-10T18:54:15.342+0000] {processor.py:840} INFO - DAG(s) 'sneakerz_pipeline' retrieved from /opt/airflow/dags/sneakerz_pipeline.py
[2026-05-10T18:54:15.398+0000] {logging_mixin.py:188} INFO - [2026-05-10T18:54:15.398+0000] {dag.py:3096} INFO - Sync 1 DAGs
[2026-05-10T18:54:15.437+0000] {logging_mixin.py:188} INFO - [2026-05-10T18:54:15.437+0000] {dag.py:3954} INFO - Setting next_dagrun for sneakerz_pipeline to 2026-05-10 18:00:00+00:00, run_after=2026-05-10 19:00:00+00:00
[2026-05-10T18:54:15.467+0000] {processor.py:183} INFO - Processing /opt/airflow/dags/sneakerz_pipeline.py took 0.202 seconds
[2026-05-10T18:54:45.727+0000] {processor.py:161} INFO - Started process (PID=2381) to work on /opt/airflow/dags/sneakerz_pipeline.py
[2026-05-10T18:54:45.729+0000] {processor.py:830} INFO - Processing file /opt/airflow/dags/sneakerz_pipeline.py for tasks to queue
[2026-05-10T18:54:45.733+0000] {logging_mixin.py:188} INFO - [2026-05-10T18:54:45.732+0000] {dagbag.py:540} INFO - Filling up the DagBag from /opt/airflow/dags/sneakerz_pipeline.py
[2026-05-10T18:54:45.772+0000] {processor.py:840} INFO - DAG(s) 'sneakerz_pipeline' retrieved from /opt/airflow/dags/sneakerz_pipeline.py
[2026-05-10T18:54:45.830+0000] {logging_mixin.py:188} INFO - [2026-05-10T18:54:45.830+0000] {dag.py:3096} INFO - Sync 1 DAGs
[2026-05-10T18:54:45.869+0000] {logging_mixin.py:188} INFO - [2026-05-10T18:54:45.868+0000] {dag.py:3954} INFO - Setting next_dagrun for sneakerz_pipeline to 2026-05-10 18:00:00+00:00, run_after=2026-05-10 19:00:00+00:00
[2026-05-10T18:54:45.903+0000] {processor.py:183} INFO - Processing /opt/airflow/dags/sneakerz_pipeline.py took 0.186 seconds
[2026-05-10T18:55:16.172+0000] {processor.py:161} INFO - Started process (PID=2386) to work on /opt/airflow/dags/sneakerz_pipeline.py
[2026-05-10T18:55:16.174+0000] {processor.py:830} INFO - Processing file /opt/airflow/dags/sneakerz_pipeline.py for tasks to queue
[2026-05-10T18:55:16.179+0000] {logging_mixin.py:188} INFO - [2026-05-10T18:55:16.178+0000] {dagbag.py:540} INFO - Filling up the DagBag from /opt/airflow/dags/sneakerz_pipeline.py
[2026-05-10T18:55:16.233+0000] {processor.py:840} INFO - DAG(s) 'sneakerz_pipeline' retrieved from /opt/airflow/dags/sneakerz_pipeline.py
[2026-05-10T18:55:16.288+0000] {logging_mixin.py:188} INFO - [2026-05-10T18:55:16.288+0000] {dag.py:3096} INFO - Sync 1 DAGs
[2026-05-10T18:55:16.328+0000] {logging_mixin.py:188} INFO - [2026-05-10T18:55:16.328+0000] {dag.py:3954} INFO - Setting next_dagrun for sneakerz_pipeline to 2026-05-10 18:00:00+00:00, run_after=2026-05-10 19:00:00+00:00
[2026-05-10T18:55:16.363+0000] {processor.py:183} INFO - Processing /opt/airflow/dags/sneakerz_pipeline.py took 0.205 seconds
[2026-05-10T18:55:46.630+0000] {processor.py:161} INFO - Started process (PID=2391) to work on /opt/airflow/dags/sneakerz_pipeline.py
[2026-05-10T18:55:46.632+0000] {processor.py:830} INFO - Processing file /opt/airflow/dags/sneakerz_pipeline.py for tasks to queue
[2026-05-10T18:55:46.635+0000] {logging_mixin.py:188} INFO - [2026-05-10T18:55:46.635+0000] {dagbag.py:540} INFO - Filling up the DagBag from /opt/airflow/dags/sneakerz_pipeline.py
[2026-05-10T18:55:46.676+0000] {processor.py:840} INFO - DAG(s) 'sneakerz_pipeline' retrieved from /opt/airflow/dags/sneakerz_pipeline.py
[2026-05-10T18:55:46.737+0000] {logging_mixin.py:188} INFO - [2026-05-10T18:55:46.737+0000] {dag.py:3096} INFO - Sync 1 DAGs
[2026-05-10T18:55:46.785+0000] {logging_mixin.py:188} INFO - [2026-05-10T18:55:46.784+0000] {dag.py:3954} INFO - Setting next_dagrun for sneakerz_pipeline to 2026-05-10 18:00:00+00:00, run_after=2026-05-10 19:00:00+00:00
[2026-05-10T18:55:46.823+0000] {processor.py:183} INFO - Processing /opt/airflow/dags/sneakerz_pipeline.py took 0.202 seconds
[2026-05-10T18:56:17.078+0000] {processor.py:161} INFO - Started process (PID=2396) to work on /opt/airflow/dags/sneakerz_pipeline.py
[2026-05-10T18:56:17.080+0000] {processor.py:830} INFO - Processing file /opt/airflow/dags/sneakerz_pipeline.py for tasks to queue
[2026-05-10T18:56:17.083+0000] {logging_mixin.py:188} INFO - [2026-05-10T18:56:17.083+0000] {dagbag.py:540} INFO - Filling up the DagBag from /opt/airflow/dags/sneakerz_pipeline.py
[2026-05-10T18:56:17.121+0000] {processor.py:840} INFO - DAG(s) 'sneakerz_pipeline' retrieved from /opt/airflow/dags/sneakerz_pipeline.py
[2026-05-10T18:56:17.175+0000] {logging_mixin.py:188} INFO - [2026-05-10T18:56:17.175+0000] {dag.py:3096} INFO - Sync 1 DAGs
[2026-05-10T18:56:17.210+0000] {logging_mixin.py:188} INFO - [2026-05-10T18:56:17.210+0000] {dag.py:3954} INFO - Setting next_dagrun for sneakerz_pipeline to 2026-05-10 18:00:00+00:00, run_after=2026-05-10 19:00:00+00:00
[2026-05-10T18:56:17.242+0000] {processor.py:183} INFO - Processing /opt/airflow/dags/sneakerz_pipeline.py took 0.175 seconds
[2026-05-10T18:56:47.360+0000] {processor.py:161} INFO - Started process (PID=2401) to work on /opt/airflow/dags/sneakerz_pipeline.py
[2026-05-10T18:56:47.362+0000] {processor.py:830} INFO - Processing file /opt/airflow/dags/sneakerz_pipeline.py for tasks to queue
[2026-05-10T18:56:47.366+0000] {logging_mixin.py:188} INFO - [2026-05-10T18:56:47.366+0000] {dagbag.py:540} INFO - Filling up the DagBag from /opt/airflow/dags/sneakerz_pipeline.py
[2026-05-10T18:56:47.407+0000] {processor.py:840} INFO - DAG(s) 'sneakerz_pipeline' retrieved from /opt/airflow/dags/sneakerz_pipeline.py
[2026-05-10T18:56:47.466+0000] {logging_mixin.py:188} INFO - [2026-05-10T18:56:47.465+0000] {dag.py:3096} INFO - Sync 1 DAGs
[2026-05-10T18:56:47.508+0000] {logging_mixin.py:188} INFO - [2026-05-10T18:56:47.508+0000] {dag.py:3954} INFO - Setting next_dagrun for sneakerz_pipeline to 2026-05-10 18:00:00+00:00, run_after=2026-05-10 19:00:00+00:00
[2026-05-10T18:56:47.544+0000] {processor.py:183} INFO - Processing /opt/airflow/dags/sneakerz_pipeline.py took 0.195 seconds
[2026-05-10T18:57:17.708+0000] {processor.py:161} INFO - Started process (PID=2406) to work on /opt/airflow/dags/sneakerz_pipeline.py
[2026-05-10T18:57:17.710+0000] {processor.py:830} INFO - Processing file /opt/airflow/dags/sneakerz_pipeline.py for tasks to queue
[2026-05-10T18:57:17.713+0000] {logging_mixin.py:188} INFO - [2026-05-10T18:57:17.713+0000] {dagbag.py:540} INFO - Filling up the DagBag from /opt/airflow/dags/sneakerz_pipeline.py
[2026-05-10T18:57:17.755+0000] {processor.py:840} INFO - DAG(s) 'sneakerz_pipeline' retrieved from /opt/airflow/dags/sneakerz_pipeline.py
[2026-05-10T18:57:17.806+0000] {logging_mixin.py:188} INFO - [2026-05-10T18:57:17.806+0000] {dag.py:3096} INFO - Sync 1 DAGs
[2026-05-10T18:57:17.844+0000] {logging_mixin.py:188} INFO - [2026-05-10T18:57:17.843+0000] {dag.py:3954} INFO - Setting next_dagrun for sneakerz_pipeline to 2026-05-10 18:00:00+00:00, run_after=2026-05-10 19:00:00+00:00
[2026-05-10T18:57:17.881+0000] {processor.py:183} INFO - Processing /opt/airflow/dags/sneakerz_pipeline.py took 0.181 seconds
[2026-05-10T18:57:47.974+0000] {processor.py:161} INFO - Started process (PID=2411) to work on /opt/airflow/dags/sneakerz_pipeline.py
[2026-05-10T18:57:47.976+0000] {processor.py:830} INFO - Processing file /opt/airflow/dags/sneakerz_pipeline.py for tasks to queue
[2026-05-10T18:57:47.979+0000] {logging_mixin.py:188} INFO - [2026-05-10T18:57:47.978+0000] {dagbag.py:540} INFO - Filling up the DagBag from /opt/airflow/dags/sneakerz_pipeline.py
[2026-05-10T18:57:48.018+0000] {processor.py:840} INFO - DAG(s) 'sneakerz_pipeline' retrieved from /opt/airflow/dags/sneakerz_pipeline.py
[2026-05-10T18:57:48.071+0000] {logging_mixin.py:188} INFO - [2026-05-10T18:57:48.071+0000] {dag.py:3096} INFO - Sync 1 DAGs
[2026-05-10T18:57:48.110+0000] {logging_mixin.py:188} INFO - [2026-05-10T18:57:48.110+0000] {dag.py:3954} INFO - Setting next_dagrun for sneakerz_pipeline to 2026-05-10 18:00:00+00:00, run_after=2026-05-10 19:00:00+00:00
[2026-05-10T18:57:48.146+0000] {processor.py:183} INFO - Processing /opt/airflow/dags/sneakerz_pipeline.py took 0.181 seconds
[2026-05-10T18:58:18.333+0000] {processor.py:161} INFO - Started process (PID=2416) to work on /opt/airflow/dags/sneakerz_pipeline.py
[2026-05-10T18:58:18.335+0000] {processor.py:830} INFO - Processing file /opt/airflow/dags/sneakerz_pipeline.py for tasks to queue
[2026-05-10T18:58:18.338+0000] {logging_mixin.py:188} INFO - [2026-05-10T18:58:18.337+0000] {dagbag.py:540} INFO - Filling up the DagBag from /opt/airflow/dags/sneakerz_pipeline.py
[2026-05-10T18:58:18.373+0000] {processor.py:840} INFO - DAG(s) 'sneakerz_pipeline' retrieved from /opt/airflow/dags/sneakerz_pipeline.py
[2026-05-10T18:58:18.423+0000] {logging_mixin.py:188} INFO - [2026-05-10T18:58:18.423+0000] {dag.py:3096} INFO - Sync 1 DAGs
[2026-05-10T18:58:18.458+0000] {logging_mixin.py:188} INFO - [2026-05-10T18:58:18.458+0000] {dag.py:3954} INFO - Setting next_dagrun for sneakerz_pipeline to 2026-05-10 18:00:00+00:00, run_after=2026-05-10 19:00:00+00:00
[2026-05-10T18:58:18.485+0000] {processor.py:183} INFO - Processing /opt/airflow/dags/sneakerz_pipeline.py took 0.162 seconds
[2026-05-10T18:58:48.602+0000] {processor.py:161} INFO - Started process (PID=2421) to work on /opt/airflow/dags/sneakerz_pipeline.py
[2026-05-10T18:58:48.604+0000] {processor.py:830} INFO - Processing file /opt/airflow/dags/sneakerz_pipeline.py for tasks to queue
[2026-05-10T18:58:48.607+0000] {logging_mixin.py:188} INFO - [2026-05-10T18:58:48.607+0000] {dagbag.py:540} INFO - Filling up the DagBag from /opt/airflow/dags/sneakerz_pipeline.py
[2026-05-10T18:58:48.648+0000] {processor.py:840} INFO - DAG(s) 'sneakerz_pipeline' retrieved from /opt/airflow/dags/sneakerz_pipeline.py
[2026-05-10T18:58:48.712+0000] {logging_mixin.py:188} INFO - [2026-05-10T18:58:48.712+0000] {dag.py:3096} INFO - Sync 1 DAGs
[2026-05-10T18:58:48.749+0000] {logging_mixin.py:188} INFO - [2026-05-10T18:58:48.749+0000] {dag.py:3954} INFO - Setting next_dagrun for sneakerz_pipeline to 2026-05-10 18:00:00+00:00, run_after=2026-05-10 19:00:00+00:00
[2026-05-10T18:58:48.780+0000] {processor.py:183} INFO - Processing /opt/airflow/dags/sneakerz_pipeline.py took 0.189 seconds
[2026-05-10T18:59:18.927+0000] {processor.py:161} INFO - Started process (PID=2426) to work on /opt/airflow/dags/sneakerz_pipeline.py
[2026-05-10T18:59:18.929+0000] {processor.py:830} INFO - Processing file /opt/airflow/dags/sneakerz_pipeline.py for tasks to queue
[2026-05-10T18:59:18.932+0000] {logging_mixin.py:188} INFO - [2026-05-10T18:59:18.932+0000] {dagbag.py:540} INFO - Filling up the DagBag from /opt/airflow/dags/sneakerz_pipeline.py
[2026-05-10T18:59:18.970+0000] {processor.py:840} INFO - DAG(s) 'sneakerz_pipeline' retrieved from /opt/airflow/dags/sneakerz_pipeline.py
[2026-05-10T18:59:19.021+0000] {logging_mixin.py:188} INFO - [2026-05-10T18:59:19.020+0000] {dag.py:3096} INFO - Sync 1 DAGs
[2026-05-10T18:59:19.055+0000] {logging_mixin.py:188} INFO - [2026-05-10T18:59:19.055+0000] {dag.py:3954} INFO - Setting next_dagrun for sneakerz_pipeline to 2026-05-10 18:00:00+00:00, run_after=2026-05-10 19:00:00+00:00
[2026-05-10T18:59:19.088+0000] {processor.py:183} INFO - Processing /opt/airflow/dags/sneakerz_pipeline.py took 0.169 seconds
[2026-05-10T18:59:49.222+0000] {processor.py:161} INFO - Started process (PID=2431) to work on /opt/airflow/dags/sneakerz_pipeline.py
[2026-05-10T18:59:49.224+0000] {processor.py:830} INFO - Processing file /opt/airflow/dags/sneakerz_pipeline.py for tasks to queue
[2026-05-10T18:59:49.228+0000] {logging_mixin.py:188} INFO - [2026-05-10T18:59:49.228+0000] {dagbag.py:540} INFO - Filling up the DagBag from /opt/airflow/dags/sneakerz_pipeline.py
[2026-05-10T18:59:49.265+0000] {processor.py:840} INFO - DAG(s) 'sneakerz_pipeline' retrieved from /opt/airflow/dags/sneakerz_pipeline.py
[2026-05-10T18:59:49.334+0000] {logging_mixin.py:188} INFO - [2026-05-10T18:59:49.333+0000] {dag.py:3096} INFO - Sync 1 DAGs
[2026-05-10T18:59:49.393+0000] {logging_mixin.py:188} INFO - [2026-05-10T18:59:49.392+0000] {dag.py:3954} INFO - Setting next_dagrun for sneakerz_pipeline to 2026-05-10 18:00:00+00:00, run_after=2026-05-10 19:00:00+00:00
[2026-05-10T18:59:49.445+0000] {processor.py:183} INFO - Processing /opt/airflow/dags/sneakerz_pipeline.py took 0.233 seconds
[2026-05-10T19:00:19.550+0000] {processor.py:161} INFO - Started process (PID=2444) to work on /opt/airflow/dags/sneakerz_pipeline.py
[2026-05-10T19:00:19.552+0000] {processor.py:830} INFO - Processing file /opt/airflow/dags/sneakerz_pipeline.py for tasks to queue
[2026-05-10T19:00:19.555+0000] {logging_mixin.py:188} INFO - [2026-05-10T19:00:19.554+0000] {dagbag.py:540} INFO - Filling up the DagBag from /opt/airflow/dags/sneakerz_pipeline.py
[2026-05-10T19:00:19.587+0000] {processor.py:840} INFO - DAG(s) 'sneakerz_pipeline' retrieved from /opt/airflow/dags/sneakerz_pipeline.py
[2026-05-10T19:00:19.653+0000] {logging_mixin.py:188} INFO - [2026-05-10T19:00:19.652+0000] {dag.py:3096} INFO - Sync 1 DAGs
[2026-05-10T19:00:19.701+0000] {logging_mixin.py:188} INFO - [2026-05-10T19:00:19.701+0000] {dag.py:3954} INFO - Setting next_dagrun for sneakerz_pipeline to 2026-05-10 19:00:00+00:00, run_after=2026-05-10 20:00:00+00:00
[2026-05-10T19:00:19.744+0000] {processor.py:183} INFO - Processing /opt/airflow/dags/sneakerz_pipeline.py took 0.204 seconds
[2026-05-10T19:00:49.932+0000] {processor.py:161} INFO - Started process (PID=2449) to work on /opt/airflow/dags/sneakerz_pipeline.py
[2026-05-10T19:00:49.934+0000] {processor.py:830} INFO - Processing file /opt/airflow/dags/sneakerz_pipeline.py for tasks to queue
[2026-05-10T19:00:49.939+0000] {logging_mixin.py:188} INFO - [2026-05-10T19:00:49.938+0000] {dagbag.py:540} INFO - Filling up the DagBag from /opt/airflow/dags/sneakerz_pipeline.py
[2026-05-10T19:00:49.986+0000] {processor.py:840} INFO - DAG(s) 'sneakerz_pipeline' retrieved from /opt/airflow/dags/sneakerz_pipeline.py
[2026-05-10T19:00:50.038+0000] {logging_mixin.py:188} INFO - [2026-05-10T19:00:50.038+0000] {dag.py:3096} INFO - Sync 1 DAGs
[2026-05-10T19:00:50.079+0000] {logging_mixin.py:188} INFO - [2026-05-10T19:00:50.078+0000] {dag.py:3954} INFO - Setting next_dagrun for sneakerz_pipeline to 2026-05-10 19:00:00+00:00, run_after=2026-05-10 20:00:00+00:00
[2026-05-10T19:00:50.109+0000] {processor.py:183} INFO - Processing /opt/airflow/dags/sneakerz_pipeline.py took 0.192 seconds
[2026-05-10T19:01:20.180+0000] {processor.py:161} INFO - Started process (PID=2454) to work on /opt/airflow/dags/sneakerz_pipeline.py
[2026-05-10T19:01:20.183+0000] {processor.py:830} INFO - Processing file /opt/airflow/dags/sneakerz_pipeline.py for tasks to queue
[2026-05-10T19:01:20.186+0000] {logging_mixin.py:188} INFO - [2026-05-10T19:01:20.185+0000] {dagbag.py:540} INFO - Filling up the DagBag from /opt/airflow/dags/sneakerz_pipeline.py
[2026-05-10T19:01:20.223+0000] {processor.py:840} INFO - DAG(s) 'sneakerz_pipeline' retrieved from /opt/airflow/dags/sneakerz_pipeline.py
[2026-05-10T19:01:20.277+0000] {logging_mixin.py:188} INFO - [2026-05-10T19:01:20.276+0000] {dag.py:3096} INFO - Sync 1 DAGs
[2026-05-10T19:01:20.312+0000] {logging_mixin.py:188} INFO - [2026-05-10T19:01:20.312+0000] {dag.py:3954} INFO - Setting next_dagrun for sneakerz_pipeline to 2026-05-10 19:00:00+00:00, run_after=2026-05-10 20:00:00+00:00
[2026-05-10T19:01:20.339+0000] {processor.py:183} INFO - Processing /opt/airflow/dags/sneakerz_pipeline.py took 0.169 seconds
[2026-05-10T19:01:50.618+0000] {processor.py:161} INFO - Started process (PID=2459) to work on /opt/airflow/dags/sneakerz_pipeline.py
[2026-05-10T19:01:50.620+0000] {processor.py:830} INFO - Processing file /opt/airflow/dags/sneakerz_pipeline.py for tasks to queue
[2026-05-10T19:01:50.623+0000] {logging_mixin.py:188} INFO - [2026-05-10T19:01:50.623+0000] {dagbag.py:540} INFO - Filling up the DagBag from /opt/airflow/dags/sneakerz_pipeline.py
[2026-05-10T19:01:50.657+0000] {processor.py:840} INFO - DAG(s) 'sneakerz_pipeline' retrieved from /opt/airflow/dags/sneakerz_pipeline.py
[2026-05-10T19:01:50.727+0000] {logging_mixin.py:188} INFO - [2026-05-10T19:01:50.727+0000] {dag.py:3096} INFO - Sync 1 DAGs
[2026-05-10T19:01:50.780+0000] {logging_mixin.py:188} INFO - [2026-05-10T19:01:50.779+0000] {dag.py:3954} INFO - Setting next_dagrun for sneakerz_pipeline to 2026-05-10 19:00:00+00:00, run_after=2026-05-10 20:00:00+00:00
[2026-05-10T19:01:50.822+0000] {processor.py:183} INFO - Processing /opt/airflow/dags/sneakerz_pipeline.py took 0.214 seconds
[2026-05-10T19:02:21.070+0000] {processor.py:161} INFO - Started process (PID=2464) to work on /opt/airflow/dags/sneakerz_pipeline.py
[2026-05-10T19:02:21.072+0000] {processor.py:830} INFO - Processing file /opt/airflow/dags/sneakerz_pipeline.py for tasks to queue
[2026-05-10T19:02:21.075+0000] {logging_mixin.py:188} INFO - [2026-05-10T19:02:21.075+0000] {dagbag.py:540} INFO - Filling up the DagBag from /opt/airflow/dags/sneakerz_pipeline.py
[2026-05-10T19:02:21.110+0000] {processor.py:840} INFO - DAG(s) 'sneakerz_pipeline' retrieved from /opt/airflow/dags/sneakerz_pipeline.py
[2026-05-10T19:02:21.159+0000] {logging_mixin.py:188} INFO - [2026-05-10T19:02:21.159+0000] {dag.py:3096} INFO - Sync 1 DAGs
[2026-05-10T19:02:21.191+0000] {logging_mixin.py:188} INFO - [2026-05-10T19:02:21.190+0000] {dag.py:3954} INFO - Setting next_dagrun for sneakerz_pipeline to 2026-05-10 19:00:00+00:00, run_after=2026-05-10 20:00:00+00:00
[2026-05-10T19:02:21.219+0000] {processor.py:183} INFO - Processing /opt/airflow/dags/sneakerz_pipeline.py took 0.161 seconds
[2026-05-10T19:02:51.455+0000] {processor.py:161} INFO - Started process (PID=2469) to work on /opt/airflow/dags/sneakerz_pipeline.py
[2026-05-10T19:02:51.457+0000] {processor.py:830} INFO - Processing file /opt/airflow/dags/sneakerz_pipeline.py for tasks to queue
[2026-05-10T19:02:51.461+0000] {logging_mixin.py:188} INFO - [2026-05-10T19:02:51.461+0000] {dagbag.py:540} INFO - Filling up the DagBag from /opt/airflow/dags/sneakerz_pipeline.py
[2026-05-10T19:02:51.494+0000] {processor.py:840} INFO - DAG(s) 'sneakerz_pipeline' retrieved from /opt/airflow/dags/sneakerz_pipeline.py
[2026-05-10T19:02:51.540+0000] {logging_mixin.py:188} INFO - [2026-05-10T19:02:51.540+0000] {dag.py:3096} INFO - Sync 1 DAGs
[2026-05-10T19:02:51.571+0000] {logging_mixin.py:188} INFO - [2026-05-10T19:02:51.571+0000] {dag.py:3954} INFO - Setting next_dagrun for sneakerz_pipeline to 2026-05-10 19:00:00+00:00, run_after=2026-05-10 20:00:00+00:00
[2026-05-10T19:02:51.610+0000] {processor.py:183} INFO - Processing /opt/airflow/dags/sneakerz_pipeline.py took 0.166 seconds
[2026-05-10T19:03:21.760+0000] {processor.py:161} INFO - Started process (PID=2474) to work on /opt/airflow/dags/sneakerz_pipeline.py
[2026-05-10T19:03:21.764+0000] {processor.py:830} INFO - Processing file /opt/airflow/dags/sneakerz_pipeline.py for tasks to queue
[2026-05-10T19:03:21.770+0000] {logging_mixin.py:188} INFO - [2026-05-10T19:03:21.769+0000] {dagbag.py:540} INFO - Filling up the DagBag from /opt/airflow/dags/sneakerz_pipeline.py
[2026-05-10T19:03:21.811+0000] {processor.py:840} INFO - DAG(s) 'sneakerz_pipeline' retrieved from /opt/airflow/dags/sneakerz_pipeline.py
[2026-05-10T19:03:21.874+0000] {logging_mixin.py:188} INFO - [2026-05-10T19:03:21.873+0000] {dag.py:3096} INFO - Sync 1 DAGs
[2026-05-10T19:03:21.917+0000] {logging_mixin.py:188} INFO - [2026-05-10T19:03:21.917+0000] {dag.py:3954} INFO - Setting next_dagrun for sneakerz_pipeline to 2026-05-10 19:00:00+00:00, run_after=2026-05-10 20:00:00+00:00
[2026-05-10T19:03:21.952+0000] {processor.py:183} INFO - Processing /opt/airflow/dags/sneakerz_pipeline.py took 0.225 seconds
[2026-05-10T19:03:52.114+0000] {processor.py:161} INFO - Started process (PID=2479) to work on /opt/airflow/dags/sneakerz_pipeline.py
[2026-05-10T19:03:52.117+0000] {processor.py:830} INFO - Processing file /opt/airflow/dags/sneakerz_pipeline.py for tasks to queue
[2026-05-10T19:03:52.121+0000] {logging_mixin.py:188} INFO - [2026-05-10T19:03:52.120+0000] {dagbag.py:540} INFO - Filling up the DagBag from /opt/airflow/dags/sneakerz_pipeline.py
[2026-05-10T19:03:52.165+0000] {processor.py:840} INFO - DAG(s) 'sneakerz_pipeline' retrieved from /opt/airflow/dags/sneakerz_pipeline.py
[2026-05-10T19:03:52.219+0000] {logging_mixin.py:188} INFO - [2026-05-10T19:03:52.218+0000] {dag.py:3096} INFO - Sync 1 DAGs
[2026-05-10T19:03:52.258+0000] {logging_mixin.py:188} INFO - [2026-05-10T19:03:52.258+0000] {dag.py:3954} INFO - Setting next_dagrun for sneakerz_pipeline to 2026-05-10 19:00:00+00:00, run_after=2026-05-10 20:00:00+00:00
[2026-05-10T19:03:52.293+0000] {processor.py:183} INFO - Processing /opt/airflow/dags/sneakerz_pipeline.py took 0.194 seconds
[2026-05-10T19:04:22.403+0000] {processor.py:161} INFO - Started process (PID=2484) to work on /opt/airflow/dags/sneakerz_pipeline.py
[2026-05-10T19:04:22.405+0000] {processor.py:830} INFO - Processing file /opt/airflow/dags/sneakerz_pipeline.py for tasks to queue
[2026-05-10T19:04:22.409+0000] {logging_mixin.py:188} INFO - [2026-05-10T19:04:22.408+0000] {dagbag.py:540} INFO - Filling up the DagBag from /opt/airflow/dags/sneakerz_pipeline.py
[2026-05-10T19:04:22.446+0000] {processor.py:840} INFO - DAG(s) 'sneakerz_pipeline' retrieved from /opt/airflow/dags/sneakerz_pipeline.py
[2026-05-10T19:04:22.499+0000] {logging_mixin.py:188} INFO - [2026-05-10T19:04:22.499+0000] {dag.py:3096} INFO - Sync 1 DAGs
[2026-05-10T19:04:22.537+0000] {logging_mixin.py:188} INFO - [2026-05-10T19:04:22.537+0000] {dag.py:3954} INFO - Setting next_dagrun for sneakerz_pipeline to 2026-05-10 19:00:00+00:00, run_after=2026-05-10 20:00:00+00:00
[2026-05-10T19:04:22.571+0000] {processor.py:183} INFO - Processing /opt/airflow/dags/sneakerz_pipeline.py took 0.178 seconds
[2026-05-10T19:04:52.765+0000] {processor.py:161} INFO - Started process (PID=2489) to work on /opt/airflow/dags/sneakerz_pipeline.py
[2026-05-10T19:04:52.767+0000] {processor.py:830} INFO - Processing file /opt/airflow/dags/sneakerz_pipeline.py for tasks to queue
[2026-05-10T19:04:52.771+0000] {logging_mixin.py:188} INFO - [2026-05-10T19:04:52.770+0000] {dagbag.py:540} INFO - Filling up the DagBag from /opt/airflow/dags/sneakerz_pipeline.py
[2026-05-10T19:04:52.817+0000] {processor.py:840} INFO - DAG(s) 'sneakerz_pipeline' retrieved from /opt/airflow/dags/sneakerz_pipeline.py
[2026-05-10T19:04:52.884+0000] {logging_mixin.py:188} INFO - [2026-05-10T19:04:52.884+0000] {dag.py:3096} INFO - Sync 1 DAGs
[2026-05-10T19:04:52.929+0000] {logging_mixin.py:188} INFO - [2026-05-10T19:04:52.929+0000] {dag.py:3954} INFO - Setting next_dagrun for sneakerz_pipeline to 2026-05-10 19:00:00+00:00, run_after=2026-05-10 20:00:00+00:00
[2026-05-10T19:04:52.965+0000] {processor.py:183} INFO - Processing /opt/airflow/dags/sneakerz_pipeline.py took 0.216 seconds
[2026-05-10T19:05:23.083+0000] {processor.py:161} INFO - Started process (PID=2502) to work on /opt/airflow/dags/sneakerz_pipeline.py
[2026-05-10T19:05:23.085+0000] {processor.py:830} INFO - Processing file /opt/airflow/dags/sneakerz_pipeline.py for tasks to queue
[2026-05-10T19:05:23.090+0000] {logging_mixin.py:188} INFO - [2026-05-10T19:05:23.089+0000] {dagbag.py:540} INFO - Filling up the DagBag from /opt/airflow/dags/sneakerz_pipeline.py
[2026-05-10T19:05:23.138+0000] {processor.py:840} INFO - DAG(s) 'sneakerz_pipeline' retrieved from /opt/airflow/dags/sneakerz_pipeline.py
[2026-05-10T19:05:23.201+0000] {logging_mixin.py:188} INFO - [2026-05-10T19:05:23.200+0000] {dag.py:3096} INFO - Sync 1 DAGs
[2026-05-10T19:05:23.240+0000] {logging_mixin.py:188} INFO - [2026-05-10T19:05:23.240+0000] {dag.py:3954} INFO - Setting next_dagrun for sneakerz_pipeline to 2026-05-10 19:00:00+00:00, run_after=2026-05-10 20:00:00+00:00
[2026-05-10T19:05:23.281+0000] {processor.py:183} INFO - Processing /opt/airflow/dags/sneakerz_pipeline.py took 0.213 seconds
[2026-05-10T19:05:53.504+0000] {processor.py:161} INFO - Started process (PID=2507) to work on /opt/airflow/dags/sneakerz_pipeline.py
[2026-05-10T19:05:53.505+0000] {processor.py:830} INFO - Processing file /opt/airflow/dags/sneakerz_pipeline.py for tasks to queue
[2026-05-10T19:05:53.509+0000] {logging_mixin.py:188} INFO - [2026-05-10T19:05:53.509+0000] {dagbag.py:540} INFO - Filling up the DagBag from /opt/airflow/dags/sneakerz_pipeline.py
[2026-05-10T19:05:53.557+0000] {processor.py:840} INFO - DAG(s) 'sneakerz_pipeline' retrieved from /opt/airflow/dags/sneakerz_pipeline.py
[2026-05-10T19:05:53.615+0000] {logging_mixin.py:188} INFO - [2026-05-10T19:05:53.615+0000] {dag.py:3096} INFO - Sync 1 DAGs
[2026-05-10T19:05:53.657+0000] {logging_mixin.py:188} INFO - [2026-05-10T19:05:53.657+0000] {dag.py:3954} INFO - Setting next_dagrun for sneakerz_pipeline to 2026-05-10 19:00:00+00:00, run_after=2026-05-10 20:00:00+00:00
[2026-05-10T19:05:53.696+0000] {processor.py:183} INFO - Processing /opt/airflow/dags/sneakerz_pipeline.py took 0.206 seconds
[2026-05-10T19:06:23.797+0000] {processor.py:161} INFO - Started process (PID=2512) to work on /opt/airflow/dags/sneakerz_pipeline.py
[2026-05-10T19:06:23.800+0000] {processor.py:830} INFO - Processing file /opt/airflow/dags/sneakerz_pipeline.py for tasks to queue
[2026-05-10T19:06:23.805+0000] {logging_mixin.py:188} INFO - [2026-05-10T19:06:23.804+0000] {dagbag.py:540} INFO - Filling up the DagBag from /opt/airflow/dags/sneakerz_pipeline.py
[2026-05-10T19:06:23.851+0000] {processor.py:840} INFO - DAG(s) 'sneakerz_pipeline' retrieved from /opt/airflow/dags/sneakerz_pipeline.py
[2026-05-10T19:06:23.911+0000] {logging_mixin.py:188} INFO - [2026-05-10T19:06:23.910+0000] {dag.py:3096} INFO - Sync 1 DAGs
[2026-05-10T19:06:23.952+0000] {logging_mixin.py:188} INFO - [2026-05-10T19:06:23.952+0000] {dag.py:3954} INFO - Setting next_dagrun for sneakerz_pipeline to 2026-05-10 19:00:00+00:00, run_after=2026-05-10 20:00:00+00:00
[2026-05-10T19:06:23.984+0000] {processor.py:183} INFO - Processing /opt/airflow/dags/sneakerz_pipeline.py took 0.203 seconds
[2026-05-10T19:06:54.237+0000] {processor.py:161} INFO - Started process (PID=2517) to work on /opt/airflow/dags/sneakerz_pipeline.py
[2026-05-10T19:06:54.238+0000] {processor.py:830} INFO - Processing file /opt/airflow/dags/sneakerz_pipeline.py for tasks to queue
[2026-05-10T19:06:54.241+0000] {logging_mixin.py:188} INFO - [2026-05-10T19:06:54.241+0000] {dagbag.py:540} INFO - Filling up the DagBag from /opt/airflow/dags/sneakerz_pipeline.py
[2026-05-10T19:06:54.274+0000] {processor.py:840} INFO - DAG(s) 'sneakerz_pipeline' retrieved from /opt/airflow/dags/sneakerz_pipeline.py
[2026-05-10T19:06:54.324+0000] {logging_mixin.py:188} INFO - [2026-05-10T19:06:54.324+0000] {dag.py:3096} INFO - Sync 1 DAGs
[2026-05-10T19:06:54.357+0000] {logging_mixin.py:188} INFO - [2026-05-10T19:06:54.357+0000] {dag.py:3954} INFO - Setting next_dagrun for sneakerz_pipeline to 2026-05-10 19:00:00+00:00, run_after=2026-05-10 20:00:00+00:00
[2026-05-10T19:06:54.390+0000] {processor.py:183} INFO - Processing /opt/airflow/dags/sneakerz_pipeline.py took 0.160 seconds
[2026-05-10T19:07:24.461+0000] {processor.py:161} INFO - Started process (PID=2522) to work on /opt/airflow/dags/sneakerz_pipeline.py
[2026-05-10T19:07:24.463+0000] {processor.py:830} INFO - Processing file /opt/airflow/dags/sneakerz_pipeline.py for tasks to queue
[2026-05-10T19:07:24.466+0000] {logging_mixin.py:188} INFO - [2026-05-10T19:07:24.465+0000] {dagbag.py:540} INFO - Filling up the DagBag from /opt/airflow/dags/sneakerz_pipeline.py
[2026-05-10T19:07:24.499+0000] {processor.py:840} INFO - DAG(s) 'sneakerz_pipeline' retrieved from /opt/airflow/dags/sneakerz_pipeline.py
[2026-05-10T19:07:24.550+0000] {logging_mixin.py:188} INFO - [2026-05-10T19:07:24.549+0000] {dag.py:3096} INFO - Sync 1 DAGs
[2026-05-10T19:07:24.583+0000] {logging_mixin.py:188} INFO - [2026-05-10T19:07:24.583+0000] {dag.py:3954} INFO - Setting next_dagrun for sneakerz_pipeline to 2026-05-10 19:00:00+00:00, run_after=2026-05-10 20:00:00+00:00
[2026-05-10T19:07:24.613+0000] {processor.py:183} INFO - Processing /opt/airflow/dags/sneakerz_pipeline.py took 0.160 seconds
[2026-05-10T19:07:54.828+0000] {processor.py:161} INFO - Started process (PID=2527) to work on /opt/airflow/dags/sneakerz_pipeline.py
[2026-05-10T19:07:54.830+0000] {processor.py:830} INFO - Processing file /opt/airflow/dags/sneakerz_pipeline.py for tasks to queue
[2026-05-10T19:07:54.834+0000] {logging_mixin.py:188} INFO - [2026-05-10T19:07:54.833+0000] {dagbag.py:540} INFO - Filling up the DagBag from /opt/airflow/dags/sneakerz_pipeline.py
[2026-05-10T19:07:54.870+0000] {processor.py:840} INFO - DAG(s) 'sneakerz_pipeline' retrieved from /opt/airflow/dags/sneakerz_pipeline.py
[2026-05-10T19:07:54.918+0000] {logging_mixin.py:188} INFO - [2026-05-10T19:07:54.917+0000] {dag.py:3096} INFO - Sync 1 DAGs
[2026-05-10T19:07:54.951+0000] {logging_mixin.py:188} INFO - [2026-05-10T19:07:54.951+0000] {dag.py:3954} INFO - Setting next_dagrun for sneakerz_pipeline to 2026-05-10 19:00:00+00:00, run_after=2026-05-10 20:00:00+00:00
[2026-05-10T19:07:54.982+0000] {processor.py:183} INFO - Processing /opt/airflow/dags/sneakerz_pipeline.py took 0.164 seconds
[2026-05-10T19:08:25.143+0000] {processor.py:161} INFO - Started process (PID=2532) to work on /opt/airflow/dags/sneakerz_pipeline.py
[2026-05-10T19:08:25.150+0000] {processor.py:830} INFO - Processing file /opt/airflow/dags/sneakerz_pipeline.py for tasks to queue
[2026-05-10T19:08:25.162+0000] {logging_mixin.py:188} INFO - [2026-05-10T19:08:25.157+0000] {dagbag.py:540} INFO - Filling up the DagBag from /opt/airflow/dags/sneakerz_pipeline.py
[2026-05-10T19:08:25.273+0000] {processor.py:840} INFO - DAG(s) 'sneakerz_pipeline' retrieved from /opt/airflow/dags/sneakerz_pipeline.py
[2026-05-10T19:08:25.381+0000] {logging_mixin.py:188} INFO - [2026-05-10T19:08:25.381+0000] {dag.py:3096} INFO - Sync 1 DAGs
[2026-05-10T19:08:25.437+0000] {logging_mixin.py:188} INFO - [2026-05-10T19:08:25.437+0000] {dag.py:3954} INFO - Setting next_dagrun for sneakerz_pipeline to 2026-05-10 19:00:00+00:00, run_after=2026-05-10 20:00:00+00:00
[2026-05-10T19:08:25.487+0000] {processor.py:183} INFO - Processing /opt/airflow/dags/sneakerz_pipeline.py took 0.382 seconds
[2026-05-10T19:08:55.780+0000] {processor.py:161} INFO - Started process (PID=2537) to work on /opt/airflow/dags/sneakerz_pipeline.py
[2026-05-10T19:08:55.783+0000] {processor.py:830} INFO - Processing file /opt/airflow/dags/sneakerz_pipeline.py for tasks to queue
[2026-05-10T19:08:55.787+0000] {logging_mixin.py:188} INFO - [2026-05-10T19:08:55.786+0000] {dagbag.py:540} INFO - Filling up the DagBag from /opt/airflow/dags/sneakerz_pipeline.py
[2026-05-10T19:08:55.827+0000] {processor.py:840} INFO - DAG(s) 'sneakerz_pipeline' retrieved from /opt/airflow/dags/sneakerz_pipeline.py
[2026-05-10T19:08:55.886+0000] {logging_mixin.py:188} INFO - [2026-05-10T19:08:55.885+0000] {dag.py:3096} INFO - Sync 1 DAGs
[2026-05-10T19:08:55.926+0000] {logging_mixin.py:188} INFO - [2026-05-10T19:08:55.925+0000] {dag.py:3954} INFO - Setting next_dagrun for sneakerz_pipeline to 2026-05-10 19:00:00+00:00, run_after=2026-05-10 20:00:00+00:00
[2026-05-10T19:08:55.959+0000] {processor.py:183} INFO - Processing /opt/airflow/dags/sneakerz_pipeline.py took 0.190 seconds
[2026-05-10T19:09:26.249+0000] {processor.py:161} INFO - Started process (PID=2542) to work on /opt/airflow/dags/sneakerz_pipeline.py
[2026-05-10T19:09:26.252+0000] {processor.py:830} INFO - Processing file /opt/airflow/dags/sneakerz_pipeline.py for tasks to queue
[2026-05-10T19:09:26.256+0000] {logging_mixin.py:188} INFO - [2026-05-10T19:09:26.255+0000] {dagbag.py:540} INFO - Filling up the DagBag from /opt/airflow/dags/sneakerz_pipeline.py
[2026-05-10T19:09:26.292+0000] {processor.py:840} INFO - DAG(s) 'sneakerz_pipeline' retrieved from /opt/airflow/dags/sneakerz_pipeline.py
[2026-05-10T19:09:26.345+0000] {logging_mixin.py:188} INFO - [2026-05-10T19:09:26.345+0000] {dag.py:3096} INFO - Sync 1 DAGs
[2026-05-10T19:09:26.390+0000] {logging_mixin.py:188} INFO - [2026-05-10T19:09:26.390+0000] {dag.py:3954} INFO - Setting next_dagrun for sneakerz_pipeline to 2026-05-10 19:00:00+00:00, run_after=2026-05-10 20:00:00+00:00
[2026-05-10T19:09:26.431+0000] {processor.py:183} INFO - Processing /opt/airflow/dags/sneakerz_pipeline.py took 0.191 seconds
[2026-05-10T19:09:56.703+0000] {processor.py:161} INFO - Started process (PID=2547) to work on /opt/airflow/dags/sneakerz_pipeline.py
[2026-05-10T19:09:56.705+0000] {processor.py:830} INFO - Processing file /opt/airflow/dags/sneakerz_pipeline.py for tasks to queue
[2026-05-10T19:09:56.710+0000] {logging_mixin.py:188} INFO - [2026-05-10T19:09:56.709+0000] {dagbag.py:540} INFO - Filling up the DagBag from /opt/airflow/dags/sneakerz_pipeline.py
[2026-05-10T19:09:56.745+0000] {processor.py:840} INFO - DAG(s) 'sneakerz_pipeline' retrieved from /opt/airflow/dags/sneakerz_pipeline.py
[2026-05-10T19:09:56.794+0000] {logging_mixin.py:188} INFO - [2026-05-10T19:09:56.794+0000] {dag.py:3096} INFO - Sync 1 DAGs
[2026-05-10T19:09:56.830+0000] {logging_mixin.py:188} INFO - [2026-05-10T19:09:56.830+0000] {dag.py:3954} INFO - Setting next_dagrun for sneakerz_pipeline to 2026-05-10 19:00:00+00:00, run_after=2026-05-10 20:00:00+00:00
[2026-05-10T19:09:56.866+0000] {processor.py:183} INFO - Processing /opt/airflow/dags/sneakerz_pipeline.py took 0.174 seconds
[2026-05-10T19:10:27.057+0000] {processor.py:161} INFO - Started process (PID=2560) to work on /opt/airflow/dags/sneakerz_pipeline.py
[2026-05-10T19:10:27.060+0000] {processor.py:830} INFO - Processing file /opt/airflow/dags/sneakerz_pipeline.py for tasks to queue
[2026-05-10T19:10:27.067+0000] {logging_mixin.py:188} INFO - [2026-05-10T19:10:27.066+0000] {dagbag.py:540} INFO - Filling up the DagBag from /opt/airflow/dags/sneakerz_pipeline.py
[2026-05-10T19:10:27.126+0000] {processor.py:840} INFO - DAG(s) 'sneakerz_pipeline' retrieved from /opt/airflow/dags/sneakerz_pipeline.py
[2026-05-10T19:10:27.213+0000] {logging_mixin.py:188} INFO - [2026-05-10T19:10:27.212+0000] {dag.py:3096} INFO - Sync 1 DAGs
[2026-05-10T19:10:27.254+0000] {logging_mixin.py:188} INFO - [2026-05-10T19:10:27.254+0000] {dag.py:3954} INFO - Setting next_dagrun for sneakerz_pipeline to 2026-05-10 19:00:00+00:00, run_after=2026-05-10 20:00:00+00:00
[2026-05-10T19:10:27.287+0000] {processor.py:183} INFO - Processing /opt/airflow/dags/sneakerz_pipeline.py took 0.250 seconds
[2026-05-10T19:10:57.554+0000] {processor.py:161} INFO - Started process (PID=2565) to work on /opt/airflow/dags/sneakerz_pipeline.py
[2026-05-10T19:10:57.556+0000] {processor.py:830} INFO - Processing file /opt/airflow/dags/sneakerz_pipeline.py for tasks to queue
[2026-05-10T19:10:57.560+0000] {logging_mixin.py:188} INFO - [2026-05-10T19:10:57.559+0000] {dagbag.py:540} INFO - Filling up the DagBag from /opt/airflow/dags/sneakerz_pipeline.py
[2026-05-10T19:10:57.601+0000] {processor.py:840} INFO - DAG(s) 'sneakerz_pipeline' retrieved from /opt/airflow/dags/sneakerz_pipeline.py
[2026-05-10T19:10:57.664+0000] {logging_mixin.py:188} INFO - [2026-05-10T19:10:57.663+0000] {dag.py:3096} INFO - Sync 1 DAGs
[2026-05-10T19:10:57.740+0000] {logging_mixin.py:188} INFO - [2026-05-10T19:10:57.739+0000] {dag.py:3954} INFO - Setting next_dagrun for sneakerz_pipeline to 2026-05-10 19:00:00+00:00, run_after=2026-05-10 20:00:00+00:00
[2026-05-10T19:10:57.790+0000] {processor.py:183} INFO - Processing /opt/airflow/dags/sneakerz_pipeline.py took 0.246 seconds
[2026-05-10T19:11:28.135+0000] {processor.py:161} INFO - Started process (PID=2570) to work on /opt/airflow/dags/sneakerz_pipeline.py
[2026-05-10T19:11:28.137+0000] {processor.py:830} INFO - Processing file /opt/airflow/dags/sneakerz_pipeline.py for tasks to queue
[2026-05-10T19:11:28.139+0000] {logging_mixin.py:188} INFO - [2026-05-10T19:11:28.139+0000] {dagbag.py:540} INFO - Filling up the DagBag from /opt/airflow/dags/sneakerz_pipeline.py
[2026-05-10T19:11:28.178+0000] {processor.py:840} INFO - DAG(s) 'sneakerz_pipeline' retrieved from /opt/airflow/dags/sneakerz_pipeline.py
[2026-05-10T19:11:28.242+0000] {logging_mixin.py:188} INFO - [2026-05-10T19:11:28.242+0000] {dag.py:3096} INFO - Sync 1 DAGs
[2026-05-10T19:11:28.284+0000] {logging_mixin.py:188} INFO - [2026-05-10T19:11:28.283+0000] {dag.py:3954} INFO - Setting next_dagrun for sneakerz_pipeline to 2026-05-10 19:00:00+00:00, run_after=2026-05-10 20:00:00+00:00
[2026-05-10T19:11:28.318+0000] {processor.py:183} INFO - Processing /opt/airflow/dags/sneakerz_pipeline.py took 0.193 seconds
[2026-05-10T19:11:58.585+0000] {processor.py:161} INFO - Started process (PID=2575) to work on /opt/airflow/dags/sneakerz_pipeline.py
[2026-05-10T19:11:58.587+0000] {processor.py:830} INFO - Processing file /opt/airflow/dags/sneakerz_pipeline.py for tasks to queue
[2026-05-10T19:11:58.591+0000] {logging_mixin.py:188} INFO - [2026-05-10T19:11:58.590+0000] {dagbag.py:540} INFO - Filling up the DagBag from /opt/airflow/dags/sneakerz_pipeline.py
[2026-05-10T19:11:58.628+0000] {processor.py:840} INFO - DAG(s) 'sneakerz_pipeline' retrieved from /opt/airflow/dags/sneakerz_pipeline.py
[2026-05-10T19:11:58.683+0000] {logging_mixin.py:188} INFO - [2026-05-10T19:11:58.683+0000] {dag.py:3096} INFO - Sync 1 DAGs
[2026-05-10T19:11:58.720+0000] {logging_mixin.py:188} INFO - [2026-05-10T19:11:58.719+0000] {dag.py:3954} INFO - Setting next_dagrun for sneakerz_pipeline to 2026-05-10 19:00:00+00:00, run_after=2026-05-10 20:00:00+00:00
[2026-05-10T19:11:58.750+0000] {processor.py:183} INFO - Processing /opt/airflow/dags/sneakerz_pipeline.py took 0.174 seconds
[2026-05-10T19:12:29.054+0000] {processor.py:161} INFO - Started process (PID=2580) to work on /opt/airflow/dags/sneakerz_pipeline.py
[2026-05-10T19:12:29.056+0000] {processor.py:830} INFO - Processing file /opt/airflow/dags/sneakerz_pipeline.py for tasks to queue
[2026-05-10T19:12:29.060+0000] {logging_mixin.py:188} INFO - [2026-05-10T19:12:29.059+0000] {dagbag.py:540} INFO - Filling up the DagBag from /opt/airflow/dags/sneakerz_pipeline.py
[2026-05-10T19:12:29.108+0000] {processor.py:840} INFO - DAG(s) 'sneakerz_pipeline' retrieved from /opt/airflow/dags/sneakerz_pipeline.py
[2026-05-10T19:12:29.190+0000] {logging_mixin.py:188} INFO - [2026-05-10T19:12:29.190+0000] {dag.py:3096} INFO - Sync 1 DAGs
[2026-05-10T19:12:29.245+0000] {logging_mixin.py:188} INFO - [2026-05-10T19:12:29.245+0000] {dag.py:3954} INFO - Setting next_dagrun for sneakerz_pipeline to 2026-05-10 19:00:00+00:00, run_after=2026-05-10 20:00:00+00:00
[2026-05-10T19:12:29.294+0000] {processor.py:183} INFO - Processing /opt/airflow/dags/sneakerz_pipeline.py took 0.251 seconds
[2026-05-10T19:12:59.573+0000] {processor.py:161} INFO - Started process (PID=2585) to work on /opt/airflow/dags/sneakerz_pipeline.py
[2026-05-10T19:12:59.574+0000] {processor.py:830} INFO - Processing file /opt/airflow/dags/sneakerz_pipeline.py for tasks to queue
[2026-05-10T19:12:59.578+0000] {logging_mixin.py:188} INFO - [2026-05-10T19:12:59.578+0000] {dagbag.py:540} INFO - Filling up the DagBag from /opt/airflow/dags/sneakerz_pipeline.py
[2026-05-10T19:12:59.618+0000] {processor.py:840} INFO - DAG(s) 'sneakerz_pipeline' retrieved from /opt/airflow/dags/sneakerz_pipeline.py
[2026-05-10T19:12:59.676+0000] {logging_mixin.py:188} INFO - [2026-05-10T19:12:59.675+0000] {dag.py:3096} INFO - Sync 1 DAGs
[2026-05-10T19:12:59.711+0000] {logging_mixin.py:188} INFO - [2026-05-10T19:12:59.711+0000] {dag.py:3954} INFO - Setting next_dagrun for sneakerz_pipeline to 2026-05-10 19:00:00+00:00, run_after=2026-05-10 20:00:00+00:00
[2026-05-10T19:12:59.743+0000] {processor.py:183} INFO - Processing /opt/airflow/dags/sneakerz_pipeline.py took 0.178 seconds
[2026-05-10T19:13:30.046+0000] {processor.py:161} INFO - Started process (PID=2590) to work on /opt/airflow/dags/sneakerz_pipeline.py
[2026-05-10T19:13:30.050+0000] {processor.py:830} INFO - Processing file /opt/airflow/dags/sneakerz_pipeline.py for tasks to queue
[2026-05-10T19:13:30.056+0000] {logging_mixin.py:188} INFO - [2026-05-10T19:13:30.055+0000] {dagbag.py:540} INFO - Filling up the DagBag from /opt/airflow/dags/sneakerz_pipeline.py
[2026-05-10T19:13:30.111+0000] {processor.py:840} INFO - DAG(s) 'sneakerz_pipeline' retrieved from /opt/airflow/dags/sneakerz_pipeline.py
[2026-05-10T19:13:30.174+0000] {logging_mixin.py:188} INFO - [2026-05-10T19:13:30.173+0000] {dag.py:3096} INFO - Sync 1 DAGs
[2026-05-10T19:13:30.228+0000] {logging_mixin.py:188} INFO - [2026-05-10T19:13:30.228+0000] {dag.py:3954} INFO - Setting next_dagrun for sneakerz_pipeline to 2026-05-10 19:00:00+00:00, run_after=2026-05-10 20:00:00+00:00
[2026-05-10T19:13:30.277+0000] {processor.py:183} INFO - Processing /opt/airflow/dags/sneakerz_pipeline.py took 0.247 seconds
[2026-05-10T19:14:00.579+0000] {processor.py:161} INFO - Started process (PID=2595) to work on /opt/airflow/dags/sneakerz_pipeline.py
[2026-05-10T19:14:00.581+0000] {processor.py:830} INFO - Processing file /opt/airflow/dags/sneakerz_pipeline.py for tasks to queue
[2026-05-10T19:14:00.584+0000] {logging_mixin.py:188} INFO - [2026-05-10T19:14:00.583+0000] {dagbag.py:540} INFO - Filling up the DagBag from /opt/airflow/dags/sneakerz_pipeline.py
[2026-05-10T19:14:00.620+0000] {processor.py:840} INFO - DAG(s) 'sneakerz_pipeline' retrieved from /opt/airflow/dags/sneakerz_pipeline.py
[2026-05-10T19:14:00.677+0000] {logging_mixin.py:188} INFO - [2026-05-10T19:14:00.677+0000] {dag.py:3096} INFO - Sync 1 DAGs
[2026-05-10T19:14:00.719+0000] {logging_mixin.py:188} INFO - [2026-05-10T19:14:00.718+0000] {dag.py:3954} INFO - Setting next_dagrun for sneakerz_pipeline to 2026-05-10 19:00:00+00:00, run_after=2026-05-10 20:00:00+00:00
[2026-05-10T19:14:00.755+0000] {processor.py:183} INFO - Processing /opt/airflow/dags/sneakerz_pipeline.py took 0.187 seconds
[2026-05-10T19:14:31.015+0000] {processor.py:161} INFO - Started process (PID=2600) to work on /opt/airflow/dags/sneakerz_pipeline.py
[2026-05-10T19:14:31.018+0000] {processor.py:830} INFO - Processing file /opt/airflow/dags/sneakerz_pipeline.py for tasks to queue
[2026-05-10T19:14:31.021+0000] {logging_mixin.py:188} INFO - [2026-05-10T19:14:31.021+0000] {dagbag.py:540} INFO - Filling up the DagBag from /opt/airflow/dags/sneakerz_pipeline.py
[2026-05-10T19:14:31.058+0000] {processor.py:840} INFO - DAG(s) 'sneakerz_pipeline' retrieved from /opt/airflow/dags/sneakerz_pipeline.py
[2026-05-10T19:14:31.117+0000] {logging_mixin.py:188} INFO - [2026-05-10T19:14:31.117+0000] {dag.py:3096} INFO - Sync 1 DAGs
[2026-05-10T19:14:31.153+0000] {logging_mixin.py:188} INFO - [2026-05-10T19:14:31.153+0000] {dag.py:3954} INFO - Setting next_dagrun for sneakerz_pipeline to 2026-05-10 19:00:00+00:00, run_after=2026-05-10 20:00:00+00:00
[2026-05-10T19:14:31.189+0000] {processor.py:183} INFO - Processing /opt/airflow/dags/sneakerz_pipeline.py took 0.185 seconds
[2026-05-10T19:15:01.435+0000] {processor.py:161} INFO - Started process (PID=2605) to work on /opt/airflow/dags/sneakerz_pipeline.py
[2026-05-10T19:15:01.437+0000] {processor.py:830} INFO - Processing file /opt/airflow/dags/sneakerz_pipeline.py for tasks to queue
[2026-05-10T19:15:01.441+0000] {logging_mixin.py:188} INFO - [2026-05-10T19:15:01.440+0000] {dagbag.py:540} INFO - Filling up the DagBag from /opt/airflow/dags/sneakerz_pipeline.py
[2026-05-10T19:15:01.479+0000] {processor.py:840} INFO - DAG(s) 'sneakerz_pipeline' retrieved from /opt/airflow/dags/sneakerz_pipeline.py
[2026-05-10T19:15:01.540+0000] {logging_mixin.py:188} INFO - [2026-05-10T19:15:01.540+0000] {dag.py:3096} INFO - Sync 1 DAGs
[2026-05-10T19:15:01.588+0000] {logging_mixin.py:188} INFO - [2026-05-10T19:15:01.588+0000] {dag.py:3954} INFO - Setting next_dagrun for sneakerz_pipeline to 2026-05-10 19:00:00+00:00, run_after=2026-05-10 20:00:00+00:00
[2026-05-10T19:15:01.625+0000] {processor.py:183} INFO - Processing /opt/airflow/dags/sneakerz_pipeline.py took 0.201 seconds
[2026-05-10T19:15:31.879+0000] {processor.py:161} INFO - Started process (PID=2610) to work on /opt/airflow/dags/sneakerz_pipeline.py
[2026-05-10T19:15:31.882+0000] {processor.py:830} INFO - Processing file /opt/airflow/dags/sneakerz_pipeline.py for tasks to queue
[2026-05-10T19:15:31.885+0000] {logging_mixin.py:188} INFO - [2026-05-10T19:15:31.885+0000] {dagbag.py:540} INFO - Filling up the DagBag from /opt/airflow/dags/sneakerz_pipeline.py
[2026-05-10T19:15:31.928+0000] {processor.py:840} INFO - DAG(s) 'sneakerz_pipeline' retrieved from /opt/airflow/dags/sneakerz_pipeline.py
[2026-05-10T19:15:31.979+0000] {logging_mixin.py:188} INFO - [2026-05-10T19:15:31.979+0000] {dag.py:3096} INFO - Sync 1 DAGs
[2026-05-10T19:15:32.017+0000] {logging_mixin.py:188} INFO - [2026-05-10T19:15:32.016+0000] {dag.py:3954} INFO - Setting next_dagrun for sneakerz_pipeline to 2026-05-10 19:00:00+00:00, run_after=2026-05-10 20:00:00+00:00
[2026-05-10T19:15:32.050+0000] {processor.py:183} INFO - Processing /opt/airflow/dags/sneakerz_pipeline.py took 0.183 seconds
[2026-05-10T19:16:02.348+0000] {processor.py:161} INFO - Started process (PID=2615) to work on /opt/airflow/dags/sneakerz_pipeline.py
[2026-05-10T19:16:02.350+0000] {processor.py:830} INFO - Processing file /opt/airflow/dags/sneakerz_pipeline.py for tasks to queue
[2026-05-10T19:16:02.354+0000] {logging_mixin.py:188} INFO - [2026-05-10T19:16:02.353+0000] {dagbag.py:540} INFO - Filling up the DagBag from /opt/airflow/dags/sneakerz_pipeline.py
[2026-05-10T19:16:02.393+0000] {processor.py:840} INFO - DAG(s) 'sneakerz_pipeline' retrieved from /opt/airflow/dags/sneakerz_pipeline.py
[2026-05-10T19:16:02.454+0000] {logging_mixin.py:188} INFO - [2026-05-10T19:16:02.454+0000] {dag.py:3096} INFO - Sync 1 DAGs
[2026-05-10T19:16:02.496+0000] {logging_mixin.py:188} INFO - [2026-05-10T19:16:02.496+0000] {dag.py:3954} INFO - Setting next_dagrun for sneakerz_pipeline to 2026-05-10 19:00:00+00:00, run_after=2026-05-10 20:00:00+00:00
[2026-05-10T19:16:02.539+0000] {processor.py:183} INFO - Processing /opt/airflow/dags/sneakerz_pipeline.py took 0.210 seconds
[2026-05-10T19:16:32.798+0000] {processor.py:161} INFO - Started process (PID=2620) to work on /opt/airflow/dags/sneakerz_pipeline.py
[2026-05-10T19:16:32.800+0000] {processor.py:830} INFO - Processing file /opt/airflow/dags/sneakerz_pipeline.py for tasks to queue
[2026-05-10T19:16:32.804+0000] {logging_mixin.py:188} INFO - [2026-05-10T19:16:32.803+0000] {dagbag.py:540} INFO - Filling up the DagBag from /opt/airflow/dags/sneakerz_pipeline.py
[2026-05-10T19:16:32.839+0000] {processor.py:840} INFO - DAG(s) 'sneakerz_pipeline' retrieved from /opt/airflow/dags/sneakerz_pipeline.py
[2026-05-10T19:16:32.885+0000] {logging_mixin.py:188} INFO - [2026-05-10T19:16:32.885+0000] {dag.py:3096} INFO - Sync 1 DAGs
[2026-05-10T19:16:32.918+0000] {logging_mixin.py:188} INFO - [2026-05-10T19:16:32.918+0000] {dag.py:3954} INFO - Setting next_dagrun for sneakerz_pipeline to 2026-05-10 19:00:00+00:00, run_after=2026-05-10 20:00:00+00:00
[2026-05-10T19:16:32.952+0000] {processor.py:183} INFO - Processing /opt/airflow/dags/sneakerz_pipeline.py took 0.165 seconds
[2026-05-10T19:17:03.035+0000] {processor.py:161} INFO - Started process (PID=2625) to work on /opt/airflow/dags/sneakerz_pipeline.py
[2026-05-10T19:17:03.038+0000] {processor.py:830} INFO - Processing file /opt/airflow/dags/sneakerz_pipeline.py for tasks to queue
[2026-05-10T19:17:03.042+0000] {logging_mixin.py:188} INFO - [2026-05-10T19:17:03.041+0000] {dagbag.py:540} INFO - Filling up the DagBag from /opt/airflow/dags/sneakerz_pipeline.py
[2026-05-10T19:17:03.087+0000] {processor.py:840} INFO - DAG(s) 'sneakerz_pipeline' retrieved from /opt/airflow/dags/sneakerz_pipeline.py
[2026-05-10T19:17:03.142+0000] {logging_mixin.py:188} INFO - [2026-05-10T19:17:03.142+0000] {dag.py:3096} INFO - Sync 1 DAGs
[2026-05-10T19:17:03.179+0000] {logging_mixin.py:188} INFO - [2026-05-10T19:17:03.178+0000] {dag.py:3954} INFO - Setting next_dagrun for sneakerz_pipeline to 2026-05-10 19:00:00+00:00, run_after=2026-05-10 20:00:00+00:00
[2026-05-10T19:17:03.209+0000] {processor.py:183} INFO - Processing /opt/airflow/dags/sneakerz_pipeline.py took 0.186 seconds
[2026-05-10T19:17:33.434+0000] {processor.py:161} INFO - Started process (PID=2630) to work on /opt/airflow/dags/sneakerz_pipeline.py
[2026-05-10T19:17:33.437+0000] {processor.py:830} INFO - Processing file /opt/airflow/dags/sneakerz_pipeline.py for tasks to queue
[2026-05-10T19:17:33.440+0000] {logging_mixin.py:188} INFO - [2026-05-10T19:17:33.439+0000] {dagbag.py:540} INFO - Filling up the DagBag from /opt/airflow/dags/sneakerz_pipeline.py
[2026-05-10T19:17:33.480+0000] {processor.py:840} INFO - DAG(s) 'sneakerz_pipeline' retrieved from /opt/airflow/dags/sneakerz_pipeline.py
[2026-05-10T19:17:33.548+0000] {logging_mixin.py:188} INFO - [2026-05-10T19:17:33.548+0000] {dag.py:3096} INFO - Sync 1 DAGs
[2026-05-10T19:17:33.591+0000] {logging_mixin.py:188} INFO - [2026-05-10T19:17:33.591+0000] {dag.py:3954} INFO - Setting next_dagrun for sneakerz_pipeline to 2026-05-10 19:00:00+00:00, run_after=2026-05-10 20:00:00+00:00
[2026-05-10T19:17:33.630+0000] {processor.py:183} INFO - Processing /opt/airflow/dags/sneakerz_pipeline.py took 0.207 seconds
[2026-05-10T19:18:03.903+0000] {processor.py:161} INFO - Started process (PID=2635) to work on /opt/airflow/dags/sneakerz_pipeline.py
[2026-05-10T19:18:03.905+0000] {processor.py:830} INFO - Processing file /opt/airflow/dags/sneakerz_pipeline.py for tasks to queue
[2026-05-10T19:18:03.909+0000] {logging_mixin.py:188} INFO - [2026-05-10T19:18:03.909+0000] {dagbag.py:540} INFO - Filling up the DagBag from /opt/airflow/dags/sneakerz_pipeline.py
[2026-05-10T19:18:03.951+0000] {processor.py:840} INFO - DAG(s) 'sneakerz_pipeline' retrieved from /opt/airflow/dags/sneakerz_pipeline.py
[2026-05-10T19:18:04.023+0000] {logging_mixin.py:188} INFO - [2026-05-10T19:18:04.023+0000] {dag.py:3096} INFO - Sync 1 DAGs
[2026-05-10T19:18:04.075+0000] {logging_mixin.py:188} INFO - [2026-05-10T19:18:04.074+0000] {dag.py:3954} INFO - Setting next_dagrun for sneakerz_pipeline to 2026-05-10 19:00:00+00:00, run_after=2026-05-10 20:00:00+00:00
[2026-05-10T19:18:04.117+0000] {processor.py:183} INFO - Processing /opt/airflow/dags/sneakerz_pipeline.py took 0.227 seconds
[2026-05-10T19:18:34.453+0000] {processor.py:161} INFO - Started process (PID=2640) to work on /opt/airflow/dags/sneakerz_pipeline.py
[2026-05-10T19:18:34.456+0000] {processor.py:830} INFO - Processing file /opt/airflow/dags/sneakerz_pipeline.py for tasks to queue
[2026-05-10T19:18:34.460+0000] {logging_mixin.py:188} INFO - [2026-05-10T19:18:34.459+0000] {dagbag.py:540} INFO - Filling up the DagBag from /opt/airflow/dags/sneakerz_pipeline.py
[2026-05-10T19:18:34.501+0000] {processor.py:840} INFO - DAG(s) 'sneakerz_pipeline' retrieved from /opt/airflow/dags/sneakerz_pipeline.py
[2026-05-10T19:18:34.554+0000] {logging_mixin.py:188} INFO - [2026-05-10T19:18:34.554+0000] {dag.py:3096} INFO - Sync 1 DAGs
[2026-05-10T19:18:34.590+0000] {logging_mixin.py:188} INFO - [2026-05-10T19:18:34.589+0000] {dag.py:3954} INFO - Setting next_dagrun for sneakerz_pipeline to 2026-05-10 19:00:00+00:00, run_after=2026-05-10 20:00:00+00:00
[2026-05-10T19:18:34.619+0000] {processor.py:183} INFO - Processing /opt/airflow/dags/sneakerz_pipeline.py took 0.181 seconds
[2026-05-10T19:19:04.875+0000] {processor.py:161} INFO - Started process (PID=2645) to work on /opt/airflow/dags/sneakerz_pipeline.py
[2026-05-10T19:19:04.877+0000] {processor.py:830} INFO - Processing file /opt/airflow/dags/sneakerz_pipeline.py for tasks to queue
[2026-05-10T19:19:04.880+0000] {logging_mixin.py:188} INFO - [2026-05-10T19:19:04.879+0000] {dagbag.py:540} INFO - Filling up the DagBag from /opt/airflow/dags/sneakerz_pipeline.py
[2026-05-10T19:19:04.918+0000] {processor.py:840} INFO - DAG(s) 'sneakerz_pipeline' retrieved from /opt/airflow/dags/sneakerz_pipeline.py
[2026-05-10T19:19:04.979+0000] {logging_mixin.py:188} INFO - [2026-05-10T19:19:04.979+0000] {dag.py:3096} INFO - Sync 1 DAGs
[2026-05-10T19:19:05.022+0000] {logging_mixin.py:188} INFO - [2026-05-10T19:19:05.021+0000] {dag.py:3954} INFO - Setting next_dagrun for sneakerz_pipeline to 2026-05-10 19:00:00+00:00, run_after=2026-05-10 20:00:00+00:00
[2026-05-10T19:19:05.056+0000] {processor.py:183} INFO - Processing /opt/airflow/dags/sneakerz_pipeline.py took 0.191 seconds
[2026-05-10T19:19:35.337+0000] {processor.py:161} INFO - Started process (PID=2650) to work on /opt/airflow/dags/sneakerz_pipeline.py
[2026-05-10T19:19:35.339+0000] {processor.py:830} INFO - Processing file /opt/airflow/dags/sneakerz_pipeline.py for tasks to queue
[2026-05-10T19:19:35.343+0000] {logging_mixin.py:188} INFO - [2026-05-10T19:19:35.342+0000] {dagbag.py:540} INFO - Filling up the DagBag from /opt/airflow/dags/sneakerz_pipeline.py
[2026-05-10T19:19:35.385+0000] {processor.py:840} INFO - DAG(s) 'sneakerz_pipeline' retrieved from /opt/airflow/dags/sneakerz_pipeline.py
[2026-05-10T19:19:35.447+0000] {logging_mixin.py:188} INFO - [2026-05-10T19:19:35.446+0000] {dag.py:3096} INFO - Sync 1 DAGs
[2026-05-10T19:19:35.487+0000] {logging_mixin.py:188} INFO - [2026-05-10T19:19:35.487+0000] {dag.py:3954} INFO - Setting next_dagrun for sneakerz_pipeline to 2026-05-10 19:00:00+00:00, run_after=2026-05-10 20:00:00+00:00
[2026-05-10T19:19:35.523+0000] {processor.py:183} INFO - Processing /opt/airflow/dags/sneakerz_pipeline.py took 0.199 seconds
[2026-05-10T19:20:05.886+0000] {processor.py:161} INFO - Started process (PID=2655) to work on /opt/airflow/dags/sneakerz_pipeline.py
[2026-05-10T19:20:05.892+0000] {processor.py:830} INFO - Processing file /opt/airflow/dags/sneakerz_pipeline.py for tasks to queue
[2026-05-10T19:20:05.900+0000] {logging_mixin.py:188} INFO - [2026-05-10T19:20:05.900+0000] {dagbag.py:540} INFO - Filling up the DagBag from /opt/airflow/dags/sneakerz_pipeline.py
[2026-05-10T19:20:05.968+0000] {processor.py:840} INFO - DAG(s) 'sneakerz_pipeline' retrieved from /opt/airflow/dags/sneakerz_pipeline.py
[2026-05-10T19:20:06.044+0000] {logging_mixin.py:188} INFO - [2026-05-10T19:20:06.043+0000] {dag.py:3096} INFO - Sync 1 DAGs
[2026-05-10T19:20:06.081+0000] {logging_mixin.py:188} INFO - [2026-05-10T19:20:06.081+0000] {dag.py:3954} INFO - Setting next_dagrun for sneakerz_pipeline to 2026-05-10 19:00:00+00:00, run_after=2026-05-10 20:00:00+00:00
[2026-05-10T19:20:06.116+0000] {processor.py:183} INFO - Processing /opt/airflow/dags/sneakerz_pipeline.py took 0.281 seconds
[2026-05-10T19:20:36.386+0000] {processor.py:161} INFO - Started process (PID=2660) to work on /opt/airflow/dags/sneakerz_pipeline.py
[2026-05-10T19:20:36.389+0000] {processor.py:830} INFO - Processing file /opt/airflow/dags/sneakerz_pipeline.py for tasks to queue
[2026-05-10T19:20:36.392+0000] {logging_mixin.py:188} INFO - [2026-05-10T19:20:36.391+0000] {dagbag.py:540} INFO - Filling up the DagBag from /opt/airflow/dags/sneakerz_pipeline.py
[2026-05-10T19:20:36.429+0000] {processor.py:840} INFO - DAG(s) 'sneakerz_pipeline' retrieved from /opt/airflow/dags/sneakerz_pipeline.py
[2026-05-10T19:20:36.484+0000] {logging_mixin.py:188} INFO - [2026-05-10T19:20:36.484+0000] {dag.py:3096} INFO - Sync 1 DAGs
[2026-05-10T19:20:36.525+0000] {logging_mixin.py:188} INFO - [2026-05-10T19:20:36.525+0000] {dag.py:3954} INFO - Setting next_dagrun for sneakerz_pipeline to 2026-05-10 19:00:00+00:00, run_after=2026-05-10 20:00:00+00:00
[2026-05-10T19:20:36.556+0000] {processor.py:183} INFO - Processing /opt/airflow/dags/sneakerz_pipeline.py took 0.182 seconds
[2026-05-10T19:21:06.830+0000] {processor.py:161} INFO - Started process (PID=2665) to work on /opt/airflow/dags/sneakerz_pipeline.py
[2026-05-10T19:21:06.833+0000] {processor.py:830} INFO - Processing file /opt/airflow/dags/sneakerz_pipeline.py for tasks to queue
[2026-05-10T19:21:06.837+0000] {logging_mixin.py:188} INFO - [2026-05-10T19:21:06.837+0000] {dagbag.py:540} INFO - Filling up the DagBag from /opt/airflow/dags/sneakerz_pipeline.py
[2026-05-10T19:21:06.881+0000] {processor.py:840} INFO - DAG(s) 'sneakerz_pipeline' retrieved from /opt/airflow/dags/sneakerz_pipeline.py
[2026-05-10T19:21:06.941+0000] {logging_mixin.py:188} INFO - [2026-05-10T19:21:06.941+0000] {dag.py:3096} INFO - Sync 1 DAGs
[2026-05-10T19:21:06.980+0000] {logging_mixin.py:188} INFO - [2026-05-10T19:21:06.979+0000] {dag.py:3954} INFO - Setting next_dagrun for sneakerz_pipeline to 2026-05-10 19:00:00+00:00, run_after=2026-05-10 20:00:00+00:00
[2026-05-10T19:21:07.024+0000] {processor.py:183} INFO - Processing /opt/airflow/dags/sneakerz_pipeline.py took 0.205 seconds
[2026-05-10T19:21:37.118+0000] {processor.py:161} INFO - Started process (PID=2670) to work on /opt/airflow/dags/sneakerz_pipeline.py
[2026-05-10T19:21:37.121+0000] {processor.py:830} INFO - Processing file /opt/airflow/dags/sneakerz_pipeline.py for tasks to queue
[2026-05-10T19:21:37.125+0000] {logging_mixin.py:188} INFO - [2026-05-10T19:21:37.124+0000] {dagbag.py:540} INFO - Filling up the DagBag from /opt/airflow/dags/sneakerz_pipeline.py
[2026-05-10T19:21:37.168+0000] {processor.py:840} INFO - DAG(s) 'sneakerz_pipeline' retrieved from /opt/airflow/dags/sneakerz_pipeline.py
[2026-05-10T19:21:37.235+0000] {logging_mixin.py:188} INFO - [2026-05-10T19:21:37.234+0000] {dag.py:3096} INFO - Sync 1 DAGs
[2026-05-10T19:21:37.280+0000] {logging_mixin.py:188} INFO - [2026-05-10T19:21:37.279+0000] {dag.py:3954} INFO - Setting next_dagrun for sneakerz_pipeline to 2026-05-10 19:00:00+00:00, run_after=2026-05-10 20:00:00+00:00
[2026-05-10T19:21:37.318+0000] {processor.py:183} INFO - Processing /opt/airflow/dags/sneakerz_pipeline.py took 0.212 seconds
[2026-05-10T19:22:07.522+0000] {processor.py:161} INFO - Started process (PID=2675) to work on /opt/airflow/dags/sneakerz_pipeline.py
[2026-05-10T19:22:07.524+0000] {processor.py:830} INFO - Processing file /opt/airflow/dags/sneakerz_pipeline.py for tasks to queue
[2026-05-10T19:22:07.528+0000] {logging_mixin.py:188} INFO - [2026-05-10T19:22:07.528+0000] {dagbag.py:540} INFO - Filling up the DagBag from /opt/airflow/dags/sneakerz_pipeline.py
[2026-05-10T19:22:07.574+0000] {processor.py:840} INFO - DAG(s) 'sneakerz_pipeline' retrieved from /opt/airflow/dags/sneakerz_pipeline.py
[2026-05-10T19:22:07.629+0000] {logging_mixin.py:188} INFO - [2026-05-10T19:22:07.629+0000] {dag.py:3096} INFO - Sync 1 DAGs
[2026-05-10T19:22:07.670+0000] {logging_mixin.py:188} INFO - [2026-05-10T19:22:07.670+0000] {dag.py:3954} INFO - Setting next_dagrun for sneakerz_pipeline to 2026-05-10 19:00:00+00:00, run_after=2026-05-10 20:00:00+00:00
[2026-05-10T19:22:07.711+0000] {processor.py:183} INFO - Processing /opt/airflow/dags/sneakerz_pipeline.py took 0.200 seconds
[2026-05-10T19:22:37.825+0000] {processor.py:161} INFO - Started process (PID=2680) to work on /opt/airflow/dags/sneakerz_pipeline.py
[2026-05-10T19:22:37.828+0000] {processor.py:830} INFO - Processing file /opt/airflow/dags/sneakerz_pipeline.py for tasks to queue
[2026-05-10T19:22:37.832+0000] {logging_mixin.py:188} INFO - [2026-05-10T19:22:37.832+0000] {dagbag.py:540} INFO - Filling up the DagBag from /opt/airflow/dags/sneakerz_pipeline.py
[2026-05-10T19:22:37.875+0000] {processor.py:840} INFO - DAG(s) 'sneakerz_pipeline' retrieved from /opt/airflow/dags/sneakerz_pipeline.py
[2026-05-10T19:22:37.928+0000] {logging_mixin.py:188} INFO - [2026-05-10T19:22:37.927+0000] {dag.py:3096} INFO - Sync 1 DAGs
[2026-05-10T19:22:37.963+0000] {logging_mixin.py:188} INFO - [2026-05-10T19:22:37.963+0000] {dag.py:3954} INFO - Setting next_dagrun for sneakerz_pipeline to 2026-05-10 19:00:00+00:00, run_after=2026-05-10 20:00:00+00:00
[2026-05-10T19:22:37.998+0000] {processor.py:183} INFO - Processing /opt/airflow/dags/sneakerz_pipeline.py took 0.188 seconds
[2026-05-10T19:22:51.104+0000] {processor.py:161} INFO - Started process (PID=2685) to work on /opt/airflow/dags/sneakerz_pipeline.py
[2026-05-10T19:22:51.107+0000] {processor.py:830} INFO - Processing file /opt/airflow/dags/sneakerz_pipeline.py for tasks to queue
[2026-05-10T19:22:51.111+0000] {logging_mixin.py:188} INFO - [2026-05-10T19:22:51.110+0000] {dagbag.py:540} INFO - Filling up the DagBag from /opt/airflow/dags/sneakerz_pipeline.py
[2026-05-10T19:22:51.171+0000] {processor.py:840} INFO - DAG(s) 'sneakerz_pipeline' retrieved from /opt/airflow/dags/sneakerz_pipeline.py
[2026-05-10T19:22:52.047+0000] {logging_mixin.py:188} INFO - [2026-05-10T19:22:52.046+0000] {dag.py:3096} INFO - Sync 1 DAGs
[2026-05-10T19:22:52.119+0000] {logging_mixin.py:188} INFO - [2026-05-10T19:22:52.119+0000] {dag.py:3954} INFO - Setting next_dagrun for sneakerz_pipeline to 2026-05-10 19:00:00+00:00, run_after=2026-05-10 20:00:00+00:00
[2026-05-10T19:22:52.184+0000] {processor.py:183} INFO - Processing /opt/airflow/dags/sneakerz_pipeline.py took 1.091 seconds
[2026-05-10T19:23:22.442+0000] {processor.py:161} INFO - Started process (PID=2693) to work on /opt/airflow/dags/sneakerz_pipeline.py
[2026-05-10T19:23:22.444+0000] {processor.py:830} INFO - Processing file /opt/airflow/dags/sneakerz_pipeline.py for tasks to queue
[2026-05-10T19:23:22.449+0000] {logging_mixin.py:188} INFO - [2026-05-10T19:23:22.448+0000] {dagbag.py:540} INFO - Filling up the DagBag from /opt/airflow/dags/sneakerz_pipeline.py
[2026-05-10T19:23:22.492+0000] {processor.py:840} INFO - DAG(s) 'sneakerz_pipeline' retrieved from /opt/airflow/dags/sneakerz_pipeline.py
[2026-05-10T19:23:22.545+0000] {logging_mixin.py:188} INFO - [2026-05-10T19:23:22.545+0000] {dag.py:3096} INFO - Sync 1 DAGs
[2026-05-10T19:23:22.583+0000] {logging_mixin.py:188} INFO - [2026-05-10T19:23:22.582+0000] {dag.py:3954} INFO - Setting next_dagrun for sneakerz_pipeline to 2026-05-10 19:00:00+00:00, run_after=2026-05-10 20:00:00+00:00
[2026-05-10T19:23:22.612+0000] {processor.py:183} INFO - Processing /opt/airflow/dags/sneakerz_pipeline.py took 0.193 seconds
[2026-05-10T19:23:52.884+0000] {processor.py:161} INFO - Started process (PID=2701) to work on /opt/airflow/dags/sneakerz_pipeline.py
[2026-05-10T19:23:52.888+0000] {processor.py:830} INFO - Processing file /opt/airflow/dags/sneakerz_pipeline.py for tasks to queue
[2026-05-10T19:23:52.894+0000] {logging_mixin.py:188} INFO - [2026-05-10T19:23:52.893+0000] {dagbag.py:540} INFO - Filling up the DagBag from /opt/airflow/dags/sneakerz_pipeline.py
[2026-05-10T19:23:52.928+0000] {processor.py:840} INFO - DAG(s) 'sneakerz_pipeline' retrieved from /opt/airflow/dags/sneakerz_pipeline.py
[2026-05-10T19:23:52.974+0000] {logging_mixin.py:188} INFO - [2026-05-10T19:23:52.973+0000] {dag.py:3096} INFO - Sync 1 DAGs
[2026-05-10T19:23:53.022+0000] {logging_mixin.py:188} INFO - [2026-05-10T19:23:53.022+0000] {dag.py:3954} INFO - Setting next_dagrun for sneakerz_pipeline to 2026-05-10 19:00:00+00:00, run_after=2026-05-10 20:00:00+00:00
[2026-05-10T19:23:53.055+0000] {processor.py:183} INFO - Processing /opt/airflow/dags/sneakerz_pipeline.py took 0.188 seconds
[2026-05-10T19:24:42.058+0000] {processor.py:161} INFO - Started process (PID=172) to work on /opt/airflow/dags/sneakerz_pipeline.py
[2026-05-10T19:24:42.065+0000] {processor.py:830} INFO - Processing file /opt/airflow/dags/sneakerz_pipeline.py for tasks to queue
[2026-05-10T19:24:42.079+0000] {logging_mixin.py:188} INFO - [2026-05-10T19:24:42.077+0000] {dagbag.py:540} INFO - Filling up the DagBag from /opt/airflow/dags/sneakerz_pipeline.py
[2026-05-10T19:24:42.168+0000] {processor.py:840} INFO - DAG(s) 'sneakerz_pipeline' retrieved from /opt/airflow/dags/sneakerz_pipeline.py
[2026-05-10T19:24:42.348+0000] {logging_mixin.py:188} INFO - [2026-05-10T19:24:42.348+0000] {dag.py:3096} INFO - Sync 1 DAGs
[2026-05-10T19:24:42.423+0000] {logging_mixin.py:188} INFO - [2026-05-10T19:24:42.423+0000] {dag.py:3954} INFO - Setting next_dagrun for sneakerz_pipeline to 2026-05-10 19:00:00+00:00, run_after=2026-05-10 20:00:00+00:00
[2026-05-10T19:24:42.460+0000] {processor.py:183} INFO - Processing /opt/airflow/dags/sneakerz_pipeline.py took 0.454 seconds
[2026-05-10T19:25:12.723+0000] {processor.py:161} INFO - Started process (PID=178) to work on /opt/airflow/dags/sneakerz_pipeline.py
[2026-05-10T19:25:12.726+0000] {processor.py:830} INFO - Processing file /opt/airflow/dags/sneakerz_pipeline.py for tasks to queue
[2026-05-10T19:25:12.730+0000] {logging_mixin.py:188} INFO - [2026-05-10T19:25:12.729+0000] {dagbag.py:540} INFO - Filling up the DagBag from /opt/airflow/dags/sneakerz_pipeline.py
[2026-05-10T19:25:12.775+0000] {processor.py:840} INFO - DAG(s) 'sneakerz_pipeline' retrieved from /opt/airflow/dags/sneakerz_pipeline.py
[2026-05-10T19:25:12.850+0000] {logging_mixin.py:188} INFO - [2026-05-10T19:25:12.849+0000] {dag.py:3096} INFO - Sync 1 DAGs
[2026-05-10T19:25:12.894+0000] {logging_mixin.py:188} INFO - [2026-05-10T19:25:12.893+0000] {dag.py:3954} INFO - Setting next_dagrun for sneakerz_pipeline to 2026-05-10 19:00:00+00:00, run_after=2026-05-10 20:00:00+00:00
[2026-05-10T19:25:12.934+0000] {processor.py:183} INFO - Processing /opt/airflow/dags/sneakerz_pipeline.py took 0.224 seconds
[2026-05-10T19:25:43.260+0000] {processor.py:161} INFO - Started process (PID=183) to work on /opt/airflow/dags/sneakerz_pipeline.py
[2026-05-10T19:25:43.263+0000] {processor.py:830} INFO - Processing file /opt/airflow/dags/sneakerz_pipeline.py for tasks to queue
[2026-05-10T19:25:43.268+0000] {logging_mixin.py:188} INFO - [2026-05-10T19:25:43.267+0000] {dagbag.py:540} INFO - Filling up the DagBag from /opt/airflow/dags/sneakerz_pipeline.py
[2026-05-10T19:25:43.346+0000] {processor.py:840} INFO - DAG(s) 'sneakerz_pipeline' retrieved from /opt/airflow/dags/sneakerz_pipeline.py
[2026-05-10T19:25:43.479+0000] {logging_mixin.py:188} INFO - [2026-05-10T19:25:43.479+0000] {dag.py:3096} INFO - Sync 1 DAGs
[2026-05-10T19:25:43.545+0000] {logging_mixin.py:188} INFO - [2026-05-10T19:25:43.545+0000] {dag.py:3954} INFO - Setting next_dagrun for sneakerz_pipeline to 2026-05-10 19:00:00+00:00, run_after=2026-05-10 20:00:00+00:00
[2026-05-10T19:25:43.591+0000] {processor.py:183} INFO - Processing /opt/airflow/dags/sneakerz_pipeline.py took 0.353 seconds
[2026-05-10T19:26:13.851+0000] {processor.py:161} INFO - Started process (PID=188) to work on /opt/airflow/dags/sneakerz_pipeline.py
[2026-05-10T19:26:13.853+0000] {processor.py:830} INFO - Processing file /opt/airflow/dags/sneakerz_pipeline.py for tasks to queue
[2026-05-10T19:26:13.857+0000] {logging_mixin.py:188} INFO - [2026-05-10T19:26:13.857+0000] {dagbag.py:540} INFO - Filling up the DagBag from /opt/airflow/dags/sneakerz_pipeline.py
[2026-05-10T19:26:13.892+0000] {processor.py:840} INFO - DAG(s) 'sneakerz_pipeline' retrieved from /opt/airflow/dags/sneakerz_pipeline.py
[2026-05-10T19:26:13.951+0000] {logging_mixin.py:188} INFO - [2026-05-10T19:26:13.950+0000] {dag.py:3096} INFO - Sync 1 DAGs
[2026-05-10T19:26:13.987+0000] {logging_mixin.py:188} INFO - [2026-05-10T19:26:13.986+0000] {dag.py:3954} INFO - Setting next_dagrun for sneakerz_pipeline to 2026-05-10 19:00:00+00:00, run_after=2026-05-10 20:00:00+00:00
[2026-05-10T19:26:14.021+0000] {processor.py:183} INFO - Processing /opt/airflow/dags/sneakerz_pipeline.py took 0.180 seconds
[2026-05-10T19:26:44.313+0000] {processor.py:161} INFO - Started process (PID=193) to work on /opt/airflow/dags/sneakerz_pipeline.py
[2026-05-10T19:26:44.315+0000] {processor.py:830} INFO - Processing file /opt/airflow/dags/sneakerz_pipeline.py for tasks to queue
[2026-05-10T19:26:44.319+0000] {logging_mixin.py:188} INFO - [2026-05-10T19:26:44.318+0000] {dagbag.py:540} INFO - Filling up the DagBag from /opt/airflow/dags/sneakerz_pipeline.py
[2026-05-10T19:26:44.357+0000] {processor.py:840} INFO - DAG(s) 'sneakerz_pipeline' retrieved from /opt/airflow/dags/sneakerz_pipeline.py
[2026-05-10T19:26:44.410+0000] {logging_mixin.py:188} INFO - [2026-05-10T19:26:44.409+0000] {dag.py:3096} INFO - Sync 1 DAGs
[2026-05-10T19:26:44.452+0000] {logging_mixin.py:188} INFO - [2026-05-10T19:26:44.451+0000] {dag.py:3954} INFO - Setting next_dagrun for sneakerz_pipeline to 2026-05-10 19:00:00+00:00, run_after=2026-05-10 20:00:00+00:00
[2026-05-10T19:26:44.484+0000] {processor.py:183} INFO - Processing /opt/airflow/dags/sneakerz_pipeline.py took 0.184 seconds
[2026-05-10T19:27:14.612+0000] {processor.py:161} INFO - Started process (PID=198) to work on /opt/airflow/dags/sneakerz_pipeline.py
[2026-05-10T19:27:14.614+0000] {processor.py:830} INFO - Processing file /opt/airflow/dags/sneakerz_pipeline.py for tasks to queue
[2026-05-10T19:27:14.620+0000] {logging_mixin.py:188} INFO - [2026-05-10T19:27:14.618+0000] {dagbag.py:540} INFO - Filling up the DagBag from /opt/airflow/dags/sneakerz_pipeline.py
[2026-05-10T19:27:14.670+0000] {processor.py:840} INFO - DAG(s) 'sneakerz_pipeline' retrieved from /opt/airflow/dags/sneakerz_pipeline.py
[2026-05-10T19:27:14.721+0000] {logging_mixin.py:188} INFO - [2026-05-10T19:27:14.721+0000] {dag.py:3096} INFO - Sync 1 DAGs
[2026-05-10T19:27:14.756+0000] {logging_mixin.py:188} INFO - [2026-05-10T19:27:14.756+0000] {dag.py:3954} INFO - Setting next_dagrun for sneakerz_pipeline to 2026-05-10 19:00:00+00:00, run_after=2026-05-10 20:00:00+00:00
[2026-05-10T19:27:14.788+0000] {processor.py:183} INFO - Processing /opt/airflow/dags/sneakerz_pipeline.py took 0.191 seconds
[2026-05-10T19:27:44.965+0000] {processor.py:161} INFO - Started process (PID=203) to work on /opt/airflow/dags/sneakerz_pipeline.py
[2026-05-10T19:27:44.966+0000] {processor.py:830} INFO - Processing file /opt/airflow/dags/sneakerz_pipeline.py for tasks to queue
[2026-05-10T19:27:44.970+0000] {logging_mixin.py:188} INFO - [2026-05-10T19:27:44.969+0000] {dagbag.py:540} INFO - Filling up the DagBag from /opt/airflow/dags/sneakerz_pipeline.py
[2026-05-10T19:27:45.008+0000] {processor.py:840} INFO - DAG(s) 'sneakerz_pipeline' retrieved from /opt/airflow/dags/sneakerz_pipeline.py
[2026-05-10T19:27:45.060+0000] {logging_mixin.py:188} INFO - [2026-05-10T19:27:45.059+0000] {dag.py:3096} INFO - Sync 1 DAGs
[2026-05-10T19:27:45.097+0000] {logging_mixin.py:188} INFO - [2026-05-10T19:27:45.097+0000] {dag.py:3954} INFO - Setting next_dagrun for sneakerz_pipeline to 2026-05-10 19:00:00+00:00, run_after=2026-05-10 20:00:00+00:00
[2026-05-10T19:27:45.134+0000] {processor.py:183} INFO - Processing /opt/airflow/dags/sneakerz_pipeline.py took 0.181 seconds
[2026-05-10T19:28:15.267+0000] {processor.py:161} INFO - Started process (PID=208) to work on /opt/airflow/dags/sneakerz_pipeline.py
[2026-05-10T19:28:15.269+0000] {processor.py:830} INFO - Processing file /opt/airflow/dags/sneakerz_pipeline.py for tasks to queue
[2026-05-10T19:28:15.272+0000] {logging_mixin.py:188} INFO - [2026-05-10T19:28:15.271+0000] {dagbag.py:540} INFO - Filling up the DagBag from /opt/airflow/dags/sneakerz_pipeline.py
[2026-05-10T19:28:15.307+0000] {processor.py:840} INFO - DAG(s) 'sneakerz_pipeline' retrieved from /opt/airflow/dags/sneakerz_pipeline.py
[2026-05-10T19:28:15.349+0000] {logging_mixin.py:188} INFO - [2026-05-10T19:28:15.348+0000] {dag.py:3096} INFO - Sync 1 DAGs
[2026-05-10T19:28:15.382+0000] {logging_mixin.py:188} INFO - [2026-05-10T19:28:15.382+0000] {dag.py:3954} INFO - Setting next_dagrun for sneakerz_pipeline to 2026-05-10 19:00:00+00:00, run_after=2026-05-10 20:00:00+00:00
[2026-05-10T19:28:15.414+0000] {processor.py:183} INFO - Processing /opt/airflow/dags/sneakerz_pipeline.py took 0.156 seconds
[2026-05-10T19:28:45.582+0000] {processor.py:161} INFO - Started process (PID=216) to work on /opt/airflow/dags/sneakerz_pipeline.py
[2026-05-10T19:28:45.583+0000] {processor.py:830} INFO - Processing file /opt/airflow/dags/sneakerz_pipeline.py for tasks to queue
[2026-05-10T19:28:45.586+0000] {logging_mixin.py:188} INFO - [2026-05-10T19:28:45.586+0000] {dagbag.py:540} INFO - Filling up the DagBag from /opt/airflow/dags/sneakerz_pipeline.py
[2026-05-10T19:28:45.619+0000] {processor.py:840} INFO - DAG(s) 'sneakerz_pipeline' retrieved from /opt/airflow/dags/sneakerz_pipeline.py
[2026-05-10T19:28:45.661+0000] {logging_mixin.py:188} INFO - [2026-05-10T19:28:45.661+0000] {dag.py:3096} INFO - Sync 1 DAGs
[2026-05-10T19:28:45.692+0000] {logging_mixin.py:188} INFO - [2026-05-10T19:28:45.692+0000] {dag.py:3954} INFO - Setting next_dagrun for sneakerz_pipeline to 2026-05-10 19:00:00+00:00, run_after=2026-05-10 20:00:00+00:00
[2026-05-10T19:28:45.720+0000] {processor.py:183} INFO - Processing /opt/airflow/dags/sneakerz_pipeline.py took 0.146 seconds
[2026-05-10T19:29:15.876+0000] {processor.py:161} INFO - Started process (PID=227) to work on /opt/airflow/dags/sneakerz_pipeline.py
[2026-05-10T19:29:15.878+0000] {processor.py:830} INFO - Processing file /opt/airflow/dags/sneakerz_pipeline.py for tasks to queue
[2026-05-10T19:29:15.881+0000] {logging_mixin.py:188} INFO - [2026-05-10T19:29:15.880+0000] {dagbag.py:540} INFO - Filling up the DagBag from /opt/airflow/dags/sneakerz_pipeline.py
[2026-05-10T19:29:15.914+0000] {processor.py:840} INFO - DAG(s) 'sneakerz_pipeline' retrieved from /opt/airflow/dags/sneakerz_pipeline.py
[2026-05-10T19:29:15.958+0000] {logging_mixin.py:188} INFO - [2026-05-10T19:29:15.958+0000] {dag.py:3096} INFO - Sync 1 DAGs
[2026-05-10T19:29:15.989+0000] {logging_mixin.py:188} INFO - [2026-05-10T19:29:15.989+0000] {dag.py:3954} INFO - Setting next_dagrun for sneakerz_pipeline to 2026-05-10 19:00:00+00:00, run_after=2026-05-10 20:00:00+00:00
[2026-05-10T19:29:16.019+0000] {processor.py:183} INFO - Processing /opt/airflow/dags/sneakerz_pipeline.py took 0.152 seconds
[2026-05-10T19:29:46.237+0000] {processor.py:161} INFO - Started process (PID=232) to work on /opt/airflow/dags/sneakerz_pipeline.py
[2026-05-10T19:29:46.238+0000] {processor.py:830} INFO - Processing file /opt/airflow/dags/sneakerz_pipeline.py for tasks to queue
[2026-05-10T19:29:46.241+0000] {logging_mixin.py:188} INFO - [2026-05-10T19:29:46.240+0000] {dagbag.py:540} INFO - Filling up the DagBag from /opt/airflow/dags/sneakerz_pipeline.py
[2026-05-10T19:29:46.275+0000] {processor.py:840} INFO - DAG(s) 'sneakerz_pipeline' retrieved from /opt/airflow/dags/sneakerz_pipeline.py
[2026-05-10T19:29:46.318+0000] {logging_mixin.py:188} INFO - [2026-05-10T19:29:46.317+0000] {dag.py:3096} INFO - Sync 1 DAGs
[2026-05-10T19:29:46.351+0000] {logging_mixin.py:188} INFO - [2026-05-10T19:29:46.351+0000] {dag.py:3954} INFO - Setting next_dagrun for sneakerz_pipeline to 2026-05-10 19:00:00+00:00, run_after=2026-05-10 20:00:00+00:00
[2026-05-10T19:29:46.379+0000] {processor.py:183} INFO - Processing /opt/airflow/dags/sneakerz_pipeline.py took 0.150 seconds
[2026-05-10T19:30:16.455+0000] {processor.py:161} INFO - Started process (PID=237) to work on /opt/airflow/dags/sneakerz_pipeline.py
[2026-05-10T19:30:16.457+0000] {processor.py:830} INFO - Processing file /opt/airflow/dags/sneakerz_pipeline.py for tasks to queue
[2026-05-10T19:30:16.460+0000] {logging_mixin.py:188} INFO - [2026-05-10T19:30:16.460+0000] {dagbag.py:540} INFO - Filling up the DagBag from /opt/airflow/dags/sneakerz_pipeline.py
[2026-05-10T19:30:16.496+0000] {processor.py:840} INFO - DAG(s) 'sneakerz_pipeline' retrieved from /opt/airflow/dags/sneakerz_pipeline.py
[2026-05-10T19:30:16.543+0000] {logging_mixin.py:188} INFO - [2026-05-10T19:30:16.542+0000] {dag.py:3096} INFO - Sync 1 DAGs
[2026-05-10T19:30:16.581+0000] {logging_mixin.py:188} INFO - [2026-05-10T19:30:16.580+0000] {dag.py:3954} INFO - Setting next_dagrun for sneakerz_pipeline to 2026-05-10 19:00:00+00:00, run_after=2026-05-10 20:00:00+00:00
[2026-05-10T19:30:16.617+0000] {processor.py:183} INFO - Processing /opt/airflow/dags/sneakerz_pipeline.py took 0.170 seconds
[2026-05-10T19:30:46.850+0000] {processor.py:161} INFO - Started process (PID=242) to work on /opt/airflow/dags/sneakerz_pipeline.py
[2026-05-10T19:30:46.852+0000] {processor.py:830} INFO - Processing file /opt/airflow/dags/sneakerz_pipeline.py for tasks to queue
[2026-05-10T19:30:46.855+0000] {logging_mixin.py:188} INFO - [2026-05-10T19:30:46.855+0000] {dagbag.py:540} INFO - Filling up the DagBag from /opt/airflow/dags/sneakerz_pipeline.py
[2026-05-10T19:30:46.887+0000] {processor.py:840} INFO - DAG(s) 'sneakerz_pipeline' retrieved from /opt/airflow/dags/sneakerz_pipeline.py
[2026-05-10T19:30:46.934+0000] {logging_mixin.py:188} INFO - [2026-05-10T19:30:46.933+0000] {dag.py:3096} INFO - Sync 1 DAGs
[2026-05-10T19:30:46.966+0000] {logging_mixin.py:188} INFO - [2026-05-10T19:30:46.966+0000] {dag.py:3954} INFO - Setting next_dagrun for sneakerz_pipeline to 2026-05-10 19:00:00+00:00, run_after=2026-05-10 20:00:00+00:00
[2026-05-10T19:30:46.998+0000] {processor.py:183} INFO - Processing /opt/airflow/dags/sneakerz_pipeline.py took 0.157 seconds
[2026-05-10T19:31:17.087+0000] {processor.py:161} INFO - Started process (PID=247) to work on /opt/airflow/dags/sneakerz_pipeline.py
[2026-05-10T19:31:17.088+0000] {processor.py:830} INFO - Processing file /opt/airflow/dags/sneakerz_pipeline.py for tasks to queue
[2026-05-10T19:31:17.092+0000] {logging_mixin.py:188} INFO - [2026-05-10T19:31:17.091+0000] {dagbag.py:540} INFO - Filling up the DagBag from /opt/airflow/dags/sneakerz_pipeline.py
[2026-05-10T19:31:17.125+0000] {processor.py:840} INFO - DAG(s) 'sneakerz_pipeline' retrieved from /opt/airflow/dags/sneakerz_pipeline.py
[2026-05-10T19:31:17.170+0000] {logging_mixin.py:188} INFO - [2026-05-10T19:31:17.170+0000] {dag.py:3096} INFO - Sync 1 DAGs
[2026-05-10T19:31:17.203+0000] {logging_mixin.py:188} INFO - [2026-05-10T19:31:17.203+0000] {dag.py:3954} INFO - Setting next_dagrun for sneakerz_pipeline to 2026-05-10 19:00:00+00:00, run_after=2026-05-10 20:00:00+00:00
[2026-05-10T19:31:17.231+0000] {processor.py:183} INFO - Processing /opt/airflow/dags/sneakerz_pipeline.py took 0.153 seconds
[2026-05-10T19:31:47.458+0000] {processor.py:161} INFO - Started process (PID=252) to work on /opt/airflow/dags/sneakerz_pipeline.py
[2026-05-10T19:31:47.460+0000] {processor.py:830} INFO - Processing file /opt/airflow/dags/sneakerz_pipeline.py for tasks to queue
[2026-05-10T19:31:47.463+0000] {logging_mixin.py:188} INFO - [2026-05-10T19:31:47.463+0000] {dagbag.py:540} INFO - Filling up the DagBag from /opt/airflow/dags/sneakerz_pipeline.py
[2026-05-10T19:31:47.503+0000] {processor.py:840} INFO - DAG(s) 'sneakerz_pipeline' retrieved from /opt/airflow/dags/sneakerz_pipeline.py
[2026-05-10T19:31:47.547+0000] {logging_mixin.py:188} INFO - [2026-05-10T19:31:47.546+0000] {dag.py:3096} INFO - Sync 1 DAGs
[2026-05-10T19:31:47.581+0000] {logging_mixin.py:188} INFO - [2026-05-10T19:31:47.581+0000] {dag.py:3954} INFO - Setting next_dagrun for sneakerz_pipeline to 2026-05-10 19:00:00+00:00, run_after=2026-05-10 20:00:00+00:00
[2026-05-10T19:31:47.612+0000] {processor.py:183} INFO - Processing /opt/airflow/dags/sneakerz_pipeline.py took 0.160 seconds
[2026-05-10T19:32:17.717+0000] {processor.py:161} INFO - Started process (PID=257) to work on /opt/airflow/dags/sneakerz_pipeline.py
[2026-05-10T19:32:17.719+0000] {processor.py:830} INFO - Processing file /opt/airflow/dags/sneakerz_pipeline.py for tasks to queue
[2026-05-10T19:32:17.723+0000] {logging_mixin.py:188} INFO - [2026-05-10T19:32:17.722+0000] {dagbag.py:540} INFO - Filling up the DagBag from /opt/airflow/dags/sneakerz_pipeline.py
[2026-05-10T19:32:17.762+0000] {processor.py:840} INFO - DAG(s) 'sneakerz_pipeline' retrieved from /opt/airflow/dags/sneakerz_pipeline.py
[2026-05-10T19:32:17.815+0000] {logging_mixin.py:188} INFO - [2026-05-10T19:32:17.815+0000] {dag.py:3096} INFO - Sync 1 DAGs
[2026-05-10T19:32:17.858+0000] {logging_mixin.py:188} INFO - [2026-05-10T19:32:17.857+0000] {dag.py:3954} INFO - Setting next_dagrun for sneakerz_pipeline to 2026-05-10 19:00:00+00:00, run_after=2026-05-10 20:00:00+00:00
[2026-05-10T19:32:17.946+0000] {processor.py:183} INFO - Processing /opt/airflow/dags/sneakerz_pipeline.py took 0.240 seconds
[2026-05-10T19:32:48.160+0000] {processor.py:161} INFO - Started process (PID=262) to work on /opt/airflow/dags/sneakerz_pipeline.py
[2026-05-10T19:32:48.161+0000] {processor.py:830} INFO - Processing file /opt/airflow/dags/sneakerz_pipeline.py for tasks to queue
[2026-05-10T19:32:48.164+0000] {logging_mixin.py:188} INFO - [2026-05-10T19:32:48.164+0000] {dagbag.py:540} INFO - Filling up the DagBag from /opt/airflow/dags/sneakerz_pipeline.py
[2026-05-10T19:32:48.205+0000] {processor.py:840} INFO - DAG(s) 'sneakerz_pipeline' retrieved from /opt/airflow/dags/sneakerz_pipeline.py
[2026-05-10T19:32:48.252+0000] {logging_mixin.py:188} INFO - [2026-05-10T19:32:48.252+0000] {dag.py:3096} INFO - Sync 1 DAGs
[2026-05-10T19:32:48.286+0000] {logging_mixin.py:188} INFO - [2026-05-10T19:32:48.286+0000] {dag.py:3954} INFO - Setting next_dagrun for sneakerz_pipeline to 2026-05-10 19:00:00+00:00, run_after=2026-05-10 20:00:00+00:00
[2026-05-10T19:32:48.314+0000] {processor.py:183} INFO - Processing /opt/airflow/dags/sneakerz_pipeline.py took 0.163 seconds
[2026-05-10T19:32:54.273+0000] {processor.py:161} INFO - Started process (PID=267) to work on /opt/airflow/dags/sneakerz_pipeline.py
[2026-05-10T19:32:54.275+0000] {processor.py:830} INFO - Processing file /opt/airflow/dags/sneakerz_pipeline.py for tasks to queue
[2026-05-10T19:32:54.279+0000] {logging_mixin.py:188} INFO - [2026-05-10T19:32:54.278+0000] {dagbag.py:540} INFO - Filling up the DagBag from /opt/airflow/dags/sneakerz_pipeline.py
[2026-05-10T19:32:54.333+0000] {processor.py:840} INFO - DAG(s) 'sneakerz_pipeline' retrieved from /opt/airflow/dags/sneakerz_pipeline.py
[2026-05-10T19:32:54.557+0000] {logging_mixin.py:188} INFO - [2026-05-10T19:32:54.556+0000] {dag.py:3096} INFO - Sync 1 DAGs
[2026-05-10T19:32:54.590+0000] {logging_mixin.py:188} INFO - [2026-05-10T19:32:54.590+0000] {dag.py:3954} INFO - Setting next_dagrun for sneakerz_pipeline to 2026-05-10 19:00:00+00:00, run_after=2026-05-10 20:00:00+00:00
[2026-05-10T19:32:54.631+0000] {processor.py:183} INFO - Processing /opt/airflow/dags/sneakerz_pipeline.py took 0.367 seconds
[2026-05-10T19:33:21.736+0000] {processor.py:161} INFO - Started process (PID=171) to work on /opt/airflow/dags/sneakerz_pipeline.py
[2026-05-10T19:33:21.742+0000] {processor.py:830} INFO - Processing file /opt/airflow/dags/sneakerz_pipeline.py for tasks to queue
[2026-05-10T19:33:21.753+0000] {logging_mixin.py:188} INFO - [2026-05-10T19:33:21.751+0000] {dagbag.py:540} INFO - Filling up the DagBag from /opt/airflow/dags/sneakerz_pipeline.py
[2026-05-10T19:33:21.818+0000] {processor.py:840} INFO - DAG(s) 'sneakerz_pipeline' retrieved from /opt/airflow/dags/sneakerz_pipeline.py
[2026-05-10T19:33:21.878+0000] {logging_mixin.py:188} INFO - [2026-05-10T19:33:21.877+0000] {dag.py:3096} INFO - Sync 1 DAGs
[2026-05-10T19:33:21.928+0000] {logging_mixin.py:188} INFO - [2026-05-10T19:33:21.927+0000] {dag.py:3954} INFO - Setting next_dagrun for sneakerz_pipeline to 2026-05-10 19:00:00+00:00, run_after=2026-05-10 20:00:00+00:00
[2026-05-10T19:33:21.971+0000] {processor.py:183} INFO - Processing /opt/airflow/dags/sneakerz_pipeline.py took 0.261 seconds
[2026-05-10T19:33:52.226+0000] {processor.py:161} INFO - Started process (PID=186) to work on /opt/airflow/dags/sneakerz_pipeline.py
[2026-05-10T19:33:52.228+0000] {processor.py:830} INFO - Processing file /opt/airflow/dags/sneakerz_pipeline.py for tasks to queue
[2026-05-10T19:33:52.232+0000] {logging_mixin.py:188} INFO - [2026-05-10T19:33:52.231+0000] {dagbag.py:540} INFO - Filling up the DagBag from /opt/airflow/dags/sneakerz_pipeline.py
[2026-05-10T19:33:52.275+0000] {processor.py:840} INFO - DAG(s) 'sneakerz_pipeline' retrieved from /opt/airflow/dags/sneakerz_pipeline.py
[2026-05-10T19:33:52.318+0000] {logging_mixin.py:188} INFO - [2026-05-10T19:33:52.317+0000] {dag.py:3096} INFO - Sync 1 DAGs
[2026-05-10T19:33:52.347+0000] {logging_mixin.py:188} INFO - [2026-05-10T19:33:52.347+0000] {dag.py:3954} INFO - Setting next_dagrun for sneakerz_pipeline to 2026-05-10 19:00:00+00:00, run_after=2026-05-10 20:00:00+00:00
[2026-05-10T19:33:52.376+0000] {processor.py:183} INFO - Processing /opt/airflow/dags/sneakerz_pipeline.py took 0.158 seconds
[2026-05-10T19:34:22.615+0000] {processor.py:161} INFO - Started process (PID=194) to work on /opt/airflow/dags/sneakerz_pipeline.py
[2026-05-10T19:34:22.617+0000] {processor.py:830} INFO - Processing file /opt/airflow/dags/sneakerz_pipeline.py for tasks to queue
[2026-05-10T19:34:22.620+0000] {logging_mixin.py:188} INFO - [2026-05-10T19:34:22.619+0000] {dagbag.py:540} INFO - Filling up the DagBag from /opt/airflow/dags/sneakerz_pipeline.py
[2026-05-10T19:34:22.654+0000] {processor.py:840} INFO - DAG(s) 'sneakerz_pipeline' retrieved from /opt/airflow/dags/sneakerz_pipeline.py
[2026-05-10T19:34:22.699+0000] {logging_mixin.py:188} INFO - [2026-05-10T19:34:22.699+0000] {dag.py:3096} INFO - Sync 1 DAGs
[2026-05-10T19:34:22.736+0000] {logging_mixin.py:188} INFO - [2026-05-10T19:34:22.736+0000] {dag.py:3954} INFO - Setting next_dagrun for sneakerz_pipeline to 2026-05-10 19:00:00+00:00, run_after=2026-05-10 20:00:00+00:00
[2026-05-10T19:34:22.769+0000] {processor.py:183} INFO - Processing /opt/airflow/dags/sneakerz_pipeline.py took 0.162 seconds
[2026-05-10T19:34:53.019+0000] {processor.py:161} INFO - Started process (PID=199) to work on /opt/airflow/dags/sneakerz_pipeline.py
[2026-05-10T19:34:53.021+0000] {processor.py:830} INFO - Processing file /opt/airflow/dags/sneakerz_pipeline.py for tasks to queue
[2026-05-10T19:34:53.024+0000] {logging_mixin.py:188} INFO - [2026-05-10T19:34:53.024+0000] {dagbag.py:540} INFO - Filling up the DagBag from /opt/airflow/dags/sneakerz_pipeline.py
[2026-05-10T19:34:53.058+0000] {processor.py:840} INFO - DAG(s) 'sneakerz_pipeline' retrieved from /opt/airflow/dags/sneakerz_pipeline.py
[2026-05-10T19:34:53.106+0000] {logging_mixin.py:188} INFO - [2026-05-10T19:34:53.105+0000] {dag.py:3096} INFO - Sync 1 DAGs
[2026-05-10T19:34:53.151+0000] {logging_mixin.py:188} INFO - [2026-05-10T19:34:53.151+0000] {dag.py:3954} INFO - Setting next_dagrun for sneakerz_pipeline to 2026-05-10 19:00:00+00:00, run_after=2026-05-10 20:00:00+00:00
[2026-05-10T19:34:53.188+0000] {processor.py:183} INFO - Processing /opt/airflow/dags/sneakerz_pipeline.py took 0.178 seconds
[2026-05-10T19:35:23.446+0000] {processor.py:161} INFO - Started process (PID=204) to work on /opt/airflow/dags/sneakerz_pipeline.py
[2026-05-10T19:35:23.448+0000] {processor.py:830} INFO - Processing file /opt/airflow/dags/sneakerz_pipeline.py for tasks to queue
[2026-05-10T19:35:23.452+0000] {logging_mixin.py:188} INFO - [2026-05-10T19:35:23.452+0000] {dagbag.py:540} INFO - Filling up the DagBag from /opt/airflow/dags/sneakerz_pipeline.py
[2026-05-10T19:35:23.490+0000] {processor.py:840} INFO - DAG(s) 'sneakerz_pipeline' retrieved from /opt/airflow/dags/sneakerz_pipeline.py
[2026-05-10T19:35:23.536+0000] {logging_mixin.py:188} INFO - [2026-05-10T19:35:23.536+0000] {dag.py:3096} INFO - Sync 1 DAGs
[2026-05-10T19:35:23.572+0000] {logging_mixin.py:188} INFO - [2026-05-10T19:35:23.572+0000] {dag.py:3954} INFO - Setting next_dagrun for sneakerz_pipeline to 2026-05-10 19:00:00+00:00, run_after=2026-05-10 20:00:00+00:00
[2026-05-10T19:35:23.619+0000] {processor.py:183} INFO - Processing /opt/airflow/dags/sneakerz_pipeline.py took 0.181 seconds
[2026-05-10T19:35:53.874+0000] {processor.py:161} INFO - Started process (PID=209) to work on /opt/airflow/dags/sneakerz_pipeline.py
[2026-05-10T19:35:53.876+0000] {processor.py:830} INFO - Processing file /opt/airflow/dags/sneakerz_pipeline.py for tasks to queue
[2026-05-10T19:35:53.879+0000] {logging_mixin.py:188} INFO - [2026-05-10T19:35:53.879+0000] {dagbag.py:540} INFO - Filling up the DagBag from /opt/airflow/dags/sneakerz_pipeline.py
[2026-05-10T19:35:53.914+0000] {processor.py:840} INFO - DAG(s) 'sneakerz_pipeline' retrieved from /opt/airflow/dags/sneakerz_pipeline.py
[2026-05-10T19:35:53.957+0000] {logging_mixin.py:188} INFO - [2026-05-10T19:35:53.956+0000] {dag.py:3096} INFO - Sync 1 DAGs
[2026-05-10T19:35:53.990+0000] {logging_mixin.py:188} INFO - [2026-05-10T19:35:53.990+0000] {dag.py:3954} INFO - Setting next_dagrun for sneakerz_pipeline to 2026-05-10 19:00:00+00:00, run_after=2026-05-10 20:00:00+00:00
[2026-05-10T19:35:54.023+0000] {processor.py:183} INFO - Processing /opt/airflow/dags/sneakerz_pipeline.py took 0.157 seconds
[2026-05-10T19:36:24.115+0000] {processor.py:161} INFO - Started process (PID=214) to work on /opt/airflow/dags/sneakerz_pipeline.py
[2026-05-10T19:36:24.116+0000] {processor.py:830} INFO - Processing file /opt/airflow/dags/sneakerz_pipeline.py for tasks to queue
[2026-05-10T19:36:24.120+0000] {logging_mixin.py:188} INFO - [2026-05-10T19:36:24.119+0000] {dagbag.py:540} INFO - Filling up the DagBag from /opt/airflow/dags/sneakerz_pipeline.py
[2026-05-10T19:36:24.161+0000] {processor.py:840} INFO - DAG(s) 'sneakerz_pipeline' retrieved from /opt/airflow/dags/sneakerz_pipeline.py
[2026-05-10T19:36:24.222+0000] {logging_mixin.py:188} INFO - [2026-05-10T19:36:24.222+0000] {dag.py:3096} INFO - Sync 1 DAGs
[2026-05-10T19:36:24.262+0000] {logging_mixin.py:188} INFO - [2026-05-10T19:36:24.262+0000] {dag.py:3954} INFO - Setting next_dagrun for sneakerz_pipeline to 2026-05-10 19:00:00+00:00, run_after=2026-05-10 20:00:00+00:00
[2026-05-10T19:36:24.297+0000] {processor.py:183} INFO - Processing /opt/airflow/dags/sneakerz_pipeline.py took 0.192 seconds
[2026-05-10T19:36:54.558+0000] {processor.py:161} INFO - Started process (PID=219) to work on /opt/airflow/dags/sneakerz_pipeline.py
[2026-05-10T19:36:54.559+0000] {processor.py:830} INFO - Processing file /opt/airflow/dags/sneakerz_pipeline.py for tasks to queue
[2026-05-10T19:36:54.563+0000] {logging_mixin.py:188} INFO - [2026-05-10T19:36:54.562+0000] {dagbag.py:540} INFO - Filling up the DagBag from /opt/airflow/dags/sneakerz_pipeline.py
[2026-05-10T19:36:54.608+0000] {processor.py:840} INFO - DAG(s) 'sneakerz_pipeline' retrieved from /opt/airflow/dags/sneakerz_pipeline.py
[2026-05-10T19:36:54.672+0000] {logging_mixin.py:188} INFO - [2026-05-10T19:36:54.672+0000] {dag.py:3096} INFO - Sync 1 DAGs
[2026-05-10T19:36:54.724+0000] {logging_mixin.py:188} INFO - [2026-05-10T19:36:54.724+0000] {dag.py:3954} INFO - Setting next_dagrun for sneakerz_pipeline to 2026-05-10 19:00:00+00:00, run_after=2026-05-10 20:00:00+00:00
[2026-05-10T19:36:54.758+0000] {processor.py:183} INFO - Processing /opt/airflow/dags/sneakerz_pipeline.py took 0.211 seconds
[2026-05-10T19:37:25.034+0000] {processor.py:161} INFO - Started process (PID=224) to work on /opt/airflow/dags/sneakerz_pipeline.py
[2026-05-10T19:37:25.037+0000] {processor.py:830} INFO - Processing file /opt/airflow/dags/sneakerz_pipeline.py for tasks to queue
[2026-05-10T19:37:25.040+0000] {logging_mixin.py:188} INFO - [2026-05-10T19:37:25.040+0000] {dagbag.py:540} INFO - Filling up the DagBag from /opt/airflow/dags/sneakerz_pipeline.py
[2026-05-10T19:37:25.081+0000] {processor.py:840} INFO - DAG(s) 'sneakerz_pipeline' retrieved from /opt/airflow/dags/sneakerz_pipeline.py
[2026-05-10T19:37:25.138+0000] {logging_mixin.py:188} INFO - [2026-05-10T19:37:25.138+0000] {dag.py:3096} INFO - Sync 1 DAGs
[2026-05-10T19:37:25.183+0000] {logging_mixin.py:188} INFO - [2026-05-10T19:37:25.183+0000] {dag.py:3954} INFO - Setting next_dagrun for sneakerz_pipeline to 2026-05-10 19:00:00+00:00, run_after=2026-05-10 20:00:00+00:00
[2026-05-10T19:37:25.220+0000] {processor.py:183} INFO - Processing /opt/airflow/dags/sneakerz_pipeline.py took 0.196 seconds
[2026-05-10T19:37:55.539+0000] {processor.py:161} INFO - Started process (PID=229) to work on /opt/airflow/dags/sneakerz_pipeline.py
[2026-05-10T19:37:55.541+0000] {processor.py:830} INFO - Processing file /opt/airflow/dags/sneakerz_pipeline.py for tasks to queue
[2026-05-10T19:37:55.544+0000] {logging_mixin.py:188} INFO - [2026-05-10T19:37:55.544+0000] {dagbag.py:540} INFO - Filling up the DagBag from /opt/airflow/dags/sneakerz_pipeline.py
[2026-05-10T19:37:55.580+0000] {processor.py:840} INFO - DAG(s) 'sneakerz_pipeline' retrieved from /opt/airflow/dags/sneakerz_pipeline.py
[2026-05-10T19:37:55.639+0000] {logging_mixin.py:188} INFO - [2026-05-10T19:37:55.638+0000] {dag.py:3096} INFO - Sync 1 DAGs
[2026-05-10T19:37:55.680+0000] {logging_mixin.py:188} INFO - [2026-05-10T19:37:55.680+0000] {dag.py:3954} INFO - Setting next_dagrun for sneakerz_pipeline to 2026-05-10 19:00:00+00:00, run_after=2026-05-10 20:00:00+00:00
[2026-05-10T19:37:55.723+0000] {processor.py:183} INFO - Processing /opt/airflow/dags/sneakerz_pipeline.py took 0.194 seconds
[2026-05-10T19:38:25.846+0000] {processor.py:161} INFO - Started process (PID=234) to work on /opt/airflow/dags/sneakerz_pipeline.py
[2026-05-10T19:38:25.848+0000] {processor.py:830} INFO - Processing file /opt/airflow/dags/sneakerz_pipeline.py for tasks to queue
[2026-05-10T19:38:25.852+0000] {logging_mixin.py:188} INFO - [2026-05-10T19:38:25.851+0000] {dagbag.py:540} INFO - Filling up the DagBag from /opt/airflow/dags/sneakerz_pipeline.py
[2026-05-10T19:38:25.891+0000] {processor.py:840} INFO - DAG(s) 'sneakerz_pipeline' retrieved from /opt/airflow/dags/sneakerz_pipeline.py
[2026-05-10T19:38:25.943+0000] {logging_mixin.py:188} INFO - [2026-05-10T19:38:25.943+0000] {dag.py:3096} INFO - Sync 1 DAGs
[2026-05-10T19:38:25.984+0000] {logging_mixin.py:188} INFO - [2026-05-10T19:38:25.984+0000] {dag.py:3954} INFO - Setting next_dagrun for sneakerz_pipeline to 2026-05-10 19:00:00+00:00, run_after=2026-05-10 20:00:00+00:00
[2026-05-10T19:38:26.018+0000] {processor.py:183} INFO - Processing /opt/airflow/dags/sneakerz_pipeline.py took 0.183 seconds
[2026-05-10T19:38:56.226+0000] {processor.py:161} INFO - Started process (PID=242) to work on /opt/airflow/dags/sneakerz_pipeline.py
[2026-05-10T19:38:56.227+0000] {processor.py:830} INFO - Processing file /opt/airflow/dags/sneakerz_pipeline.py for tasks to queue
[2026-05-10T19:38:56.231+0000] {logging_mixin.py:188} INFO - [2026-05-10T19:38:56.231+0000] {dagbag.py:540} INFO - Filling up the DagBag from /opt/airflow/dags/sneakerz_pipeline.py
[2026-05-10T19:38:56.267+0000] {processor.py:840} INFO - DAG(s) 'sneakerz_pipeline' retrieved from /opt/airflow/dags/sneakerz_pipeline.py
[2026-05-10T19:38:56.315+0000] {logging_mixin.py:188} INFO - [2026-05-10T19:38:56.315+0000] {dag.py:3096} INFO - Sync 1 DAGs
[2026-05-10T19:38:56.355+0000] {logging_mixin.py:188} INFO - [2026-05-10T19:38:56.355+0000] {dag.py:3954} INFO - Setting next_dagrun for sneakerz_pipeline to 2026-05-10 19:00:00+00:00, run_after=2026-05-10 20:00:00+00:00
[2026-05-10T19:38:56.386+0000] {processor.py:183} INFO - Processing /opt/airflow/dags/sneakerz_pipeline.py took 0.169 seconds
[2026-05-10T19:39:26.478+0000] {processor.py:161} INFO - Started process (PID=247) to work on /opt/airflow/dags/sneakerz_pipeline.py
[2026-05-10T19:39:26.480+0000] {processor.py:830} INFO - Processing file /opt/airflow/dags/sneakerz_pipeline.py for tasks to queue
[2026-05-10T19:39:26.487+0000] {logging_mixin.py:188} INFO - [2026-05-10T19:39:26.485+0000] {dagbag.py:540} INFO - Filling up the DagBag from /opt/airflow/dags/sneakerz_pipeline.py
[2026-05-10T19:39:26.557+0000] {processor.py:840} INFO - DAG(s) 'sneakerz_pipeline' retrieved from /opt/airflow/dags/sneakerz_pipeline.py
[2026-05-10T19:39:26.686+0000] {logging_mixin.py:188} INFO - [2026-05-10T19:39:26.685+0000] {dag.py:3096} INFO - Sync 1 DAGs
[2026-05-10T19:39:26.769+0000] {logging_mixin.py:188} INFO - [2026-05-10T19:39:26.768+0000] {dag.py:3954} INFO - Setting next_dagrun for sneakerz_pipeline to 2026-05-10 19:00:00+00:00, run_after=2026-05-10 20:00:00+00:00
[2026-05-10T19:39:26.815+0000] {processor.py:183} INFO - Processing /opt/airflow/dags/sneakerz_pipeline.py took 0.351 seconds
[2026-05-10T19:39:57.265+0000] {processor.py:161} INFO - Started process (PID=252) to work on /opt/airflow/dags/sneakerz_pipeline.py
[2026-05-10T19:39:57.273+0000] {processor.py:830} INFO - Processing file /opt/airflow/dags/sneakerz_pipeline.py for tasks to queue
[2026-05-10T19:39:57.280+0000] {logging_mixin.py:188} INFO - [2026-05-10T19:39:57.279+0000] {dagbag.py:540} INFO - Filling up the DagBag from /opt/airflow/dags/sneakerz_pipeline.py
[2026-05-10T19:39:57.448+0000] {processor.py:840} INFO - DAG(s) 'sneakerz_pipeline' retrieved from /opt/airflow/dags/sneakerz_pipeline.py
[2026-05-10T19:39:57.652+0000] {logging_mixin.py:188} INFO - [2026-05-10T19:39:57.651+0000] {dag.py:3096} INFO - Sync 1 DAGs
[2026-05-10T19:39:57.769+0000] {logging_mixin.py:188} INFO - [2026-05-10T19:39:57.769+0000] {dag.py:3954} INFO - Setting next_dagrun for sneakerz_pipeline to 2026-05-10 19:00:00+00:00, run_after=2026-05-10 20:00:00+00:00
[2026-05-10T19:39:57.839+0000] {processor.py:183} INFO - Processing /opt/airflow/dags/sneakerz_pipeline.py took 0.666 seconds
[2026-05-10T19:40:28.131+0000] {processor.py:161} INFO - Started process (PID=257) to work on /opt/airflow/dags/sneakerz_pipeline.py
[2026-05-10T19:40:28.132+0000] {processor.py:830} INFO - Processing file /opt/airflow/dags/sneakerz_pipeline.py for tasks to queue
[2026-05-10T19:40:28.139+0000] {logging_mixin.py:188} INFO - [2026-05-10T19:40:28.136+0000] {dagbag.py:540} INFO - Filling up the DagBag from /opt/airflow/dags/sneakerz_pipeline.py
[2026-05-10T19:40:28.190+0000] {processor.py:840} INFO - DAG(s) 'sneakerz_pipeline' retrieved from /opt/airflow/dags/sneakerz_pipeline.py
[2026-05-10T19:40:28.246+0000] {logging_mixin.py:188} INFO - [2026-05-10T19:40:28.245+0000] {dag.py:3096} INFO - Sync 1 DAGs
[2026-05-10T19:40:28.304+0000] {logging_mixin.py:188} INFO - [2026-05-10T19:40:28.304+0000] {dag.py:3954} INFO - Setting next_dagrun for sneakerz_pipeline to 2026-05-10 19:00:00+00:00, run_after=2026-05-10 20:00:00+00:00
[2026-05-10T19:40:28.346+0000] {processor.py:183} INFO - Processing /opt/airflow/dags/sneakerz_pipeline.py took 0.235 seconds
[2026-05-10T19:40:58.603+0000] {processor.py:161} INFO - Started process (PID=262) to work on /opt/airflow/dags/sneakerz_pipeline.py
[2026-05-10T19:40:58.605+0000] {processor.py:830} INFO - Processing file /opt/airflow/dags/sneakerz_pipeline.py for tasks to queue
[2026-05-10T19:40:58.609+0000] {logging_mixin.py:188} INFO - [2026-05-10T19:40:58.608+0000] {dagbag.py:540} INFO - Filling up the DagBag from /opt/airflow/dags/sneakerz_pipeline.py
[2026-05-10T19:40:58.649+0000] {processor.py:840} INFO - DAG(s) 'sneakerz_pipeline' retrieved from /opt/airflow/dags/sneakerz_pipeline.py
[2026-05-10T19:40:58.702+0000] {logging_mixin.py:188} INFO - [2026-05-10T19:40:58.702+0000] {dag.py:3096} INFO - Sync 1 DAGs
[2026-05-10T19:40:58.738+0000] {logging_mixin.py:188} INFO - [2026-05-10T19:40:58.738+0000] {dag.py:3954} INFO - Setting next_dagrun for sneakerz_pipeline to 2026-05-10 19:00:00+00:00, run_after=2026-05-10 20:00:00+00:00
[2026-05-10T19:40:58.768+0000] {processor.py:183} INFO - Processing /opt/airflow/dags/sneakerz_pipeline.py took 0.176 seconds
[2026-05-10T19:41:28.842+0000] {processor.py:161} INFO - Started process (PID=267) to work on /opt/airflow/dags/sneakerz_pipeline.py
[2026-05-10T19:41:28.844+0000] {processor.py:830} INFO - Processing file /opt/airflow/dags/sneakerz_pipeline.py for tasks to queue
[2026-05-10T19:41:28.847+0000] {logging_mixin.py:188} INFO - [2026-05-10T19:41:28.847+0000] {dagbag.py:540} INFO - Filling up the DagBag from /opt/airflow/dags/sneakerz_pipeline.py
[2026-05-10T19:41:28.884+0000] {processor.py:840} INFO - DAG(s) 'sneakerz_pipeline' retrieved from /opt/airflow/dags/sneakerz_pipeline.py
[2026-05-10T19:41:28.938+0000] {logging_mixin.py:188} INFO - [2026-05-10T19:41:28.938+0000] {dag.py:3096} INFO - Sync 1 DAGs
[2026-05-10T19:41:28.973+0000] {logging_mixin.py:188} INFO - [2026-05-10T19:41:28.973+0000] {dag.py:3954} INFO - Setting next_dagrun for sneakerz_pipeline to 2026-05-10 19:00:00+00:00, run_after=2026-05-10 20:00:00+00:00
[2026-05-10T19:41:29.011+0000] {processor.py:183} INFO - Processing /opt/airflow/dags/sneakerz_pipeline.py took 0.176 seconds
[2026-05-10T19:41:59.300+0000] {processor.py:161} INFO - Started process (PID=272) to work on /opt/airflow/dags/sneakerz_pipeline.py
[2026-05-10T19:41:59.303+0000] {processor.py:830} INFO - Processing file /opt/airflow/dags/sneakerz_pipeline.py for tasks to queue
[2026-05-10T19:41:59.307+0000] {logging_mixin.py:188} INFO - [2026-05-10T19:41:59.306+0000] {dagbag.py:540} INFO - Filling up the DagBag from /opt/airflow/dags/sneakerz_pipeline.py
[2026-05-10T19:41:59.375+0000] {processor.py:840} INFO - DAG(s) 'sneakerz_pipeline' retrieved from /opt/airflow/dags/sneakerz_pipeline.py
[2026-05-10T19:41:59.432+0000] {logging_mixin.py:188} INFO - [2026-05-10T19:41:59.432+0000] {dag.py:3096} INFO - Sync 1 DAGs
[2026-05-10T19:41:59.488+0000] {logging_mixin.py:188} INFO - [2026-05-10T19:41:59.488+0000] {dag.py:3954} INFO - Setting next_dagrun for sneakerz_pipeline to 2026-05-10 19:00:00+00:00, run_after=2026-05-10 20:00:00+00:00
[2026-05-10T19:41:59.522+0000] {processor.py:183} INFO - Processing /opt/airflow/dags/sneakerz_pipeline.py took 0.235 seconds
[2026-05-10T19:42:29.762+0000] {processor.py:161} INFO - Started process (PID=277) to work on /opt/airflow/dags/sneakerz_pipeline.py
[2026-05-10T19:42:29.763+0000] {processor.py:830} INFO - Processing file /opt/airflow/dags/sneakerz_pipeline.py for tasks to queue
[2026-05-10T19:42:29.767+0000] {logging_mixin.py:188} INFO - [2026-05-10T19:42:29.766+0000] {dagbag.py:540} INFO - Filling up the DagBag from /opt/airflow/dags/sneakerz_pipeline.py
[2026-05-10T19:42:29.798+0000] {processor.py:840} INFO - DAG(s) 'sneakerz_pipeline' retrieved from /opt/airflow/dags/sneakerz_pipeline.py
[2026-05-10T19:42:29.849+0000] {logging_mixin.py:188} INFO - [2026-05-10T19:42:29.848+0000] {dag.py:3096} INFO - Sync 1 DAGs
[2026-05-10T19:42:29.881+0000] {logging_mixin.py:188} INFO - [2026-05-10T19:42:29.881+0000] {dag.py:3954} INFO - Setting next_dagrun for sneakerz_pipeline to 2026-05-10 19:00:00+00:00, run_after=2026-05-10 20:00:00+00:00
[2026-05-10T19:42:29.911+0000] {processor.py:183} INFO - Processing /opt/airflow/dags/sneakerz_pipeline.py took 0.157 seconds
[2026-05-10T19:43:00.159+0000] {processor.py:161} INFO - Started process (PID=282) to work on /opt/airflow/dags/sneakerz_pipeline.py
[2026-05-10T19:43:00.161+0000] {processor.py:830} INFO - Processing file /opt/airflow/dags/sneakerz_pipeline.py for tasks to queue
[2026-05-10T19:43:00.164+0000] {logging_mixin.py:188} INFO - [2026-05-10T19:43:00.163+0000] {dagbag.py:540} INFO - Filling up the DagBag from /opt/airflow/dags/sneakerz_pipeline.py
[2026-05-10T19:43:00.204+0000] {processor.py:840} INFO - DAG(s) 'sneakerz_pipeline' retrieved from /opt/airflow/dags/sneakerz_pipeline.py
[2026-05-10T19:43:00.258+0000] {logging_mixin.py:188} INFO - [2026-05-10T19:43:00.258+0000] {dag.py:3096} INFO - Sync 1 DAGs
[2026-05-10T19:43:00.294+0000] {logging_mixin.py:188} INFO - [2026-05-10T19:43:00.294+0000] {dag.py:3954} INFO - Setting next_dagrun for sneakerz_pipeline to 2026-05-10 19:00:00+00:00, run_after=2026-05-10 20:00:00+00:00
[2026-05-10T19:43:00.327+0000] {processor.py:183} INFO - Processing /opt/airflow/dags/sneakerz_pipeline.py took 0.178 seconds
